Structure_ID,Num_Stories,Story_Height_m,Total_Height_m,Num_Bays_X,Num_Bays_Y,Bay_Width_X_m,Bay_Width_Y_m,Floor_Length_X_m,Floor_Length_Y_m,Floor_Area_m2,Column_Size_m,Column_Area_m2,Beam_Width_m,Beam_Depth_m,Beam_Area_m2,PGA_g,PGV_cm_per_s,PGD_cm,Arias_Intensity,Significant_Duration_s,Dominant_Frequency_Hz,Target_PGA_g,Input_Frequency_Hz,Total_Duration_s,Ground_Motion_ID,Fundamental_Period_s,Fundamental_Frequency_Hz,Damping_Ratio,Max_Roof_Displacement_mm,Max_Story_Drift,Max_Story_Drift_percent,Critical_Story,Peak_Roof_Acceleration_m_per_s2,Simulation_Success,Simulation_Time_Steps,Case,Simulation_Runtime_s,Magnitude_Mw
S001,8,3.8,30.4,4,3,4.0,4.5,16.0,13.5,216.0,0.65,0.4225,0.4,0.5,0.2,0.2,33.724749953208224,18.949065402570785,1.346504539859263,25.38,0.7790077900779008,0.2,1.0621780831931538,48.76785766024791,GM001,0.867431886798365,1.1528282683853546,0.05,84.57567707533974,0.0039554267634871,0.3955426763487137,3.0,5.130486607582872,True,4878,1,88.2646131515503,6.08
S001,8,3.8,30.4,4,3,4.0,4.5,16.0,13.5,216.0,0.65,0.4225,0.4,0.5,0.2,0.2,13.524132183148598,14.789498876160662,0.9208366620409144,21.98,2.8521391043282462,0.2,2.5142460490278933,39.95245644502771,GM002,0.867431886798365,1.1528282683853546,0.05,24.89187373834873,0.0011141526188806,0.11141526188806,4.0,4.73707331413208,True,3997,2,72.7251968383789,5.68
S001,8,3.8,30.4,4,3,4.0,4.5,16.0,13.5,216.0,0.65,0.4225,0.4,0.5,0.2,0.2,11.513141680876746,7.560542073809191,0.7826640027451861,11.06,3.1932093775262733,0.2,3.0757117330933914,24.728847742837488,GM003,0.867431886798365,1.1528282683853546,0.05,17.94421756376312,0.0008037783417316,0.0803778341731676,5.0,4.320228921292062,True,2474,3,48.77164340019226,5.32
S001,8,3.8,30.4,4,3,4.0,4.5,16.0,13.5,216.0,0.65,0.4225,0.4,0.5,0.2,0.2,6.672365414950108,6.719688458974504,0.8438217290766784,13.55,5.817068503635668,0.2,5.755012308403533,26.119346099127668,GM004,0.867431886798365,1.1528282683853546,0.05,2.1650278956290574,0.0002991947377774,0.0299194737777464,7.0,1.1252164628517791,True,2613,4,50.00416445732117,5.34
S001,8,3.8,30.4,4,3,4.0,4.5,16.0,13.5,216.0,0.65,0.4225,0.4,0.5,0.2,0.2,5.664267143843513,12.625830739792717,0.7212259538622585,13.420000000000002,7.066557107641742,0.2,6.636696742896389,24.32647834248529,GM005,0.867431886798365,1.1528282683853546,0.05,2.458966117810524,0.0002342801499417,0.0234280149941796,3.0,1.2185115548147585,True,2434,5,46.12920784950256,5.24
S001,8,3.8,30.4,4,3,4.0,4.5,16.0,13.5,216.0,0.65,0.4225,0.4,0.5,0.2,0.35,63.06773902376135,69.78490758023827,4.969633631354305,26.190000000000005,0.6795716639209225,0.35,0.8427860127280369,48.54687625368132,GM006,0.867431886798365,1.1528282683853546,0.05,71.9673998106699,0.0034657430726248,0.3465743072624873,2.0,3.1801329736834343,True,4856,6,86.73967576026917,6.75
S001,8,3.8,30.4,4,3,4.0,4.5,16.0,13.5,216.0,0.65,0.4225,0.4,0.5,0.2,0.35,31.18213548288276,13.423292753085295,3.5964036829916104,17.450000000000003,2.1102362204724407,0.35,1.8966419472757068,31.732860248912687,GM007,0.867431886798365,1.1528282683853546,0.05,147.47689140968947,0.0067153567159811,0.6715356715981121,3.0,15.317645748588255,True,3175,7,59.590394735336304,6.25
S001,8,3.8,30.4,4,3,4.0,4.5,16.0,13.5,216.0,0.65,0.4225,0.4,0.5,0.2,0.35,17.29928709321277,17.06516915375435,2.620342091896445,14.86,3.43839541547278,0.35,3.0275840474916667,31.39477081852495,GM008,0.867431886798365,1.1528282683853546,0.05,27.44500934213338,0.0013067318847247,0.130673188472475,5.0,7.582748344733121,True,3141,8,57.31234860420227,5.97
S001,8,3.8,30.4,4,3,4.0,4.5,16.0,13.5,216.0,0.65,0.4225,0.4,0.5,0.2,0.35,9.9961672381982,2.159835002951208,0.78163944801236,6.1,7.451564828614009,0.35,6.267985100144817,13.402087780712826,GM009,0.867431886798365,1.1528282683853546,0.05,7.805197085541054,0.0007747651483278,0.0774765148327819,6.0,4.604361766547025,True,1342,9,27.26619291305542,5.0
S001,8,3.8,30.4,4,3,4.0,4.5,16.0,13.5,216.0,0.65,0.4225,0.4,0.5,0.2,0.35,9.117930487349971,4.839859343819583,1.524764882114188,7.81,6.44361833952912,0.35,6.556380630993073,16.124252698347956,GM010,0.867431886798365,1.1528282683853546,0.05,5.163509206576539,0.0005744157238992,0.0574415723899279,6.0,4.132551692719725,True,1614,10,31.74710249900818,5.29
S001,8,3.8,30.4,4,3,4.0,4.5,16.0,13.5,216.0,0.65,0.4225,0.4,0.5,0.2,0.5,103.78646459524916,102.46376148457,10.301907051473773,24.64,0.7695423248278656,0.5,0.8249428817678108,49.3671464622098,GM011,0.867431886798365,1.1528282683853546,0.05,87.54939039263927,0.0042618470210061,0.4261847021006128,2.0,3.4428848283726503,True,4938,11,88.62650442123413,7.17
S001,8,3.8,30.4,4,3,4.0,4.5,16.0,13.5,216.0,0.65,0.4225,0.4,0.5,0.2,0.5,43.81133529558346,12.508231190577826,6.522782124023682,15.68,2.1181384248210025,0.5,1.7530074828421631,33.50141695516064,GM012,0.867431886798365,1.1528282683853546,0.05,196.90008557725005,0.00905772905179,0.905772905179004,3.0,21.94844638907904,True,3352,12,61.24947571754456,6.36
S001,8,3.8,30.4,4,3,4.0,4.5,16.0,13.5,216.0,0.65,0.4225,0.4,0.5,0.2,0.5,34.03908206278366,3.1295061607583845,2.746068006539613,10.64,2.182347235693501,0.5,2.9160861723349143,20.60583722265584,GM013,0.867431886798365,1.1528282683853546,0.05,58.36527193711366,0.0026006825817464,0.2600682581746427,4.0,10.914656777428672,True,2062,13,39.003185510635376,5.86
S001,8,3.8,30.4,4,3,4.0,4.5,16.0,13.5,216.0,0.65,0.4225,0.4,0.5,0.2,0.5,18.45533882580252,14.80201624834675,4.384404010019975,13.99,4.732510288065844,0.5,4.923044536737827,29.145557494343898,GM014,0.867431886798365,1.1528282683853546,0.05,16.521612913041192,0.0014075184653556,0.140751846535564,6.0,8.674930850043852,True,2916,14,66.34466242790222,5.95
S001,8,3.8,30.4,4,3,4.0,4.5,16.0,13.5,216.0,0.65,0.4225,0.4,0.5,0.2,0.5,19.24086715150233,12.420394041706963,2.841465779297746,12.25,9.361702127659576,0.5,7.245419023545791,23.4819579140368,GM015,0.867431886798365,1.1528282683853546,0.05,7.462422657798587,0.0005570429994318,0.055704299943187,2.0,5.114611337952057,True,2350,15,69.70401310920715,5.81
S001,8,3.8,30.4,4,3,4.0,4.5,16.0,13.5,216.0,0.65,0.4225,0.4,0.5,0.2,0.7,123.7595083309582,112.69968149869808,17.509930352017964,22.65,1.0585918266863614,0.7,1.0754391522554805,40.60105369611207,GM016,0.867431886798365,1.1528282683853546,0.05,278.81526858416674,0.013072475704939,1.3072475704939088,3.0,15.553016142236698,True,4062,16,83.31468939781189,7.46
S001,8,3.8,30.4,4,3,4.0,4.5,16.0,13.5,216.0,0.65,0.4225,0.4,0.5,0.2,0.7,64.59644568791263,16.74792888475344,16.036406651915282,11.260000000000002,2.025630425795783,0.7,2.1262265800410804,24.174389942525263,GM017,0.867431886798365,1.1528282683853546,0.05,233.5115047363645,0.0105945856939241,1.0594585693924126,3.0,27.783312168046976,True,2419,17,44.706953048706055,6.67
S001,8,3.8,30.4,4,3,4.0,4.5,16.0,13.5,216.0,0.65,0.4225,0.4,0.5,0.2,0.7,30.67798559089125,26.045018761285505,14.611557120426408,16.19,3.604923798358734,0.7,3.247999378380634,34.10290486983198,GM018,0.867431886798365,1.1528282683853546,0.05,29.81856941565989,0.0019920295230437,0.1992029523043762,6.0,15.207627253697858,True,3412,18,62.390803813934326,6.79
S001,8,3.8,30.4,4,3,4.0,4.5,16.0,13.5,216.0,0.65,0.4225,0.4,0.5,0.2,0.7,17.921335956137025,5.130317972579734,6.759252886649012,13.25,6.394664574342879,0.7,6.485260383358972,25.47662859177758,GM019,0.867431886798365,1.1528282683853546,0.05,5.890557520816972,0.0006369765616897,0.0636976561689762,7.0,6.952048650859474,True,2549,19,76.71659421920776,6.09
S001,8,3.8,30.4,4,3,4.0,4.5,16.0,13.5,216.0,0.65,0.4225,0.4,0.5,0.2,0.7,14.51176429983206,6.940468227237262,4.130353652872347,6.4,6.382978723404255,0.7,8.493225110568062,13.613849257253516,GM020,0.867431886798365,1.1528282683853546,0.05,5.485247025974677,0.0005404535809837,0.0540453580983733,3.0,4.109260065073872,True,1363,20,44.75173306465149,5.67
S002,15,3.0,45.0,3,2,6.0,5.0,18.0,10.0,180.0,0.65,0.4225,0.35,0.6,0.21,0.2,33.724749953208224,18.949065402570785,1.346504539859263,25.38,0.7790077900779008,0.2,1.0621780831931538,48.76785766024791,GM001,1.7987935968508004,0.5559281519295647,0.05,363.44675931648106,0.0115402957427909,1.1540295742790996,4.0,11.448934962343062,True,4878,21,115.33469533920288,6.08
S002,15,3.0,45.0,3,2,6.0,5.0,18.0,10.0,180.0,0.65,0.4225,0.35,0.6,0.21,0.2,13.524132183148598,14.789498876160662,0.9208366620409144,21.98,2.8521391043282462,0.2,2.5142460490278933,39.95245644502771,GM002,1.7987935968508004,0.5559281519295647,0.05,33.34661706068351,0.0011308871062816,0.1130887106281662,10.0,2.9709195467609124,True,3997,22,66.82093095779419,5.68
S002,15,3.0,45.0,3,2,6.0,5.0,18.0,10.0,180.0,0.65,0.4225,0.35,0.6,0.21,0.2,11.513141680876746,7.560542073809191,0.7826640027451861,11.06,3.1932093775262733,0.2,3.0757117330933914,24.728847742837488,GM003,1.7987935968508004,0.5559281519295647,0.05,11.530525837182656,0.0009299097510573,0.0929909751057356,11.0,2.5969134528626125,True,2474,23,38.862436056137085,5.32
S002,15,3.0,45.0,3,2,6.0,5.0,18.0,10.0,180.0,0.65,0.4225,0.35,0.6,0.21,0.2,6.672365414950108,6.719688458974504,0.8438217290766784,13.55,5.817068503635668,0.2,5.755012308403533,26.119346099127668,GM004,1.7987935968508004,0.5559281519295647,0.05,5.8154390679319405,0.0002857801997289,0.0285780199728908,3.0,2.6851434081843566,True,2613,24,40.03232645988464,5.34
S002,15,3.0,45.0,3,2,6.0,5.0,18.0,10.0,180.0,0.65,0.4225,0.35,0.6,0.21,0.2,5.664267143843513,12.625830739792717,0.7212259538622585,13.420000000000002,7.066557107641742,0.2,6.636696742896389,24.32647834248529,GM005,1.7987935968508004,0.5559281519295647,0.05,4.988062578871356,0.0001927671881959,0.0192767188195932,3.0,2.483279746245012,True,2434,25,37.79939675331116,5.24
S002,15,3.0,45.0,3,2,6.0,5.0,18.0,10.0,180.0,0.65,0.4225,0.35,0.6,0.21,0.35,63.06773902376135,69.78490758023827,4.969633631354305,26.190000000000005,0.6795716639209225,0.35,0.8427860127280369,48.54687625368132,GM006,1.7987935968508004,0.5559281519295647,0.05,524.0464699338744,0.016905026912182,1.6905026912182028,4.0,13.22170655665214,True,4856,26,99.6360685825348,6.75
S002,15,3.0,45.0,3,2,6.0,5.0,18.0,10.0,180.0,0.65,0.4225,0.35,0.6,0.21,0.35,31.18213548288276,13.423292753085295,3.5964036829916104,17.450000000000003,2.1102362204724407,0.35,1.8966419472757068,31.732860248912687,GM007,1.7987935968508004,0.5559281519295647,0.05,70.99012437738351,0.0024055961140973,0.24055961140973,9.0,7.665722216891409,True,3175,27,56.91728162765503,6.25
S002,15,3.0,45.0,3,2,6.0,5.0,18.0,10.0,180.0,0.65,0.4225,0.35,0.6,0.21,0.35,17.29928709321277,17.06516915375435,2.620342091896445,14.86,3.43839541547278,0.35,3.0275840474916667,31.39477081852495,GM008,1.7987935968508004,0.5559281519295647,0.05,19.24293006155561,0.0011093170890292,0.110931708902928,12.0,3.4832043445581693,True,3141,28,75.30177068710327,5.97
S002,15,3.0,45.0,3,2,6.0,5.0,18.0,10.0,180.0,0.65,0.4225,0.35,0.6,0.21,0.35,9.9961672381982,2.159835002951208,0.78163944801236,6.1,7.451564828614009,0.35,6.267985100144817,13.402087780712826,GM009,1.7987935968508004,0.5559281519295647,0.05,23.54485733667849,0.0009455305756608,0.0945530575660858,3.0,3.228578388229673,True,1342,29,38.474191188812256,5.0
S002,15,3.0,45.0,3,2,6.0,5.0,18.0,10.0,180.0,0.65,0.4225,0.35,0.6,0.21,0.35,9.117930487349971,4.839859343819583,1.524764882114188,7.81,6.44361833952912,0.35,6.556380630993073,16.124252698347956,GM010,1.7987935968508004,0.5559281519295647,0.05,7.03078454336374,0.0004102399715237,0.0410239971523732,3.0,4.270437741364416,True,1614,30,44.52446246147156,5.29
S002,15,3.0,45.0,3,2,6.0,5.0,18.0,10.0,180.0,0.65,0.4225,0.35,0.6,0.21,0.5,103.78646459524916,102.46376148457,10.301907051473773,24.64,0.7695423248278656,0.5,0.8249428817678108,49.3671464622098,GM011,1.7987935968508004,0.5559281519295647,0.05,620.7609341145727,0.0200268082197855,2.002680821978554,4.0,16.018989043330258,True,4938,31,72.70641827583313,7.17
S002,15,3.0,45.0,3,2,6.0,5.0,18.0,10.0,180.0,0.65,0.4225,0.35,0.6,0.21,0.5,43.81133529558346,12.508231190577826,6.522782124023682,15.68,2.1181384248210025,0.5,1.7530074828421631,33.50141695516064,GM012,1.7987935968508004,0.5559281519295647,0.05,78.85251406551876,0.0029578806715786,0.2957880671578617,10.0,10.099783032505457,True,3352,32,49.953943490982056,6.36
S002,15,3.0,45.0,3,2,6.0,5.0,18.0,10.0,180.0,0.65,0.4225,0.35,0.6,0.21,0.5,34.03908206278366,3.1295061607583845,2.746068006539613,10.64,2.182347235693501,0.5,2.9160861723349143,20.60583722265584,GM013,1.7987935968508004,0.5559281519295647,0.05,61.02801515625612,0.0026887924439831,0.2688792443983122,10.0,9.45949367575574,True,2062,33,32.738479137420654,5.86
S002,15,3.0,45.0,3,2,6.0,5.0,18.0,10.0,180.0,0.65,0.4225,0.35,0.6,0.21,0.5,18.45533882580252,14.80201624834675,4.384404010019975,13.99,4.732510288065844,0.5,4.923044536737827,29.145557494343898,GM014,1.7987935968508004,0.5559281519295647,0.05,31.31768798476313,0.001700329787885,0.170032978788505,3.0,5.109263506014841,True,2916,34,44.17376637458801,5.95
S002,15,3.0,45.0,3,2,6.0,5.0,18.0,10.0,180.0,0.65,0.4225,0.35,0.6,0.21,0.5,19.24086715150233,12.420394041706963,2.841465779297746,12.25,9.361702127659576,0.5,7.245419023545791,23.4819579140368,GM015,1.7987935968508004,0.5559281519295647,0.05,33.41847809978875,0.0013103807061218,0.1310380706121864,3.0,5.23944234414841,True,2350,35,36.64401483535767,5.81
S002,15,3.0,45.0,3,2,6.0,5.0,18.0,10.0,180.0,0.65,0.4225,0.35,0.6,0.21,0.7,123.7595083309582,112.69968149869808,17.509930352017964,22.65,1.0585918266863614,0.7,1.0754391522554805,40.60105369611207,GM016,1.7987935968508004,0.5559281519295647,0.05,755.370001176118,0.0233388124295011,2.3338812429501115,5.0,30.26145119756419,True,4062,36,58.86892247200012,7.46
S002,15,3.0,45.0,3,2,6.0,5.0,18.0,10.0,180.0,0.65,0.4225,0.35,0.6,0.21,0.7,64.59644568791263,16.74792888475344,16.036406651915282,11.260000000000002,2.025630425795783,0.7,2.1262265800410804,24.174389942525263,GM017,1.7987935968508004,0.5559281519295647,0.05,120.1537343583532,0.0053658123953677,0.5365812395367708,10.0,16.364743023442635,True,2419,37,39.18290686607361,6.67
S002,15,3.0,45.0,3,2,6.0,5.0,18.0,10.0,180.0,0.65,0.4225,0.35,0.6,0.21,0.7,30.67798559089125,26.045018761285505,14.611557120426408,16.19,3.604923798358734,0.7,3.247999378380634,34.10290486983198,GM018,1.7987935968508004,0.5559281519295647,0.05,15.246835324359472,0.0017492796337195,0.1749279633719592,12.0,4.521933870601431,True,3412,38,51.542717695236206,6.79
S002,15,3.0,45.0,3,2,6.0,5.0,18.0,10.0,180.0,0.65,0.4225,0.35,0.6,0.21,0.7,17.921335956137025,5.130317972579734,6.759252886649012,13.25,6.394664574342879,0.7,6.485260383358972,25.47662859177758,GM019,1.7987935968508004,0.5559281519295647,0.05,8.868917147829999,0.0005714202122129,0.0571420212212943,2.0,6.375850109527787,True,2549,39,39.39157152175903,6.09
S002,15,3.0,45.0,3,2,6.0,5.0,18.0,10.0,180.0,0.65,0.4225,0.35,0.6,0.21,0.7,14.51176429983206,6.940468227237262,4.130353652872347,6.4,6.382978723404255,0.7,8.493225110568062,13.613849257253516,GM020,1.7987935968508004,0.5559281519295647,0.05,9.12863583204782,0.0005299278441263,0.0529927844126379,2.0,7.720408202282284,True,1363,40,24.24090480804444,5.67
S003,7,3.8,26.6,3,3,6.0,4.5,18.0,13.5,243.0,0.65,0.4225,0.35,0.4,0.1399999999999999,0.2,33.724749953208224,18.949065402570785,1.346504539859263,25.38,0.7790077900779008,0.2,1.0621780831931538,48.76785766024791,GM001,1.0751236843905163,0.9301255423155302,0.05,265.86051176390566,0.0134942090071611,1.3494209007161186,3.0,9.70858580589901,True,4878,41,74.54348230361938,6.08
S003,7,3.8,26.6,3,3,6.0,4.5,18.0,13.5,243.0,0.65,0.4225,0.35,0.4,0.1399999999999999,0.2,13.524132183148598,14.789498876160662,0.9208366620409144,21.98,2.8521391043282462,0.2,2.5142460490278933,39.95245644502771,GM002,1.0751236843905163,0.9301255423155302,0.05,39.76324895172372,0.0021677683148251,0.2167768314825104,5.0,4.876537583176199,True,3997,42,43.4931697845459,5.68
S003,7,3.8,26.6,3,3,6.0,4.5,18.0,13.5,243.0,0.65,0.4225,0.35,0.4,0.1399999999999999,0.2,11.513141680876746,7.560542073809191,0.7826640027451861,11.06,3.1932093775262733,0.2,3.0757117330933914,24.728847742837488,GM003,1.0751236843905163,0.9301255423155302,0.05,16.325677213000244,0.0017830062546035,0.178300625460354,6.0,4.657120994880389,True,2474,43,27.45515465736389,5.32
S003,7,3.8,26.6,3,3,6.0,4.5,18.0,13.5,243.0,0.65,0.4225,0.35,0.4,0.1399999999999999,0.2,6.672365414950108,6.719688458974504,0.8438217290766784,13.55,5.817068503635668,0.2,5.755012308403533,26.119346099127668,GM004,1.0751236843905163,0.9301255423155302,0.05,4.8315160042722844,0.000443768294612,0.0443768294612037,7.0,1.3253691069639608,True,2613,44,31.627317905426025,5.34
S003,7,3.8,26.6,3,3,6.0,4.5,18.0,13.5,243.0,0.65,0.4225,0.35,0.4,0.1399999999999999,0.2,5.664267143843513,12.625830739792717,0.7212259538622585,13.420000000000002,7.066557107641742,0.2,6.636696742896389,24.32647834248529,GM005,1.0751236843905163,0.9301255423155302,0.05,4.646098440530501,0.0002995121542423,0.0299512154242356,7.0,2.1005793927373206,True,2434,45,26.81042981147766,5.24
S003,7,3.8,26.6,3,3,6.0,4.5,18.0,13.5,243.0,0.65,0.4225,0.35,0.4,0.1399999999999999,0.35,63.06773902376135,69.78490758023827,4.969633631354305,26.190000000000005,0.6795716639209225,0.35,0.8427860127280369,48.54687625368132,GM006,1.0751236843905163,0.9301255423155302,0.05,325.7930723369801,0.0167599955512045,1.6759995551204523,3.0,9.234654650696816,True,4856,46,52.21767520904541,6.75
S003,7,3.8,26.6,3,3,6.0,4.5,18.0,13.5,243.0,0.65,0.4225,0.35,0.4,0.1399999999999999,0.35,31.18213548288276,13.423292753085295,3.5964036829916104,17.450000000000003,2.1102362204724407,0.35,1.8966419472757068,31.732860248912687,GM007,1.0751236843905163,0.9301255423155302,0.05,77.84390941823705,0.0039721964635731,0.397219646357316,4.0,7.348086551841748,True,3175,47,36.68632245063782,6.25
S003,7,3.8,26.6,3,3,6.0,4.5,18.0,13.5,243.0,0.65,0.4225,0.35,0.4,0.1399999999999999,0.35,17.29928709321277,17.06516915375435,2.620342091896445,14.86,3.43839541547278,0.35,3.0275840474916667,31.39477081852495,GM008,1.0751236843905163,0.9301255423155302,0.05,21.02613890618986,0.0022920102842091,0.22920102842091,6.0,5.783602236141703,True,3141,48,34.50391459465027,5.97
S003,7,3.8,26.6,3,3,6.0,4.5,18.0,13.5,243.0,0.65,0.4225,0.35,0.4,0.1399999999999999,0.35,9.9961672381982,2.159835002951208,0.78163944801236,6.1,7.451564828614009,0.35,6.267985100144817,13.402087780712826,GM009,1.0751236843905163,0.9301255423155302,0.05,17.39770111685489,0.001115465885758,0.1115465885758057,3.0,2.250681230725353,True,1342,49,15.157133102416992,5.0
S003,7,3.8,26.6,3,3,6.0,4.5,18.0,13.5,243.0,0.65,0.4225,0.35,0.4,0.1399999999999999,0.35,9.117930487349971,4.839859343819583,1.524764882114188,7.81,6.44361833952912,0.35,6.556380630993073,16.124252698347956,GM010,1.0751236843905163,0.9301255423155302,0.05,7.427368799448999,0.0006557421750894,0.0655742175089478,7.0,3.2806995170523265,True,1614,50,17.633102893829346,5.29
S003,7,3.8,26.6,3,3,6.0,4.5,18.0,13.5,243.0,0.65,0.4225,0.35,0.4,0.1399999999999999,0.5,103.78646459524916,102.46376148457,10.301907051473773,24.64,0.7695423248278656,0.5,0.8249428817678108,49.3671464622098,GM011,1.0751236843905163,0.9301255423155302,0.05,484.81551463092313,0.0249990777047932,2.499907770479329,3.0,15.146549218969826,True,4938,51,52.08261799812317,7.17
S003,7,3.8,26.6,3,3,6.0,4.5,18.0,13.5,243.0,0.65,0.4225,0.35,0.4,0.1399999999999999,0.5,43.81133529558346,12.508231190577826,6.522782124023682,15.68,2.1181384248210025,0.5,1.7530074828421631,33.50141695516064,GM012,1.0751236843905163,0.9301255423155302,0.05,85.30181946501504,0.0043406273563313,0.4340627356331391,5.0,10.05742807558596,True,3352,52,36.10245203971863,6.36
S003,7,3.8,26.6,3,3,6.0,4.5,18.0,13.5,243.0,0.65,0.4225,0.35,0.4,0.1399999999999999,0.5,34.03908206278366,3.1295061607583845,2.746068006539613,10.64,2.182347235693501,0.5,2.9160861723349143,20.60583722265584,GM013,1.0751236843905163,0.9301255423155302,0.05,65.67588346899997,0.0037378411974221,0.3737841197422136,5.0,9.680967126011208,True,2062,53,23.34699034690857,5.86
S003,7,3.8,26.6,3,3,6.0,4.5,18.0,13.5,243.0,0.65,0.4225,0.35,0.4,0.1399999999999999,0.5,18.45533882580252,14.80201624834675,4.384404010019975,13.99,4.732510288065844,0.5,4.923044536737827,29.145557494343898,GM014,1.0751236843905163,0.9301255423155302,0.05,22.78272470267355,0.0015512613276598,0.1551261327659832,3.0,4.127931022120707,True,2916,54,32.04611849784851,5.95
S003,7,3.8,26.6,3,3,6.0,4.5,18.0,13.5,243.0,0.65,0.4225,0.35,0.4,0.1399999999999999,0.5,19.24086715150233,12.420394041706963,2.841465779297746,12.25,9.361702127659576,0.5,7.245419023545791,23.4819579140368,GM015,1.0751236843905163,0.9301255423155302,0.05,23.75905036255885,0.0013308871275899,0.1330887127589927,3.0,5.8570122459998855,True,2350,55,25.924128532409668,5.81
S003,7,3.8,26.6,3,3,6.0,4.5,18.0,13.5,243.0,0.65,0.4225,0.35,0.4,0.1399999999999999,0.7,123.7595083309582,112.69968149869808,17.509930352017964,22.65,1.0585918266863614,0.7,1.0754391522554805,40.60105369611207,GM016,1.0751236843905163,0.9301255423155302,0.05,1177.0015894283451,0.0595476648581368,5.95476648581368,3.0,44.74930130940467,True,4062,56,43.20216608047485,7.46
S003,7,3.8,26.6,3,3,6.0,4.5,18.0,13.5,243.0,0.65,0.4225,0.35,0.4,0.1399999999999999,0.7,64.59644568791263,16.74792888475344,16.036406651915282,11.260000000000002,2.025630425795783,0.7,2.1262265800410804,24.174389942525263,GM017,1.0751236843905163,0.9301255423155302,0.05,126.04406257116544,0.0064797996797606,0.6479799679760602,4.0,15.806571040566002,True,2419,57,26.439804315567017,6.67
S003,7,3.8,26.6,3,3,6.0,4.5,18.0,13.5,243.0,0.65,0.4225,0.35,0.4,0.1399999999999999,0.7,30.67798559089125,26.045018761285505,14.611557120426408,16.19,3.604923798358734,0.7,3.247999378380634,34.10290486983198,GM018,1.0751236843905163,0.9301255423155302,0.05,21.80318965188331,0.0044294105500662,0.4429410550066248,6.0,9.28423128718024,True,3412,58,36.30244445800781,6.79
S003,7,3.8,26.6,3,3,6.0,4.5,18.0,13.5,243.0,0.65,0.4225,0.35,0.4,0.1399999999999999,0.7,17.921335956137025,5.130317972579734,6.759252886649012,13.25,6.394664574342879,0.7,6.485260383358972,25.47662859177758,GM019,1.0751236843905163,0.9301255423155302,0.05,7.185656353934204,0.0010012173254463,0.1001217325446332,7.0,6.876381101406251,True,2549,59,27.55775475502014,6.09
S003,7,3.8,26.6,3,3,6.0,4.5,18.0,13.5,243.0,0.65,0.4225,0.35,0.4,0.1399999999999999,0.7,14.51176429983206,6.940468227237262,4.130353652872347,6.4,6.382978723404255,0.7,8.493225110568062,13.613849257253516,GM020,1.0751236843905163,0.9301255423155302,0.05,7.418241821847408,0.0007357068176418,0.0735706817641851,7.0,7.814516861036251,True,1363,60,15.492501497268677,5.67
S004,10,3.8,38.0,3,2,4.5,6.0,13.5,12.0,162.0,0.65,0.4225,0.35,0.45,0.1575,0.2,33.724749953208224,18.949065402570785,1.346504539859263,25.38,0.7790077900779008,0.2,1.0621780831931538,48.76785766024791,GM001,1.965299331101108,0.5088283419094866,0.05,332.93785068926405,0.0122268876264646,1.2226887626464689,4.0,8.429382901407262,True,4878,61,42.94310212135315,6.08
S004,10,3.8,38.0,3,2,4.5,6.0,13.5,12.0,162.0,0.65,0.4225,0.35,0.45,0.1575,0.2,13.524132183148598,14.789498876160662,0.9208366620409144,21.98,2.8521391043282462,0.2,2.5142460490278933,39.95245644502771,GM002,1.965299331101108,0.5088283419094866,0.05,22.11324794199687,0.0012768087948553,0.1276808794855385,8.0,2.3886762820153207,True,3997,62,35.88426375389099,5.68
S004,10,3.8,38.0,3,2,4.5,6.0,13.5,12.0,162.0,0.65,0.4225,0.35,0.45,0.1575,0.2,11.513141680876746,7.560542073809191,0.7826640027451861,11.06,3.1932093775262733,0.2,3.0757117330933914,24.728847742837488,GM003,1.965299331101108,0.5088283419094866,0.05,7.473685078156119,0.0008569081652653,0.0856908165265386,3.0,1.5405141476201127,True,2474,63,22.6727147102356,5.32
S004,10,3.8,38.0,3,2,4.5,6.0,13.5,12.0,162.0,0.65,0.4225,0.35,0.45,0.1575,0.2,6.672365414950108,6.719688458974504,0.8438217290766784,13.55,5.817068503635668,0.2,5.755012308403533,26.119346099127668,GM004,1.965299331101108,0.5088283419094866,0.05,6.152183587690473,0.000280196713625,0.0280196713625013,2.0,2.455372299541614,True,2613,64,24.92511630058289,5.34
S004,10,3.8,38.0,3,2,4.5,6.0,13.5,12.0,162.0,0.65,0.4225,0.35,0.45,0.1575,0.2,5.664267143843513,12.625830739792717,0.7212259538622585,13.420000000000002,7.066557107641742,0.2,6.636696742896389,24.32647834248529,GM005,1.965299331101108,0.5088283419094866,0.05,6.012327553290872,0.0002384020145282,0.023840201452827,3.0,2.3423666592145955,True,2434,65,22.392611742019653,5.24
S004,10,3.8,38.0,3,2,4.5,6.0,13.5,12.0,162.0,0.65,0.4225,0.35,0.45,0.1575,0.35,63.06773902376135,69.78490758023827,4.969633631354305,26.190000000000005,0.6795716639209225,0.35,0.8427860127280369,48.54687625368132,GM006,1.965299331101108,0.5088283419094866,0.05,743.3064322586232,0.0276297052759823,2.7629705275982386,3.0,14.988520458904464,True,4856,66,44.071457386016846,6.75
S004,10,3.8,38.0,3,2,4.5,6.0,13.5,12.0,162.0,0.65,0.4225,0.35,0.45,0.1575,0.35,31.18213548288276,13.423292753085295,3.5964036829916104,17.450000000000003,2.1102362204724407,0.35,1.8966419472757068,31.732860248912687,GM007,1.965299331101108,0.5088283419094866,0.05,64.62073269127852,0.0036476867990554,0.364768679905544,7.0,7.694419768157436,True,3175,67,29.123119831085205,6.25
S004,10,3.8,38.0,3,2,4.5,6.0,13.5,12.0,162.0,0.65,0.4225,0.35,0.45,0.1575,0.35,17.29928709321277,17.06516915375435,2.620342091896445,14.86,3.43839541547278,0.35,3.0275840474916667,31.39477081852495,GM008,1.965299331101108,0.5088283419094866,0.05,17.86413008029745,0.0015540242587604,0.1554024258760492,8.0,3.35071001695821,True,3141,68,28.761669874191284,5.97
S004,10,3.8,38.0,3,2,4.5,6.0,13.5,12.0,162.0,0.65,0.4225,0.35,0.45,0.1575,0.35,9.9961672381982,2.159835002951208,0.78163944801236,6.1,7.451564828614009,0.35,6.267985100144817,13.402087780712826,GM009,1.965299331101108,0.5088283419094866,0.05,32.86783756865975,0.0012079561725859,0.1207956172585905,3.0,3.4868610391158747,True,1342,69,12.852239608764648,5.0
S004,10,3.8,38.0,3,2,4.5,6.0,13.5,12.0,162.0,0.65,0.4225,0.35,0.45,0.1575,0.35,9.117930487349971,4.839859343819583,1.524764882114188,7.81,6.44361833952912,0.35,6.556380630993073,16.124252698347956,GM010,1.965299331101108,0.5088283419094866,0.05,4.704532840550508,0.0003971430880141,0.0397143088014146,2.0,4.135922206317384,True,1614,70,15.87949824333191,5.29
S004,10,3.8,38.0,3,2,4.5,6.0,13.5,12.0,162.0,0.65,0.4225,0.35,0.45,0.1575,0.5,103.78646459524916,102.46376148457,10.301907051473773,24.64,0.7695423248278656,0.5,0.8249428817678108,49.3671464622098,GM011,1.965299331101108,0.5088283419094866,0.05,1180.4610758853196,0.0434054378628476,4.340543786284768,4.0,26.620820745463632,True,4938,71,44.22034811973572,7.17
S004,10,3.8,38.0,3,2,4.5,6.0,13.5,12.0,162.0,0.65,0.4225,0.35,0.45,0.1575,0.5,43.81133529558346,12.508231190577826,6.522782124023682,15.68,2.1181384248210025,0.5,1.7530074828421631,33.50141695516064,GM012,1.965299331101108,0.5088283419094866,0.05,88.87846319550079,0.0049759341413811,0.4975934141381182,7.0,10.94484777494375,True,3352,72,30.53293466567993,6.36
S004,10,3.8,38.0,3,2,4.5,6.0,13.5,12.0,162.0,0.65,0.4225,0.35,0.45,0.1575,0.5,34.03908206278366,3.1295061607583845,2.746068006539613,10.64,2.182347235693501,0.5,2.9160861723349143,20.60583722265584,GM013,1.965299331101108,0.5088283419094866,0.05,58.011376523884906,0.0038092341115327,0.3809234111532761,8.0,8.359607069321099,True,2062,73,19.020549297332764,5.86
S004,10,3.8,38.0,3,2,4.5,6.0,13.5,12.0,162.0,0.65,0.4225,0.35,0.45,0.1575,0.5,18.45533882580252,14.80201624834675,4.384404010019975,13.99,4.732510288065844,0.5,4.923044536737827,29.145557494343898,GM014,1.965299331101108,0.5088283419094866,0.05,67.43235474762811,0.0029309467856785,0.293094678567859,3.0,6.050187559432609,True,2916,74,27.083266735076904,5.95
S004,10,3.8,38.0,3,2,4.5,6.0,13.5,12.0,162.0,0.65,0.4225,0.35,0.45,0.1575,0.5,19.24086715150233,12.420394041706963,2.841465779297746,12.25,9.361702127659576,0.5,7.245419023545791,23.4819579140368,GM015,1.965299331101108,0.5088283419094866,0.05,85.0233526842172,0.0032260757303598,0.322607573035982,3.0,4.970760789894958,True,2350,75,21.79660129547119,5.81
S004,10,3.8,38.0,3,2,4.5,6.0,13.5,12.0,162.0,0.65,0.4225,0.35,0.45,0.1575,0.7,123.7595083309582,112.69968149869808,17.509930352017964,22.65,1.0585918266863614,0.7,1.0754391522554805,40.60105369611207,GM016,1.965299331101108,0.5088283419094866,0.05,419.39036224058776,0.0151681100814831,1.5168110081483113,4.0,16.703354088350157,True,4062,76,36.84763860702515,7.46
S004,10,3.8,38.0,3,2,4.5,6.0,13.5,12.0,162.0,0.65,0.4225,0.35,0.45,0.1575,0.7,64.59644568791263,16.74792888475344,16.036406651915282,11.260000000000002,2.025630425795783,0.7,2.1262265800410804,24.174389942525263,GM017,1.965299331101108,0.5088283419094866,0.05,117.6444742828145,0.0069893820048371,0.6989382004837134,8.0,15.166741879415696,True,2419,77,22.332438707351685,6.67
S004,10,3.8,38.0,3,2,4.5,6.0,13.5,12.0,162.0,0.65,0.4225,0.35,0.45,0.1575,0.7,30.67798559089125,26.045018761285505,14.611557120426408,16.19,3.604923798358734,0.7,3.247999378380634,34.10290486983198,GM018,1.965299331101108,0.5088283419094866,0.05,14.690992096803276,0.00188775713725,0.1887757137250044,4.0,4.097556518056872,True,3412,78,30.69225645065308,6.79
S004,10,3.8,38.0,3,2,4.5,6.0,13.5,12.0,162.0,0.65,0.4225,0.35,0.45,0.1575,0.7,17.921335956137025,5.130317972579734,6.759252886649012,13.25,6.394664574342879,0.7,6.485260383358972,25.47662859177758,GM019,1.965299331101108,0.5088283419094866,0.05,8.387334336759698,0.00063980755692,0.0639807556920056,2.0,6.591527521987044,True,2549,79,23.806561946868896,6.09
S004,10,3.8,38.0,3,2,4.5,6.0,13.5,12.0,162.0,0.65,0.4225,0.35,0.45,0.1575,0.7,14.51176429983206,6.940468227237262,4.130353652872347,6.4,6.382978723404255,0.7,8.493225110568062,13.613849257253516,GM020,1.965299331101108,0.5088283419094866,0.05,15.980245611264507,0.0006146644390895,0.0614664439089523,4.0,7.527720800900018,True,1363,80,13.204619407653809,5.67
S005,10,3.2,32.0,2,4,5.5,4.0,11.0,16.0,176.0,0.4,0.16,0.25,0.45,0.1125,0.2,33.724749953208224,18.949065402570785,1.346504539859263,25.38,0.7790077900779008,0.2,1.0621780831931538,48.76785766024791,GM001,2.193075417300549,0.4559806708475614,0.05,163.0673683178245,0.0067967408738139,0.6796740873813902,5.0,4.9334862651197895,True,4878,81,61.46416020393372,6.08
S005,10,3.2,32.0,2,4,5.5,4.0,11.0,16.0,176.0,0.4,0.16,0.25,0.45,0.1125,0.2,13.524132183148598,14.789498876160662,0.9208366620409144,21.98,2.8521391043282462,0.2,2.5142460490278933,39.95245644502771,GM002,2.193075417300549,0.4559806708475614,0.05,15.020617745050972,0.0019122145982251,0.1912214598225113,8.0,1.9296910594653127,True,3997,82,49.2314248085022,5.68
S005,10,3.2,32.0,2,4,5.5,4.0,11.0,16.0,176.0,0.4,0.16,0.25,0.45,0.1125,0.2,11.513141680876746,7.560542073809191,0.7826640027451861,11.06,3.1932093775262733,0.2,3.0757117330933914,24.728847742837488,GM003,2.193075417300549,0.4559806708475614,0.05,6.646052293728308,0.0010600481033371,0.1060048103337165,4.0,1.743557201160472,True,2474,83,32.35765647888184,5.32
S005,10,3.2,32.0,2,4,5.5,4.0,11.0,16.0,176.0,0.4,0.16,0.25,0.45,0.1125,0.2,6.672365414950108,6.719688458974504,0.8438217290766784,13.55,5.817068503635668,0.2,5.755012308403533,26.119346099127668,GM004,2.193075417300549,0.4559806708475614,0.05,11.307657510842755,0.0005227263735097,0.0522726373509733,3.0,1.7477771316617332,True,2613,84,33.598468542099,5.34
S005,10,3.2,32.0,2,4,5.5,4.0,11.0,16.0,176.0,0.4,0.16,0.25,0.45,0.1125,0.2,5.664267143843513,12.625830739792717,0.7212259538622585,13.420000000000002,7.066557107641742,0.2,6.636696742896389,24.32647834248529,GM005,2.193075417300549,0.4559806708475614,0.05,6.175648974504401,0.0003541243131934,0.0354124313193499,2.0,1.7732202451106136,True,2434,85,31.603014945983887,5.24
S005,10,3.2,32.0,2,4,5.5,4.0,11.0,16.0,176.0,0.4,0.16,0.25,0.45,0.1125,0.35,63.06773902376135,69.78490758023827,4.969633631354305,26.190000000000005,0.6795716639209225,0.35,0.8427860127280369,48.54687625368132,GM006,2.193075417300549,0.4559806708475614,0.05,786.900662840963,0.0338391544040973,3.383915440409736,3.0,14.401045868221887,True,4856,86,58.60989499092102,6.75
S005,10,3.2,32.0,2,4,5.5,4.0,11.0,16.0,176.0,0.4,0.16,0.25,0.45,0.1125,0.35,31.18213548288276,13.423292753085295,3.5964036829916104,17.450000000000003,2.1102362204724407,0.35,1.8966419472757068,31.732860248912687,GM007,2.193075417300549,0.4559806708475614,0.05,56.30598734852811,0.0046452576389415,0.4645257638941534,8.0,5.053937367099131,True,3175,87,39.86616659164429,6.25
S005,10,3.2,32.0,2,4,5.5,4.0,11.0,16.0,176.0,0.4,0.16,0.25,0.45,0.1125,0.35,17.29928709321277,17.06516915375435,2.620342091896445,14.86,3.43839541547278,0.35,3.0275840474916667,31.39477081852495,GM008,2.193075417300549,0.4559806708475614,0.05,17.141399979317036,0.0025034769670894,0.2503476967089477,2.0,4.152384033096342,True,3141,88,39.69423484802246,5.97
S005,10,3.2,32.0,2,4,5.5,4.0,11.0,16.0,176.0,0.4,0.16,0.25,0.45,0.1125,0.35,9.9961672381982,2.159835002951208,0.78163944801236,6.1,7.451564828614009,0.35,6.267985100144817,13.402087780712826,GM009,2.193075417300549,0.4559806708475614,0.05,22.04749555286563,0.0011925634233528,0.1192563423352844,2.0,3.505284427830248,True,1342,89,18.94606995582581,5.0
S005,10,3.2,32.0,2,4,5.5,4.0,11.0,16.0,176.0,0.4,0.16,0.25,0.45,0.1125,0.35,9.117930487349971,4.839859343819583,1.524764882114188,7.81,6.44361833952912,0.35,6.556380630993073,16.124252698347956,GM010,2.193075417300549,0.4559806708475614,0.05,7.737297264810583,0.0006428219899513,0.0642821989951312,2.0,3.326155509562214,True,1614,90,22.362937450408936,5.29
S005,10,3.2,32.0,2,4,5.5,4.0,11.0,16.0,176.0,0.4,0.16,0.25,0.45,0.1125,0.5,103.78646459524916,102.46376148457,10.301907051473773,24.64,0.7695423248278656,0.5,0.8249428817678108,49.3671464622098,GM011,2.193075417300549,0.4559806708475614,0.05,886.1444148479635,0.0393587990871085,3.935879908710856,3.0,13.875655986636865,True,4938,91,59.50936841964722,7.17
S005,10,3.2,32.0,2,4,5.5,4.0,11.0,16.0,176.0,0.4,0.16,0.25,0.45,0.1125,0.5,43.81133529558346,12.508231190577826,6.522782124023682,15.68,2.1181384248210025,0.5,1.7530074828421631,33.50141695516064,GM012,2.193075417300549,0.4559806708475614,0.05,134.32535975522293,0.009249337676808,0.9249337676808016,2.0,7.371982019244908,True,3352,92,42.57426428794861,6.36
S005,10,3.2,32.0,2,4,5.5,4.0,11.0,16.0,176.0,0.4,0.16,0.25,0.45,0.1125,0.5,34.03908206278366,3.1295061607583845,2.746068006539613,10.64,2.182347235693501,0.5,2.9160861723349143,20.60583722265584,GM013,2.193075417300549,0.4559806708475614,0.05,28.25304701707436,0.0048347697984936,0.4834769798493699,8.0,3.089407583102892,True,2062,93,26.58382534980774,5.86
S005,10,3.2,32.0,2,4,5.5,4.0,11.0,16.0,176.0,0.4,0.16,0.25,0.45,0.1125,0.5,18.45533882580252,14.80201624834675,4.384404010019975,13.99,4.732510288065844,0.5,4.923044536737827,29.145557494343898,GM014,2.193075417300549,0.4559806708475614,0.05,31.075007480504745,0.0021528148080738,0.2152814808073898,2.0,5.187049835628288,True,2916,94,36.999045610427856,5.95
S005,10,3.2,32.0,2,4,5.5,4.0,11.0,16.0,176.0,0.4,0.16,0.25,0.45,0.1125,0.5,19.24086715150233,12.420394041706963,2.841465779297746,12.25,9.361702127659576,0.5,7.245419023545791,23.4819579140368,GM015,2.193075417300549,0.4559806708475614,0.05,135.17652110840265,0.0061719669086129,0.6171966908612994,3.0,5.837465576626301,True,2350,95,30.28929877281189,5.81
S005,10,3.2,32.0,2,4,5.5,4.0,11.0,16.0,176.0,0.4,0.16,0.25,0.45,0.1125,0.7,123.7595083309582,112.69968149869808,17.509930352017964,22.65,1.0585918266863614,0.7,1.0754391522554805,40.60105369611207,GM016,2.193075417300549,0.4559806708475614,0.05,461.3388495738197,0.0193161603681291,1.93161603681292,5.0,14.780563472131998,True,4062,96,50.02497601509094,7.46
S005,10,3.2,32.0,2,4,5.5,4.0,11.0,16.0,176.0,0.4,0.16,0.25,0.45,0.1125,0.7,64.59644568791263,16.74792888475344,16.036406651915282,11.260000000000002,2.025630425795783,0.7,2.1262265800410804,24.174389942525263,GM017,2.193075417300549,0.4559806708475614,0.05,130.71903051492407,0.0136647930026619,1.3664793002661997,8.0,14.15444011447574,True,2419,97,31.37855863571167,6.67
S005,10,3.2,32.0,2,4,5.5,4.0,11.0,16.0,176.0,0.4,0.16,0.25,0.45,0.1125,0.7,30.67798559089125,26.045018761285505,14.611557120426408,16.19,3.604923798358734,0.7,3.247999378380634,34.10290486983198,GM018,2.193075417300549,0.4559806708475614,0.05,24.29645671175827,0.0030148313798115,0.3014831379811516,2.0,9.174851038203467,True,3412,98,42.51468992233277,6.79
S005,10,3.2,32.0,2,4,5.5,4.0,11.0,16.0,176.0,0.4,0.16,0.25,0.45,0.1125,0.7,17.921335956137025,5.130317972579734,6.759252886649012,13.25,6.394664574342879,0.7,6.485260383358972,25.47662859177758,GM019,2.193075417300549,0.4559806708475614,0.05,14.148762333639796,0.0009832100342055,0.0983210034205528,2.0,7.064848485815349,True,2549,99,33.63130331039429,6.09
S005,10,3.2,32.0,2,4,5.5,4.0,11.0,16.0,176.0,0.4,0.16,0.25,0.45,0.1125,0.7,14.51176429983206,6.940468227237262,4.130353652872347,6.4,6.382978723404255,0.7,8.493225110568062,13.613849257253516,GM020,2.193075417300549,0.4559806708475614,0.05,11.419462834101749,0.000751507679378,0.0751507679378002,2.0,6.685560136245663,True,1363,100,18.948909521102905,5.67
S006,12,3.0,36.0,3,3,6.0,5.5,18.0,16.5,297.0,0.6,0.36,0.35,0.6,0.21,0.2,33.724749953208224,18.949065402570785,1.346504539859263,25.38,0.7790077900779008,0.2,1.0621780831931538,48.76785766024791,GM001,1.4992845195550375,0.6669848097256303,0.05,192.890487080336,0.0076178959152931,0.7617895915293128,3.0,8.143835899412123,True,4878,101,97.07724905014038,6.08
S006,12,3.0,36.0,3,3,6.0,5.5,18.0,16.5,297.0,0.6,0.36,0.35,0.6,0.21,0.2,13.524132183148598,14.789498876160662,0.9208366620409144,21.98,2.8521391043282462,0.2,2.5142460490278933,39.95245644502771,GM002,1.4992845195550375,0.6669848097256303,0.05,33.54918630071472,0.0015625664713846,0.1562566471384641,2.0,4.047051426479473,True,3997,102,82.21877241134644,5.68
S006,12,3.0,36.0,3,3,6.0,5.5,18.0,16.5,297.0,0.6,0.36,0.35,0.6,0.21,0.2,11.513141680876746,7.560542073809191,0.7826640027451861,11.06,3.1932093775262733,0.2,3.0757117330933914,24.728847742837488,GM003,1.4992845195550375,0.6669848097256303,0.05,15.10136579842928,0.0012047033141746,0.1204703314174653,9.0,3.5817726548312554,True,2474,103,55.91445565223694,5.32
S006,12,3.0,36.0,3,3,6.0,5.5,18.0,16.5,297.0,0.6,0.36,0.35,0.6,0.21,0.2,6.672365414950108,6.719688458974504,0.8438217290766784,13.55,5.817068503635668,0.2,5.755012308403533,26.119346099127668,GM004,1.4992845195550375,0.6669848097256303,0.05,5.642206260099165,0.0003544654584918,0.0354465458491819,2.0,2.5413579667617285,True,2613,104,57.19314122200012,5.34
S006,12,3.0,36.0,3,3,6.0,5.5,18.0,16.5,297.0,0.6,0.36,0.35,0.6,0.21,0.2,5.664267143843513,12.625830739792717,0.7212259538622585,13.420000000000002,7.066557107641742,0.2,6.636696742896389,24.32647834248529,GM005,1.4992845195550375,0.6669848097256303,0.05,4.774260067541101,0.0002478424473042,0.024784244730421,2.0,2.57860402097684,True,2434,105,53.83468270301819,5.24
S006,12,3.0,36.0,3,3,6.0,5.5,18.0,16.5,297.0,0.6,0.36,0.35,0.6,0.21,0.35,63.06773902376135,69.78490758023827,4.969633631354305,26.190000000000005,0.6795716639209225,0.35,0.8427860127280369,48.54687625368132,GM006,1.4992845195550375,0.6669848097256303,0.05,269.5852919693796,0.0110707716501296,1.1070771650129667,3.0,8.137650153573672,True,4856,106,95.63150453567503,6.75
S006,12,3.0,36.0,3,3,6.0,5.5,18.0,16.5,297.0,0.6,0.36,0.35,0.6,0.21,0.35,31.18213548288276,13.423292753085295,3.5964036829916104,17.450000000000003,2.1102362204724407,0.35,1.8966419472757068,31.732860248912687,GM007,1.4992845195550375,0.6669848097256303,0.05,87.31656075195777,0.0032703481356183,0.3270348135618351,6.0,8.001367783994407,True,3175,107,66.91571378707886,6.25
S006,12,3.0,36.0,3,3,6.0,5.5,18.0,16.5,297.0,0.6,0.36,0.35,0.6,0.21,0.35,17.29928709321277,17.06516915375435,2.620342091896445,14.86,3.43839541547278,0.35,3.0275840474916667,31.39477081852495,GM008,1.4992845195550375,0.6669848097256303,0.05,19.027308373930698,0.0013770412280557,0.137704122805579,9.0,4.786614130753215,True,3141,108,67.65607237815857,5.97
S006,12,3.0,36.0,3,3,6.0,5.5,18.0,16.5,297.0,0.6,0.36,0.35,0.6,0.21,0.35,9.9961672381982,2.159835002951208,0.78163944801236,6.1,7.451564828614009,0.35,6.267985100144817,13.402087780712826,GM009,1.4992845195550375,0.6669848097256303,0.05,14.001258491119604,0.000917156850708,0.0917156850708063,4.0,2.472360212829042,True,1342,109,37.40324330329895,5.0
S006,12,3.0,36.0,3,3,6.0,5.5,18.0,16.5,297.0,0.6,0.36,0.35,0.6,0.21,0.35,9.117930487349971,4.839859343819583,1.524764882114188,7.81,6.44361833952912,0.35,6.556380630993073,16.124252698347956,GM010,1.4992845195550375,0.6669848097256303,0.05,5.867774996114561,0.0005429440076871,0.0542944007687117,2.0,4.281455777969193,True,1614,110,40.84892153739929,5.29
S006,12,3.0,36.0,3,3,6.0,5.5,18.0,16.5,297.0,0.6,0.36,0.35,0.6,0.21,0.5,103.78646459524916,102.46376148457,10.301907051473773,24.64,0.7695423248278656,0.5,0.8249428817678108,49.3671464622098,GM011,1.4992845195550375,0.6669848097256303,0.05,477.84770602876233,0.0194195555776847,1.9419555577684715,3.0,16.434193196445012,True,4938,111,98.12385416030884,7.17
S006,12,3.0,36.0,3,3,6.0,5.5,18.0,16.5,297.0,0.6,0.36,0.35,0.6,0.21,0.5,43.81133529558346,12.508231190577826,6.522782124023682,15.68,2.1181384248210025,0.5,1.7530074828421631,33.50141695516064,GM012,1.4992845195550375,0.6669848097256303,0.05,100.57612575944457,0.0037045415157041,0.3704541515704121,5.0,10.467766635656035,True,3352,112,97.07747602462769,6.36
S006,12,3.0,36.0,3,3,6.0,5.5,18.0,16.5,297.0,0.6,0.36,0.35,0.6,0.21,0.5,34.03908206278366,3.1295061607583845,2.746068006539613,10.64,2.182347235693501,0.5,2.9160861723349143,20.60583722265584,GM013,1.4992845195550375,0.6669848097256303,0.05,71.72045275104492,0.0030998770584185,0.309987705841856,7.0,10.447661216446566,True,2062,113,63.78253436088562,5.86
S006,12,3.0,36.0,3,3,6.0,5.5,18.0,16.5,297.0,0.6,0.36,0.35,0.6,0.21,0.5,18.45533882580252,14.80201624834675,4.384404010019975,13.99,4.732510288065844,0.5,4.923044536737827,29.145557494343898,GM014,1.4992845195550375,0.6669848097256303,0.05,17.58038600025312,0.0012154896504956,0.1215489650495641,3.0,4.312104012160196,True,2916,114,59.15361976623535,5.95
S006,12,3.0,36.0,3,3,6.0,5.5,18.0,16.5,297.0,0.6,0.36,0.35,0.6,0.21,0.5,19.24086715150233,12.420394041706963,2.841465779297746,12.25,9.361702127659576,0.5,7.245419023545791,23.4819579140368,GM015,1.4992845195550375,0.6669848097256303,0.05,19.408038009346427,0.0010046222542672,0.1004622254267255,2.0,5.154024461965817,True,2350,115,49.97947859764099,5.81
S006,12,3.0,36.0,3,3,6.0,5.5,18.0,16.5,297.0,0.6,0.36,0.35,0.6,0.21,0.7,123.7595083309582,112.69968149869808,17.509930352017964,22.65,1.0585918266863614,0.7,1.0754391522554805,40.60105369611207,GM016,1.4992845195550375,0.6669848097256303,0.05,1161.981691237174,0.0459833574944853,4.598335749448531,3.0,48.60635599434545,True,4062,116,78.30888390541077,7.46
S006,12,3.0,36.0,3,3,6.0,5.5,18.0,16.5,297.0,0.6,0.36,0.35,0.6,0.21,0.7,64.59644568791263,16.74792888475344,16.036406651915282,11.260000000000002,2.025630425795783,0.7,2.1262265800410804,24.174389942525263,GM017,1.4992845195550375,0.6669848097256303,0.05,130.36541136428693,0.0051546819079201,0.5154681907920139,5.0,16.406613754340135,True,2419,117,51.72003650665283,6.67
S006,12,3.0,36.0,3,3,6.0,5.5,18.0,16.5,297.0,0.6,0.36,0.35,0.6,0.21,0.7,30.67798559089125,26.045018761285505,14.611557120426408,16.19,3.604923798358734,0.7,3.247999378380634,34.10290486983198,GM018,1.4992845195550375,0.6669848097256303,0.05,17.62111249012231,0.0025368044240765,0.2536804424076506,3.0,6.743235803291747,True,3412,118,67.12680411338806,6.79
S006,12,3.0,36.0,3,3,6.0,5.5,18.0,16.5,297.0,0.6,0.36,0.35,0.6,0.21,0.7,17.921335956137025,5.130317972579734,6.759252886649012,13.25,6.394664574342879,0.7,6.485260383358972,25.47662859177758,GM019,1.4992845195550375,0.6669848097256303,0.05,6.381690123515531,0.0007205177622037,0.0720517762203708,2.0,7.145997461737927,True,2549,119,52.43863582611084,6.09
S006,12,3.0,36.0,3,3,6.0,5.5,18.0,16.5,297.0,0.6,0.36,0.35,0.6,0.21,0.7,14.51176429983206,6.940468227237262,4.130353652872347,6.4,6.382978723404255,0.7,8.493225110568062,13.613849257253516,GM020,1.4992845195550375,0.6669848097256303,0.05,6.8827098361014185,0.0006482671309992,0.0648267130999224,2.0,8.673061502762545,True,1363,120,34.72816610336304,5.67
S007,9,3.5,31.5,2,3,5.5,4.5,11.0,13.5,148.5,0.55,0.3025,0.25,0.5,0.125,0.2,33.724749953208224,18.949065402570785,1.346504539859263,25.38,0.7790077900779008,0.2,1.0621780831931538,48.76785766024791,GM001,1.9223285696538923,0.5202024335413409,0.05,399.5383412380851,0.0177685989490531,1.7768598949053145,3.0,11.007507982938725,True,4878,121,34.92043375968933,6.08
S007,9,3.5,31.5,2,3,5.5,4.5,11.0,13.5,148.5,0.55,0.3025,0.25,0.5,0.125,0.2,13.524132183148598,14.789498876160662,0.9208366620409144,21.98,2.8521391043282462,0.2,2.5142460490278933,39.95245644502771,GM002,1.9223285696538923,0.5202024335413409,0.05,27.713125847352813,0.0014662555798122,0.1466255579812209,6.0,2.659143875718543,True,3997,122,28.542810201644897,5.68
S007,9,3.5,31.5,2,3,5.5,4.5,11.0,13.5,148.5,0.55,0.3025,0.25,0.5,0.125,0.2,11.513141680876746,7.560542073809191,0.7826640027451861,11.06,3.1932093775262733,0.2,3.0757117330933914,24.728847742837488,GM003,1.9223285696538923,0.5202024335413409,0.05,9.140935218394496,0.0011014410584026,0.1101441058402695,7.0,1.9690323747187632,True,2474,123,18.68517160415649,5.32
S007,9,3.5,31.5,2,3,5.5,4.5,11.0,13.5,148.5,0.55,0.3025,0.25,0.5,0.125,0.2,6.672365414950108,6.719688458974504,0.8438217290766784,13.55,5.817068503635668,0.2,5.755012308403533,26.119346099127668,GM004,1.9223285696538923,0.5202024335413409,0.05,5.50675387881502,0.0003531822859564,0.0353182285956412,2.0,2.55616066638929,True,2613,124,18.90316152572632,5.34
S007,9,3.5,31.5,2,3,5.5,4.5,11.0,13.5,148.5,0.55,0.3025,0.25,0.5,0.125,0.2,5.664267143843513,12.625830739792717,0.7212259538622585,13.420000000000002,7.066557107641742,0.2,6.636696742896389,24.32647834248529,GM005,1.9223285696538923,0.5202024335413409,0.05,4.970913804059383,0.0002486116610607,0.0248611661060753,2.0,2.5025970144136784,True,2434,125,17.831929922103882,5.24
S007,9,3.5,31.5,2,3,5.5,4.5,11.0,13.5,148.5,0.55,0.3025,0.25,0.5,0.125,0.35,63.06773902376135,69.78490758023827,4.969633631354305,26.190000000000005,0.6795716639209225,0.35,0.8427860127280369,48.54687625368132,GM006,1.9223285696538923,0.5202024335413409,0.05,587.3783078738971,0.0266278990547551,2.6627899054755115,3.0,13.684707135727066,True,4856,126,34.330647706985474,6.75
S007,9,3.5,31.5,2,3,5.5,4.5,11.0,13.5,148.5,0.55,0.3025,0.25,0.5,0.125,0.35,31.18213548288276,13.423292753085295,3.5964036829916104,17.450000000000003,2.1102362204724407,0.35,1.8966419472757068,31.732860248912687,GM007,1.9223285696538923,0.5202024335413409,0.05,65.69203544834288,0.0035999597474457,0.3599959747445755,6.0,7.620791139754417,True,3175,127,23.45376205444336,6.25
S007,9,3.5,31.5,2,3,5.5,4.5,11.0,13.5,148.5,0.55,0.3025,0.25,0.5,0.125,0.35,17.29928709321277,17.06516915375435,2.620342091896445,14.86,3.43839541547278,0.35,3.0275840474916667,31.39477081852495,GM008,1.9223285696538923,0.5202024335413409,0.05,18.292221252662152,0.0016712600766432,0.1671260076643225,7.0,3.423080975401086,True,3141,128,22.59695315361023,5.97
S007,9,3.5,31.5,2,3,5.5,4.5,11.0,13.5,148.5,0.55,0.3025,0.25,0.5,0.125,0.35,9.9961672381982,2.159835002951208,0.78163944801236,6.1,7.451564828614009,0.35,6.267985100144817,13.402087780712826,GM009,1.9223285696538923,0.5202024335413409,0.05,32.18717221038428,0.0016095062871995,0.1609506287199568,3.0,3.3121298351756128,True,1342,129,10.242284297943115,5.0
S007,9,3.5,31.5,2,3,5.5,4.5,11.0,13.5,148.5,0.55,0.3025,0.25,0.5,0.125,0.35,9.117930487349971,4.839859343819583,1.524764882114188,7.81,6.44361833952912,0.35,6.556380630993073,16.124252698347956,GM010,1.9223285696538923,0.5202024335413409,0.05,4.9006571310198055,0.0005137064708681,0.0513706470868161,2.0,4.249393399887163,True,1614,130,12.180780172348022,5.29
S007,9,3.5,31.5,2,3,5.5,4.5,11.0,13.5,148.5,0.55,0.3025,0.25,0.5,0.125,0.5,103.78646459524916,102.46376148457,10.301907051473773,24.64,0.7695423248278656,0.5,0.8249428817678108,49.3671464622098,GM011,1.9223285696538923,0.5202024335413409,0.05,1198.1730985027198,0.054206485786832,5.420648578683205,3.0,29.26147704581708,True,4938,131,35.566349029541016,7.17
S007,9,3.5,31.5,2,3,5.5,4.5,11.0,13.5,148.5,0.55,0.3025,0.25,0.5,0.125,0.5,43.81133529558346,12.508231190577826,6.522782124023682,15.68,2.1181384248210025,0.5,1.7530074828421631,33.50141695516064,GM012,1.9223285696538923,0.5202024335413409,0.05,80.57268604573986,0.0046843545368655,0.4684354536865542,6.0,10.31925425914855,True,3352,132,23.693223476409912,6.36
S007,9,3.5,31.5,2,3,5.5,4.5,11.0,13.5,148.5,0.55,0.3025,0.25,0.5,0.125,0.5,34.03908206278366,3.1295061607583845,2.746068006539613,10.64,2.182347235693501,0.5,2.9160861723349143,20.60583722265584,GM013,1.9223285696538923,0.5202024335413409,0.05,56.016264141035016,0.0038328923958012,0.3832892395801235,7.0,8.425447523728968,True,2062,133,15.04691767692566,5.86
S007,9,3.5,31.5,2,3,5.5,4.5,11.0,13.5,148.5,0.55,0.3025,0.25,0.5,0.125,0.5,18.45533882580252,14.80201624834675,4.384404010019975,13.99,4.732510288065844,0.5,4.923044536737827,29.145557494343898,GM014,1.9223285696538923,0.5202024335413409,0.05,52.376127623122194,0.0029781784315206,0.2978178431520655,3.0,5.685713593264445,True,2916,134,20.78593111038208,5.95
S007,9,3.5,31.5,2,3,5.5,4.5,11.0,13.5,148.5,0.55,0.3025,0.25,0.5,0.125,0.5,19.24086715150233,12.420394041706963,2.841465779297746,12.25,9.361702127659576,0.5,7.245419023545791,23.4819579140368,GM015,1.9223285696538923,0.5202024335413409,0.05,55.54580638679695,0.0025898735907768,0.2589873590776863,3.0,5.025770093414762,True,2350,135,17.135547161102295,5.81
S007,9,3.5,31.5,2,3,5.5,4.5,11.0,13.5,148.5,0.55,0.3025,0.25,0.5,0.125,0.7,123.7595083309582,112.69968149869808,17.509930352017964,22.65,1.0585918266863614,0.7,1.0754391522554805,40.60105369611207,GM016,1.9223285696538923,0.5202024335413409,0.05,498.5141454009994,0.0218617742370275,2.186177423702751,4.0,20.603255236590808,True,4062,136,29.14151906967163,7.46
S007,9,3.5,31.5,2,3,5.5,4.5,11.0,13.5,148.5,0.55,0.3025,0.25,0.5,0.125,0.7,64.59644568791263,16.74792888475344,16.036406651915282,11.260000000000002,2.025630425795783,0.7,2.1262265800410804,24.174389942525263,GM017,1.9223285696538923,0.5202024335413409,0.05,113.16310758144522,0.0077258398628044,0.77258398628044,7.0,14.951905455750136,True,2419,137,17.78369164466858,6.67
S007,9,3.5,31.5,2,3,5.5,4.5,11.0,13.5,148.5,0.55,0.3025,0.25,0.5,0.125,0.7,30.67798559089125,26.045018761285505,14.611557120426408,16.19,3.604923798358734,0.7,3.247999378380634,34.10290486983198,GM018,1.9223285696538923,0.5202024335413409,0.05,14.425827503091377,0.0022055842512345,0.2205584251234534,8.0,3.7829272887168464,True,3412,138,24.49775218963623,6.79
S007,9,3.5,31.5,2,3,5.5,4.5,11.0,13.5,148.5,0.55,0.3025,0.25,0.5,0.125,0.7,17.921335956137025,5.130317972579734,6.759252886649012,13.25,6.394664574342879,0.7,6.485260383358972,25.47662859177758,GM019,1.9223285696538923,0.5202024335413409,0.05,8.837055355224248,0.000723233166943,0.0723233166943051,2.0,6.625900235241799,True,2549,139,18.29424452781677,6.09
S007,9,3.5,31.5,2,3,5.5,4.5,11.0,13.5,148.5,0.55,0.3025,0.25,0.5,0.125,0.7,14.51176429983206,6.940468227237262,4.130353652872347,6.4,6.382978723404255,0.7,8.493225110568062,13.613849257253516,GM020,1.9223285696538923,0.5202024335413409,0.05,11.73024169594922,0.0006520960055936,0.0652096005593666,2.0,7.8289548262648125,True,1363,140,10.480640888214111,5.67
S008,6,3.5,21.0,4,4,6.0,4.5,24.0,18.0,432.0,0.45,0.2025,0.35,0.45,0.1575,0.2,33.724749953208224,18.949065402570785,1.346504539859263,25.38,0.7790077900779008,0.2,1.0621780831931538,48.76785766024791,GM001,1.1415512881939098,0.8760009386719161,0.05,239.8608686995527,0.01593616736745,1.5936167367450085,2.0,8.94761005580826,True,4878,141,74.40347933769226,6.08
S008,6,3.5,21.0,4,4,6.0,4.5,24.0,18.0,432.0,0.45,0.2025,0.35,0.45,0.1575,0.2,13.524132183148598,14.789498876160662,0.9208366620409144,21.98,2.8521391043282462,0.2,2.5142460490278933,39.95245644502771,GM002,1.1415512881939098,0.8760009386719161,0.05,37.28064138047201,0.0028244833853103,0.2824483385310315,2.0,4.101723381816331,True,3997,142,94.66657543182372,5.68
S008,6,3.5,21.0,4,4,6.0,4.5,24.0,18.0,432.0,0.45,0.2025,0.35,0.45,0.1575,0.2,11.513141680876746,7.560542073809191,0.7826640027451861,11.06,3.1932093775262733,0.2,3.0757117330933914,24.728847742837488,GM003,1.1415512881939098,0.8760009386719161,0.05,14.474541779701228,0.0020965458687296,0.2096545868729692,5.0,3.3552863426134207,True,2474,143,61.82655072212219,5.32
S008,6,3.5,21.0,4,4,6.0,4.5,24.0,18.0,432.0,0.45,0.2025,0.35,0.45,0.1575,0.2,6.672365414950108,6.719688458974504,0.8438217290766784,13.55,5.817068503635668,0.2,5.755012308403533,26.119346099127668,GM004,1.1415512881939098,0.8760009386719161,0.05,5.111340886519908,0.000504830090381,0.0504830090381069,6.0,2.46250960005982,True,2613,144,41.55610537528992,5.34
S008,6,3.5,21.0,4,4,6.0,4.5,24.0,18.0,432.0,0.45,0.2025,0.35,0.45,0.1575,0.2,5.664267143843513,12.625830739792717,0.7212259538622585,13.420000000000002,7.066557107641742,0.2,6.636696742896389,24.32647834248529,GM005,1.1415512881939098,0.8760009386719161,0.05,4.377336406643482,0.0003393138711593,0.0339313871159383,3.0,2.5335648967817512,True,2434,145,38.60296058654785,5.24
S008,6,3.5,21.0,4,4,6.0,4.5,24.0,18.0,432.0,0.45,0.2025,0.35,0.45,0.1575,0.35,63.06773902376135,69.78490758023827,4.969633631354305,26.190000000000005,0.6795716639209225,0.35,0.8427860127280369,48.54687625368132,GM006,1.1415512881939098,0.8760009386719161,0.05,295.97003434155704,0.0201965863384743,2.01965863384744,2.0,8.307010859465143,True,4856,146,74.44232988357544,6.75
S008,6,3.5,21.0,4,4,6.0,4.5,24.0,18.0,432.0,0.45,0.2025,0.35,0.45,0.1575,0.35,31.18213548288276,13.423292753085295,3.5964036829916104,17.450000000000003,2.1102362204724407,0.35,1.8966419472757068,31.732860248912687,GM007,1.1415512881939098,0.8760009386719161,0.05,78.64466486000542,0.0049988775106518,0.4998877510651802,3.0,7.531435604157049,True,3175,147,49.80288743972778,6.25
S008,6,3.5,21.0,4,4,6.0,4.5,24.0,18.0,432.0,0.45,0.2025,0.35,0.45,0.1575,0.35,17.29928709321277,17.06516915375435,2.620342091896445,14.86,3.43839541547278,0.35,3.0275840474916667,31.39477081852495,GM008,1.1415512881939098,0.8760009386719161,0.05,17.962924759567773,0.0023513820325187,0.2351382032518799,5.0,4.419393108372295,True,3141,148,49.68702840805054,5.97
S008,6,3.5,21.0,4,4,6.0,4.5,24.0,18.0,432.0,0.45,0.2025,0.35,0.45,0.1575,0.35,9.9961672381982,2.159835002951208,0.78163944801236,6.1,7.451564828614009,0.35,6.267985100144817,13.402087780712826,GM009,1.1415512881939098,0.8760009386719161,0.05,16.103428825934106,0.001490908241018,0.1490908241018013,3.0,2.5229585725354875,True,1342,149,23.541869163513184,5.0
S008,6,3.5,21.0,4,4,6.0,4.5,24.0,18.0,432.0,0.45,0.2025,0.35,0.45,0.1575,0.35,9.117930487349971,4.839859343819583,1.524764882114188,7.81,6.44361833952912,0.35,6.556380630993073,16.124252698347956,GM010,1.1415512881939098,0.8760009386719161,0.05,6.973792873214806,0.0007148671487803,0.0714867148780346,1.0,4.13392630310589,True,1614,150,27.052550077438354,5.29
S008,6,3.5,21.0,4,4,6.0,4.5,24.0,18.0,432.0,0.45,0.2025,0.35,0.45,0.1575,0.5,103.78646459524916,102.46376148457,10.301907051473773,24.64,0.7695423248278656,0.5,0.8249428817678108,49.3671464622098,GM011,1.1415512881939098,0.8760009386719161,0.05,460.8873929580527,0.0315052908301237,3.1505290830123696,2.0,15.55811948456676,True,4938,151,76.41004848480225,7.17
S008,6,3.5,21.0,4,4,6.0,4.5,24.0,18.0,432.0,0.45,0.2025,0.35,0.45,0.1575,0.5,43.81133529558346,12.508231190577826,6.522782124023682,15.68,2.1181384248210025,0.5,1.7530074828421631,33.50141695516064,GM012,1.1415512881939098,0.8760009386719161,0.05,85.70114960236015,0.0055542492373401,0.5554249237340131,4.0,9.913999343760434,True,3352,152,52.5949809551239,6.36
S008,6,3.5,21.0,4,4,6.0,4.5,24.0,18.0,432.0,0.45,0.2025,0.35,0.45,0.1575,0.5,34.03908206278366,3.1295061607583845,2.746068006539613,10.64,2.182347235693501,0.5,2.9160861723349143,20.60583722265584,GM013,1.1415512881939098,0.8760009386719161,0.05,67.29883710840404,0.0051741677868128,0.5174167786812878,4.0,10.230524436263606,True,2062,153,34.00814867019653,5.86
S008,6,3.5,21.0,4,4,6.0,4.5,24.0,18.0,432.0,0.45,0.2025,0.35,0.45,0.1575,0.5,18.45533882580252,14.80201624834675,4.384404010019975,13.99,4.732510288065844,0.5,4.923044536737827,29.145557494343898,GM014,1.1415512881939098,0.8760009386719161,0.05,19.4203017705603,0.0021762508474672,0.2176250847467296,2.0,4.504650025614653,True,2916,154,46.130478620529175,5.95
S008,6,3.5,21.0,4,4,6.0,4.5,24.0,18.0,432.0,0.45,0.2025,0.35,0.45,0.1575,0.5,19.24086715150233,12.420394041706963,2.841465779297746,12.25,9.361702127659576,0.5,7.245419023545791,23.4819579140368,GM015,1.1415512881939098,0.8760009386719161,0.05,21.478044280061624,0.0017632858122823,0.1763285812282332,2.0,5.150803016997364,True,2350,155,37.78887629508972,5.81
S008,6,3.5,21.0,4,4,6.0,4.5,24.0,18.0,432.0,0.45,0.2025,0.35,0.45,0.1575,0.7,123.7595083309582,112.69968149869808,17.509930352017964,22.65,1.0585918266863614,0.7,1.0754391522554805,40.60105369611207,GM016,1.1415512881939098,0.8760009386719161,0.05,1142.0735586180065,0.0753765994483492,7.537659944834929,2.0,44.061434088017634,True,4062,156,62.06371188163757,7.46
S008,6,3.5,21.0,4,4,6.0,4.5,24.0,18.0,432.0,0.45,0.2025,0.35,0.45,0.1575,0.7,64.59644568791263,16.74792888475344,16.036406651915282,11.260000000000002,2.025630425795783,0.7,2.1262265800410804,24.174389942525263,GM017,1.1415512881939098,0.8760009386719161,0.05,120.00113431400234,0.008381178298753,0.8381178298753014,4.0,16.659817892386762,True,2419,157,38.87512683868408,6.67
S008,6,3.5,21.0,4,4,6.0,4.5,24.0,18.0,432.0,0.45,0.2025,0.35,0.45,0.1575,0.7,30.67798559089125,26.045018761285505,14.611557120426408,16.19,3.604923798358734,0.7,3.247999378380634,34.10290486983198,GM018,1.1415512881939098,0.8760009386719161,0.05,17.122163998379595,0.0039707507416528,0.3970750741652868,2.0,6.652470020208317,True,3412,158,53.13563656806946,6.79
S008,6,3.5,21.0,4,4,6.0,4.5,24.0,18.0,432.0,0.45,0.2025,0.35,0.45,0.1575,0.7,17.921335956137025,5.130317972579734,6.759252886649012,13.25,6.394664574342879,0.7,6.485260383358972,25.47662859177758,GM019,1.1415512881939098,0.8760009386719161,0.05,6.230655561325201,0.0010659217166309,0.1065921716630916,2.0,7.202581695197593,True,2549,159,40.66310358047485,6.09
S008,6,3.5,21.0,4,4,6.0,4.5,24.0,18.0,432.0,0.45,0.2025,0.35,0.45,0.1575,0.7,14.51176429983206,6.940468227237262,4.130353652872347,6.4,6.382978723404255,0.7,8.493225110568062,13.613849257253516,GM020,1.1415512881939098,0.8760009386719161,0.05,7.141175685386945,0.0008283793856538,0.082837938565385,1.0,8.496908138825617,True,1363,160,23.36757516860962,5.67
S009,10,3.8,38.0,2,2,5.0,5.0,10.0,10.0,100.0,0.45,0.2025,0.25,0.45,0.1125,0.2,33.724749953208224,18.949065402570785,1.346504539859263,25.38,0.7790077900779008,0.2,1.0621780831931538,48.76785766024791,GM001,2.7852925183004893,0.3590287172458902,0.05,165.2170521107798,0.0058154773850361,0.5815477385036116,5.0,4.898698538620658,True,4878,161,25.476973295211792,6.08
S009,10,3.8,38.0,2,2,5.0,5.0,10.0,10.0,100.0,0.45,0.2025,0.25,0.45,0.1125,0.2,13.524132183148598,14.789498876160662,0.9208366620409144,21.98,2.8521391043282462,0.2,2.5142460490278933,39.95245644502771,GM002,2.7852925183004893,0.3590287172458902,0.05,14.201312043017184,0.001482766790832,0.1482766790832045,8.0,1.7385705902885913,True,3997,162,20.725324153900143,5.68
S009,10,3.8,38.0,2,2,5.0,5.0,10.0,10.0,100.0,0.45,0.2025,0.25,0.45,0.1125,0.2,11.513141680876746,7.560542073809191,0.7826640027451861,11.06,3.1932093775262733,0.2,3.0757117330933914,24.728847742837488,GM003,2.7852925183004893,0.3590287172458902,0.05,7.645727848057671,0.000857576502891,0.085757650289108,4.0,1.743323231172348,True,2474,163,13.405438899993896,5.32
S009,10,3.8,38.0,2,2,5.0,5.0,10.0,10.0,100.0,0.45,0.2025,0.25,0.45,0.1125,0.2,6.672365414950108,6.719688458974504,0.8438217290766784,13.55,5.817068503635668,0.2,5.755012308403533,26.119346099127668,GM004,2.7852925183004893,0.3590287172458902,0.05,11.889469917639902,0.0004615932611029,0.0461593261102941,3.0,1.7851678752468665,True,2613,164,13.877482175827026,5.34
S009,10,3.8,38.0,2,2,5.0,5.0,10.0,10.0,100.0,0.45,0.2025,0.25,0.45,0.1125,0.2,5.664267143843513,12.625830739792717,0.7212259538622585,13.420000000000002,7.066557107641742,0.2,6.636696742896389,24.32647834248529,GM005,2.7852925183004893,0.3590287172458902,0.05,7.45692102531531,0.0003392032935489,0.0339203293548935,2.0,1.7937361804118217,True,2434,165,13.091331243515016,5.24
S009,10,3.8,38.0,2,2,5.0,5.0,10.0,10.0,100.0,0.45,0.2025,0.25,0.45,0.1125,0.35,63.06773902376135,69.78490758023827,4.969633631354305,26.190000000000005,0.6795716639209225,0.35,0.8427860127280369,48.54687625368132,GM006,2.7852925183004893,0.3590287172458902,0.05,620.4562978261965,0.0220436614988107,2.2043661498810763,4.0,11.762233819735602,True,4856,166,25.1231656074524,6.75
S009,10,3.8,38.0,2,2,5.0,5.0,10.0,10.0,100.0,0.45,0.2025,0.25,0.45,0.1125,0.35,31.18213548288276,13.423292753085295,3.5964036829916104,17.450000000000003,2.1102362204724407,0.35,1.8966419472757068,31.732860248912687,GM007,2.7852925183004893,0.3590287172458902,0.05,57.71678536451343,0.0043850080711382,0.438500807113828,8.0,5.203747885760773,True,3175,167,18.310531616210938,6.25
S009,10,3.8,38.0,2,2,5.0,5.0,10.0,10.0,100.0,0.45,0.2025,0.25,0.45,0.1125,0.35,17.29928709321277,17.06516915375435,2.620342091896445,14.86,3.43839541547278,0.35,3.0275840474916667,31.39477081852495,GM008,2.7852925183004893,0.3590287172458902,0.05,14.89050304714748,0.0019087352198204,0.1908735219820423,2.0,3.801210752418727,True,3141,168,16.722628831863403,5.97
S009,10,3.8,38.0,2,2,5.0,5.0,10.0,10.0,100.0,0.45,0.2025,0.25,0.45,0.1125,0.35,9.9961672381982,2.159835002951208,0.78163944801236,6.1,7.451564828614009,0.35,6.267985100144817,13.402087780712826,GM009,2.7852925183004893,0.3590287172458902,0.05,20.76730839352117,0.000969854804089,0.0969854804089023,2.0,3.485022197705564,True,1342,169,7.5020222663879395,5.0
S009,10,3.8,38.0,2,2,5.0,5.0,10.0,10.0,100.0,0.45,0.2025,0.25,0.45,0.1125,0.35,9.117930487349971,4.839859343819583,1.524764882114188,7.81,6.44361833952912,0.35,6.556380630993073,16.124252698347956,GM010,2.7852925183004893,0.3590287172458902,0.05,8.290710733911489,0.0005301592660957,0.0530159266095776,2.0,3.3312661797758785,True,1614,170,8.658358335494995,5.29
S009,10,3.8,38.0,2,2,5.0,5.0,10.0,10.0,100.0,0.45,0.2025,0.25,0.45,0.1125,0.5,103.78646459524916,102.46376148457,10.301907051473773,24.64,0.7695423248278656,0.5,0.8249428817678108,49.3671464622098,GM011,2.7852925183004893,0.3590287172458902,0.05,1149.9971805424325,0.0426628889844824,4.266288898448246,3.0,15.344079324131782,True,4938,171,25.897289037704468,7.17
S009,10,3.8,38.0,2,2,5.0,5.0,10.0,10.0,100.0,0.45,0.2025,0.25,0.45,0.1125,0.5,43.81133529558346,12.508231190577826,6.522782124023682,15.68,2.1181384248210025,0.5,1.7530074828421631,33.50141695516064,GM012,2.7852925183004893,0.3590287172458902,0.05,164.77018691791525,0.0083326589919504,0.8332658991950453,2.0,7.6407730707128145,True,3352,172,17.699363470077515,6.36
S009,10,3.8,38.0,2,2,5.0,5.0,10.0,10.0,100.0,0.45,0.2025,0.25,0.45,0.1125,0.5,34.03908206278366,3.1295061607583845,2.746068006539613,10.64,2.182347235693501,0.5,2.9160861723349143,20.60583722265584,GM013,2.7852925183004893,0.3590287172458902,0.05,24.323650161115182,0.0038217422872161,0.3821742287216183,8.0,2.681263989858972,True,2062,173,11.128122806549072,5.86
S009,10,3.8,38.0,2,2,5.0,5.0,10.0,10.0,100.0,0.45,0.2025,0.25,0.45,0.1125,0.5,18.45533882580252,14.80201624834675,4.384404010019975,13.99,4.732510288065844,0.5,4.923044536737827,29.145557494343898,GM014,2.7852925183004893,0.3590287172458902,0.05,28.488931849890097,0.0017098165870774,0.170981658707748,2.0,5.139625137647688,True,2916,174,15.605249404907228,5.95
S009,10,3.8,38.0,2,2,5.0,5.0,10.0,10.0,100.0,0.45,0.2025,0.25,0.45,0.1125,0.5,19.24086715150233,12.420394041706963,2.841465779297746,12.25,9.361702127659576,0.5,7.245419023545791,23.4819579140368,GM015,2.7852925183004893,0.3590287172458902,0.05,127.02190591869956,0.0046886710134352,0.4688671013435284,3.0,5.608289612127529,True,2350,175,12.682188987731934,5.81
S009,10,3.8,38.0,2,2,5.0,5.0,10.0,10.0,100.0,0.45,0.2025,0.25,0.45,0.1125,0.7,123.7595083309582,112.69968149869808,17.509930352017964,22.65,1.0585918266863614,0.7,1.0754391522554805,40.60105369611207,GM016,2.7852925183004893,0.3590287172458902,0.05,526.7361294556972,0.0184957406607494,1.849574066074948,5.0,15.402760045860452,True,4062,176,21.20582056045532,7.46
S009,10,3.8,38.0,2,2,5.0,5.0,10.0,10.0,100.0,0.45,0.2025,0.25,0.45,0.1125,0.7,64.59644568791263,16.74792888475344,16.036406651915282,11.260000000000002,2.025630425795783,0.7,2.1262265800410804,24.174389942525263,GM017,2.7852925183004893,0.3590287172458902,0.05,121.22934260794273,0.011512371179371,1.1512371179371097,8.0,12.847882216564985,True,2419,177,13.00570511817932,6.67
S009,10,3.8,38.0,2,2,5.0,5.0,10.0,10.0,100.0,0.45,0.2025,0.25,0.45,0.1125,0.7,30.67798559089125,26.045018761285505,14.611557120426408,16.19,3.604923798358734,0.7,3.247999378380634,34.10290486983198,GM018,2.7852925183004893,0.3590287172458902,0.05,27.845444070442014,0.0024570997254628,0.2457099725462832,2.0,8.922668323785775,True,3412,178,18.129754781723022,6.79
S009,10,3.8,38.0,2,2,5.0,5.0,10.0,10.0,100.0,0.45,0.2025,0.25,0.45,0.1125,0.7,17.921335956137025,5.130317972579734,6.759252886649012,13.25,6.394664574342879,0.7,6.485260383358972,25.47662859177758,GM019,2.7852925183004893,0.3590287172458902,0.05,17.452029231626593,0.0007954996705322,0.0795499670532266,2.0,7.022344936649726,True,2549,179,13.537659406661987,6.09
S009,10,3.8,38.0,2,2,5.0,5.0,10.0,10.0,100.0,0.45,0.2025,0.25,0.45,0.1125,0.7,14.51176429983206,6.940468227237262,4.130353652872347,6.4,6.382978723404255,0.7,8.493225110568062,13.613849257253516,GM020,2.7852925183004893,0.3590287172458902,0.05,11.183804320783944,0.000610228111487,0.0610228111487072,2.0,6.649494299131286,True,1363,180,7.432785272598267,5.67
S010,12,3.2,38.400000000000006,4,4,4.5,5.0,18.0,20.0,360.0,0.55,0.3025,0.35,0.55,0.1925,0.2,33.724749953208224,18.949065402570785,1.346504539859263,25.38,0.7790077900779008,0.2,1.0621780831931538,48.76785766024791,GM001,1.6824402034367838,0.5943747646764874,0.05,363.2965062808181,0.0133430952914239,1.3343095291423903,3.0,11.415103158910528,True,4878,181,192.2940669059753,6.08
S010,12,3.2,38.400000000000006,4,4,4.5,5.0,18.0,20.0,360.0,0.55,0.3025,0.35,0.55,0.1925,0.2,13.524132183148598,14.789498876160662,0.9208366620409144,21.98,2.8521391043282462,0.2,2.5142460490278933,39.95245644502771,GM002,1.6824402034367838,0.5943747646764874,0.05,33.166804997534534,0.0013144890869962,0.1314489086996226,8.0,2.9616377325487817,True,3997,182,162.36628246307373,5.68
S010,12,3.2,38.400000000000006,4,4,4.5,5.0,18.0,20.0,360.0,0.55,0.3025,0.35,0.55,0.1925,0.2,11.513141680876746,7.560542073809191,0.7826640027451861,11.06,3.1932093775262733,0.2,3.0757117330933914,24.728847742837488,GM003,1.6824402034367838,0.5943747646764874,0.05,11.210253789049103,0.0010741072755482,0.107410727554822,9.0,2.532095017942821,True,2474,183,114.0555772781372,5.32
S010,12,3.2,38.400000000000006,4,4,4.5,5.0,18.0,20.0,360.0,0.55,0.3025,0.35,0.55,0.1925,0.2,6.672365414950108,6.719688458974504,0.8438217290766784,13.55,5.817068503635668,0.2,5.755012308403533,26.119346099127668,GM004,1.6824402034367838,0.5943747646764874,0.05,5.810190647550713,0.0003394480975194,0.0339448097519456,2.0,2.6218761475802577,True,2613,184,119.3812837600708,5.34
S010,12,3.2,38.400000000000006,4,4,4.5,5.0,18.0,20.0,360.0,0.55,0.3025,0.35,0.55,0.1925,0.2,5.664267143843513,12.625830739792717,0.7212259538622585,13.420000000000002,7.066557107641742,0.2,6.636696742896389,24.32647834248529,GM005,1.6824402034367838,0.5943747646764874,0.05,4.972183654336179,0.0002318077840961,0.0231807784096103,2.0,2.4021846655474097,True,2434,185,113.11828303337096,5.24
S010,12,3.2,38.400000000000006,4,4,4.5,5.0,18.0,20.0,360.0,0.55,0.3025,0.35,0.55,0.1925,0.35,63.06773902376135,69.78490758023827,4.969633631354305,26.190000000000005,0.6795716639209225,0.35,0.8427860127280369,48.54687625368132,GM006,1.6824402034367838,0.5943747646764874,0.05,523.1533590779866,0.0195687560603899,1.9568756060389965,3.0,13.179306956007975,True,4856,186,190.26076912879944,6.75
S010,12,3.2,38.400000000000006,4,4,4.5,5.0,18.0,20.0,360.0,0.55,0.3025,0.35,0.55,0.1925,0.35,31.18213548288276,13.423292753085295,3.5964036829916104,17.450000000000003,2.1102362204724407,0.35,1.8966419472757068,31.732860248912687,GM007,1.6824402034367838,0.5943747646764874,0.05,70.96075304544136,0.0027925766887942,0.2792576688794292,7.0,7.693218521445563,True,3175,187,136.15781903266907,6.25
S010,12,3.2,38.400000000000006,4,4,4.5,5.0,18.0,20.0,360.0,0.55,0.3025,0.35,0.55,0.1925,0.35,17.29928709321277,17.06516915375435,2.620342091896445,14.86,3.43839541547278,0.35,3.0275840474916667,31.39477081852495,GM008,1.6824402034367838,0.5943747646764874,0.05,19.253636009677816,0.001300952293196,0.1300952293196011,10.0,3.4750794450384634,True,3141,188,136.43004655838013,5.97
S010,12,3.2,38.400000000000006,4,4,4.5,5.0,18.0,20.0,360.0,0.55,0.3025,0.35,0.55,0.1925,0.35,9.9961672381982,2.159835002951208,0.78163944801236,6.1,7.451564828614009,0.35,6.267985100144817,13.402087780712826,GM009,1.6824402034367838,0.5943747646764874,0.05,23.508351156567443,0.0010783143636656,0.1078314363665618,2.0,3.3271292984834395,True,1342,189,78.23994278907776,5.0
S010,12,3.2,38.400000000000006,4,4,4.5,5.0,18.0,20.0,360.0,0.55,0.3025,0.35,0.55,0.1925,0.35,9.117930487349971,4.839859343819583,1.524764882114188,7.81,6.44361833952912,0.35,6.556380630993073,16.124252698347956,GM010,1.6824402034367838,0.5943747646764874,0.05,7.00454005876034,0.0004847531114249,0.0484753111424983,2.0,4.215838971355232,True,1614,190,99.30937457084656,5.29
S010,12,3.2,38.400000000000006,4,4,4.5,5.0,18.0,20.0,360.0,0.55,0.3025,0.35,0.55,0.1925,0.5,103.78646459524916,102.46376148457,10.301907051473773,24.64,0.7695423248278656,0.5,0.8249428817678108,49.3671464622098,GM011,1.6824402034367838,0.5943747646764874,0.05,622.1815612702586,0.0232558726776429,2.3255872677642966,3.0,15.99319636543004,True,4938,191,200.5946807861328,7.17
S010,12,3.2,38.400000000000006,4,4,4.5,5.0,18.0,20.0,360.0,0.55,0.3025,0.35,0.55,0.1925,0.5,43.81133529558346,12.508231190577826,6.522782124023682,15.68,2.1181384248210025,0.5,1.7530074828421631,33.50141695516064,GM012,1.6824402034367838,0.5943747646764874,0.05,78.92066570083823,0.0034801541098611,0.3480154109861116,8.0,10.103049355967762,True,3352,192,142.81693267822266,6.36
S010,12,3.2,38.400000000000006,4,4,4.5,5.0,18.0,20.0,360.0,0.55,0.3025,0.35,0.55,0.1925,0.5,34.03908206278366,3.1295061607583845,2.746068006539613,10.64,2.182347235693501,0.5,2.9160861723349143,20.60583722265584,GM013,1.6824402034367838,0.5943747646764874,0.05,60.37560444308137,0.0030963568650205,0.3096356865020563,8.0,9.35399301420242,True,2062,193,102.32499575614928,5.86
S010,12,3.2,38.400000000000006,4,4,4.5,5.0,18.0,20.0,360.0,0.55,0.3025,0.35,0.55,0.1925,0.5,18.45533882580252,14.80201624834675,4.384404010019975,13.99,4.732510288065844,0.5,4.923044536737827,29.145557494343898,GM014,1.6824402034367838,0.5943747646764874,0.05,31.44210681451705,0.0019900106442604,0.1990010644260404,2.0,5.137221661433529,True,2916,194,128.6101140975952,5.95
S010,12,3.2,38.400000000000006,4,4,4.5,5.0,18.0,20.0,360.0,0.55,0.3025,0.35,0.55,0.1925,0.5,19.24086715150233,12.420394041706963,2.841465779297746,12.25,9.361702127659576,0.5,7.245419023545791,23.4819579140368,GM015,1.6824402034367838,0.5943747646764874,0.05,33.454445439717865,0.0015063377548804,0.150633775488044,3.0,5.260057092561613,True,2350,195,111.0680377483368,5.81
S010,12,3.2,38.400000000000006,4,4,4.5,5.0,18.0,20.0,360.0,0.55,0.3025,0.35,0.55,0.1925,0.7,123.7595083309582,112.69968149869808,17.509930352017964,22.65,1.0585918266863614,0.7,1.0754391522554805,40.60105369611207,GM016,1.6824402034367838,0.5943747646764874,0.05,750.0116271034306,0.026772262835508,2.677226283550809,4.0,30.03129636697978,True,4062,196,165.0420196056366,7.46
S010,12,3.2,38.400000000000006,4,4,4.5,5.0,18.0,20.0,360.0,0.55,0.3025,0.35,0.55,0.1925,0.7,64.59644568791263,16.74792888475344,16.036406651915282,11.260000000000002,2.025630425795783,0.7,2.1262265800410804,24.174389942525263,GM017,1.6824402034367838,0.5943747646764874,0.05,119.74783207438328,0.00624599907627,0.624599907627003,8.0,16.170711936656257,True,2419,197,112.43073749542236,6.67
S010,12,3.2,38.400000000000006,4,4,4.5,5.0,18.0,20.0,360.0,0.55,0.3025,0.35,0.55,0.1925,0.7,30.67798559089125,26.045018761285505,14.611557120426408,16.19,3.604923798358734,0.7,3.247999378380634,34.10290486983198,GM018,1.6824402034367838,0.5943747646764874,0.05,14.94439912952766,0.0020389169264287,0.2038916926428752,10.0,4.500514266189701,True,3412,198,144.38130521774292,6.79
S010,12,3.2,38.400000000000006,4,4,4.5,5.0,18.0,20.0,360.0,0.55,0.3025,0.35,0.55,0.1925,0.7,17.921335956137025,5.130317972579734,6.759252886649012,13.25,6.394664574342879,0.7,6.485260383358972,25.47662859177758,GM019,1.6824402034367838,0.5943747646764874,0.05,8.856112349976508,0.0006840037443777,0.068400374437776,2.0,6.325841849579358,True,2549,199,117.03944635391235,6.09
S010,12,3.2,38.400000000000006,4,4,4.5,5.0,18.0,20.0,360.0,0.55,0.3025,0.35,0.55,0.1925,0.7,14.51176429983206,6.940468227237262,4.130353652872347,6.4,6.382978723404255,0.7,8.493225110568062,13.613849257253516,GM020,1.6824402034367838,0.5943747646764874,0.05,9.072769680480212,0.0006148185771206,0.0614818577120621,2.0,7.527223307256937,True,1363,200,80.47520017623901,5.67
S011,6,3.0,18.0,2,2,4.0,5.0,8.0,10.0,80.0,0.4,0.16,0.3,0.5,0.15,0.2,33.724749953208224,18.949065402570785,1.346504539859263,25.38,0.7790077900779008,0.2,1.0621780831931538,48.76785766024791,GM001,0.9538215463934506,1.0484141439047558,0.05,72.81603604274875,0.0057474844985582,0.5747484498558276,2.0,4.9544698011994805,True,4878,201,11.812701225280762,6.08
S011,6,3.0,18.0,2,2,4.0,5.0,8.0,10.0,80.0,0.4,0.16,0.3,0.5,0.15,0.2,13.524132183148598,14.789498876160662,0.9208366620409144,21.98,2.8521391043282462,0.2,2.5142460490278933,39.95245644502771,GM002,0.9538215463934506,1.0484141439047558,0.05,27.141668016557755,0.0019870407055789,0.1987040705578966,3.0,5.0017647347778365,True,3997,202,10.036859035491943,5.68
S011,6,3.0,18.0,2,2,4.0,5.0,8.0,10.0,80.0,0.4,0.16,0.3,0.5,0.15,0.2,11.513141680876746,7.560542073809191,0.7826640027451861,11.06,3.1932093775262733,0.2,3.0757117330933914,24.728847742837488,GM003,0.9538215463934506,1.0484141439047558,0.05,17.227510838512348,0.0012454523906473,0.1245452390647321,4.0,4.289219730651348,True,2474,203,6.064659357070923,5.32
S011,6,3.0,18.0,2,2,4.0,5.0,8.0,10.0,80.0,0.4,0.16,0.3,0.5,0.15,0.2,6.672365414950108,6.719688458974504,0.8438217290766784,13.55,5.817068503635668,0.2,5.755012308403533,26.119346099127668,GM004,0.9538215463934506,1.0484141439047558,0.05,2.459371121636824,0.0004724960443622,0.0472496044362276,5.0,1.234841396853701,True,2613,204,6.689726114273071,5.34
S011,6,3.0,18.0,2,2,4.0,5.0,8.0,10.0,80.0,0.4,0.16,0.3,0.5,0.15,0.2,5.664267143843513,12.625830739792717,0.7212259538622585,13.420000000000002,7.066557107641742,0.2,6.636696742896389,24.32647834248529,GM005,0.9538215463934506,1.0484141439047558,0.05,2.314903264378548,0.0004034260653755,0.040342606537553,2.0,1.287112820143232,True,2434,205,6.073035955429077,5.24
S011,6,3.0,18.0,2,2,4.0,5.0,8.0,10.0,80.0,0.4,0.16,0.3,0.5,0.15,0.35,63.06773902376135,69.78490758023827,4.969633631354305,26.190000000000005,0.6795716639209225,0.35,0.8427860127280369,48.54687625368132,GM006,0.9538215463934506,1.0484141439047558,0.05,63.894261036682806,0.0051883604349578,0.51883604349578,2.0,2.8486349366597947,True,4856,206,12.692363023757936,6.75
S011,6,3.0,18.0,2,2,4.0,5.0,8.0,10.0,80.0,0.4,0.16,0.3,0.5,0.15,0.35,31.18213548288276,13.423292753085295,3.5964036829916104,17.450000000000003,2.1102362204724407,0.35,1.8966419472757068,31.732860248912687,GM007,0.9538215463934506,1.0484141439047558,0.05,160.5893744402392,0.0120932501327616,1.209325013276167,2.0,15.971295766146282,True,3175,207,7.839772939682007,6.25
S011,6,3.0,18.0,2,2,4.0,5.0,8.0,10.0,80.0,0.4,0.16,0.3,0.5,0.15,0.35,17.29928709321277,17.06516915375435,2.620342091896445,14.86,3.43839541547278,0.35,3.0275840474916667,31.39477081852495,GM008,0.9538215463934506,1.0484141439047558,0.05,28.62459020362399,0.0021894266791815,0.2189426679181579,4.0,7.624125911597173,True,3141,208,7.84224796295166,5.97
S011,6,3.0,18.0,2,2,4.0,5.0,8.0,10.0,80.0,0.4,0.16,0.3,0.5,0.15,0.35,9.9961672381982,2.159835002951208,0.78163944801236,6.1,7.451564828614009,0.35,6.267985100144817,13.402087780712826,GM009,0.9538215463934506,1.0484141439047558,0.05,7.5407554301102415,0.0012594376149329,0.1259437614932985,5.0,4.461495053929017,True,1342,209,3.35150146484375,5.0
S011,6,3.0,18.0,2,2,4.0,5.0,8.0,10.0,80.0,0.4,0.16,0.3,0.5,0.15,0.35,9.117930487349971,4.839859343819583,1.524764882114188,7.81,6.44361833952912,0.35,6.556380630993073,16.124252698347956,GM010,0.9538215463934506,1.0484141439047558,0.05,4.959673952306334,0.0009263707218557,0.0926370721855757,5.0,3.9149079645444256,True,1614,210,4.068495512008667,5.29
S011,6,3.0,18.0,2,2,4.0,5.0,8.0,10.0,80.0,0.4,0.16,0.3,0.5,0.15,0.5,103.78646459524916,102.46376148457,10.301907051473773,24.64,0.7695423248278656,0.5,0.8249428817678108,49.3671464622098,GM011,0.9538215463934506,1.0484141439047558,0.05,78.65473926597214,0.0064585266111026,0.6458526611102623,2.0,3.238849845971266,True,4938,211,12.316419124603271,7.17
S011,6,3.0,18.0,2,2,4.0,5.0,8.0,10.0,80.0,0.4,0.16,0.3,0.5,0.15,0.5,43.81133529558346,12.508231190577826,6.522782124023682,15.68,2.1181384248210025,0.5,1.7530074828421631,33.50141695516064,GM012,0.9538215463934506,1.0484141439047558,0.05,224.30406061800383,0.0168425864245369,1.684258642453698,2.0,23.596605180177207,True,3352,212,8.552305698394775,6.36
S011,6,3.0,18.0,2,2,4.0,5.0,8.0,10.0,80.0,0.4,0.16,0.3,0.5,0.15,0.5,34.03908206278366,3.1295061607583845,2.746068006539613,10.64,2.182347235693501,0.5,2.9160861723349143,20.60583722265584,GM013,0.9538215463934506,1.0484141439047558,0.05,61.99363663333069,0.0045316295688469,0.453162956884695,3.0,11.797804733332752,True,2062,213,5.147456645965576,5.86
S011,6,3.0,18.0,2,2,4.0,5.0,8.0,10.0,80.0,0.4,0.16,0.3,0.5,0.15,0.5,18.45533882580252,14.80201624834675,4.384404010019975,13.99,4.732510288065844,0.5,4.923044536737827,29.145557494343898,GM014,0.9538215463934506,1.0484141439047558,0.05,15.917602131332815,0.0022313147703319,0.2231314770331965,5.0,8.42803487448258,True,2916,214,7.239182472229004,5.95
S011,6,3.0,18.0,2,2,4.0,5.0,8.0,10.0,80.0,0.4,0.16,0.3,0.5,0.15,0.5,19.24086715150233,12.420394041706963,2.841465779297746,12.25,9.361702127659576,0.5,7.245419023545791,23.4819579140368,GM015,0.9538215463934506,1.0484141439047558,0.05,7.023478919619234,0.0008584847908158,0.0858484790815858,2.0,5.000506115713127,True,2350,215,6.024840116500855,5.81
S011,6,3.0,18.0,2,2,4.0,5.0,8.0,10.0,80.0,0.4,0.16,0.3,0.5,0.15,0.7,123.7595083309582,112.69968149869808,17.509930352017964,22.65,1.0585918266863614,0.7,1.0754391522554805,40.60105369611207,GM016,0.9538215463934506,1.0484141439047558,0.05,244.16607422492623,0.0191400292798968,1.9140029279896813,2.0,13.939751595669753,True,4062,216,10.009698629379272,7.46
S011,6,3.0,18.0,2,2,4.0,5.0,8.0,10.0,80.0,0.4,0.16,0.3,0.5,0.15,0.7,64.59644568791263,16.74792888475344,16.036406651915282,11.260000000000002,2.025630425795783,0.7,2.1262265800410804,24.174389942525263,GM017,0.9538215463934506,1.0484141439047558,0.05,266.7172860279175,0.0197800216827982,1.9780021682798243,2.0,31.7264343797604,True,2419,217,6.025866508483887,6.67
S011,6,3.0,18.0,2,2,4.0,5.0,8.0,10.0,80.0,0.4,0.16,0.3,0.5,0.15,0.7,30.67798559089125,26.045018761285505,14.611557120426408,16.19,3.604923798358734,0.7,3.247999378380634,34.10290486983198,GM018,0.9538215463934506,1.0484141439047558,0.05,28.907268808916143,0.0029922769041934,0.2992276904193414,4.0,14.754733077894487,True,3412,218,8.30939769744873,6.79
S011,6,3.0,18.0,2,2,4.0,5.0,8.0,10.0,80.0,0.4,0.16,0.3,0.5,0.15,0.7,17.921335956137025,5.130317972579734,6.759252886649012,13.25,6.394664574342879,0.7,6.485260383358972,25.47662859177758,GM019,0.9538215463934506,1.0484141439047558,0.05,5.672034661221235,0.0009013698888874,0.0901369888887437,3.0,6.915110811017973,True,2549,219,6.529094457626343,6.09
S011,6,3.0,18.0,2,2,4.0,5.0,8.0,10.0,80.0,0.4,0.16,0.3,0.5,0.15,0.7,14.51176429983206,6.940468227237262,4.130353652872347,6.4,6.382978723404255,0.7,8.493225110568062,13.613849257253516,GM020,0.9538215463934506,1.0484141439047558,0.05,5.569989212359044,0.0008796773377081,0.0879677337708189,2.0,4.310811012425107,True,1363,220,3.419641494750977,5.67
S012,8,3.2,25.6,4,4,6.0,5.5,24.0,22.0,528.0,0.45,0.2025,0.4,0.55,0.22,0.2,33.724749953208224,18.949065402570785,1.346504539859263,25.38,0.7790077900779008,0.2,1.0621780831931538,48.76785766024791,GM001,1.18666929757092,0.8426947609135697,0.05,179.12668434451572,0.0098987822442582,0.9898782244258248,2.0,7.749015325310722,True,4878,221,106.24918222427368,6.08
S012,8,3.2,25.6,4,4,6.0,5.5,24.0,22.0,528.0,0.45,0.2025,0.4,0.55,0.22,0.2,13.524132183148598,14.789498876160662,0.9208366620409144,21.98,2.8521391043282462,0.2,2.5142460490278933,39.95245644502771,GM002,1.18666929757092,0.8426947609135697,0.05,33.462606034014186,0.0020943741699562,0.2094374169956278,2.0,3.9445715228727583,True,3997,222,88.1543881893158,5.68
S012,8,3.2,25.6,4,4,6.0,5.5,24.0,22.0,528.0,0.45,0.2025,0.4,0.55,0.22,0.2,11.513141680876746,7.560542073809191,0.7826640027451861,11.06,3.1932093775262733,0.2,3.0757117330933914,24.728847742837488,GM003,1.18666929757092,0.8426947609135697,0.05,14.981799698154546,0.0016669043196355,0.1666904319635584,6.0,3.501444245065633,True,2474,223,58.62936091423035,5.32
S012,8,3.2,25.6,4,4,6.0,5.5,24.0,22.0,528.0,0.45,0.2025,0.4,0.55,0.22,0.2,6.672365414950108,6.719688458974504,0.8438217290766784,13.55,5.817068503635668,0.2,5.755012308403533,26.119346099127668,GM004,1.18666929757092,0.8426947609135697,0.05,5.523585970429931,0.0004594762620694,0.0459476262069442,2.0,2.648721338296388,True,2613,224,61.01429390907288,5.34
S012,8,3.2,25.6,4,4,6.0,5.5,24.0,22.0,528.0,0.45,0.2025,0.4,0.55,0.22,0.2,5.664267143843513,12.625830739792717,0.7212259538622585,13.420000000000002,7.066557107641742,0.2,6.636696742896389,24.32647834248529,GM005,1.18666929757092,0.8426947609135697,0.05,4.744476121786909,0.0003276073995489,0.0327607399548939,2.0,2.6258633529514683,True,2434,225,57.118748903274536,5.24
S012,8,3.2,25.6,4,4,6.0,5.5,24.0,22.0,528.0,0.45,0.2025,0.4,0.55,0.22,0.35,63.06773902376135,69.78490758023827,4.969633631354305,26.190000000000005,0.6795716639209225,0.35,0.8427860127280369,48.54687625368132,GM006,1.18666929757092,0.8426947609135697,0.05,266.60256044498647,0.0153630676385887,1.536306763858877,2.0,8.246200399565678,True,4856,226,105.91908240318298,6.75
S012,8,3.2,25.6,4,4,6.0,5.5,24.0,22.0,528.0,0.45,0.2025,0.4,0.55,0.22,0.35,31.18213548288276,13.423292753085295,3.5964036829916104,17.450000000000003,2.1102362204724407,0.35,1.8966419472757068,31.732860248912687,GM007,1.18666929757092,0.8426947609135697,0.05,88.64389821455269,0.0045917306522889,0.4591730652288945,4.0,8.068794803949011,True,3175,227,71.7874755859375,6.25
S012,8,3.2,25.6,4,4,6.0,5.5,24.0,22.0,528.0,0.45,0.2025,0.4,0.55,0.22,0.35,17.29928709321277,17.06516915375435,2.620342091896445,14.86,3.43839541547278,0.35,3.0275840474916667,31.39477081852495,GM008,1.18666929757092,0.8426947609135697,0.05,18.74690377898234,0.0019092072428839,0.1909207242883975,6.0,4.734621358526527,True,3141,228,72.15070748329163,5.97
S012,8,3.2,25.6,4,4,6.0,5.5,24.0,22.0,528.0,0.45,0.2025,0.4,0.55,0.22,0.35,9.9961672381982,2.159835002951208,0.78163944801236,6.1,7.451564828614009,0.35,6.267985100144817,13.402087780712826,GM009,1.18666929757092,0.8426947609135697,0.05,13.331015949779411,0.0012590560281893,0.1259056028189301,3.0,2.547082575755211,True,1342,229,35.758811950683594,5.0
S012,8,3.2,25.6,4,4,6.0,5.5,24.0,22.0,528.0,0.45,0.2025,0.4,0.55,0.22,0.35,9.117930487349971,4.839859343819583,1.524764882114188,7.81,6.44361833952912,0.35,6.556380630993073,16.124252698347956,GM010,1.18666929757092,0.8426947609135697,0.05,5.624011676178957,0.0007239813504499,0.0723981350449924,2.0,4.351550614858738,True,1614,230,41.18956446647644,5.29
S012,8,3.2,25.6,4,4,6.0,5.5,24.0,22.0,528.0,0.45,0.2025,0.4,0.55,0.22,0.5,103.78646459524916,102.46376148457,10.301907051473773,24.64,0.7695423248278656,0.5,0.8249428817678108,49.3671464622098,GM011,1.18666929757092,0.8426947609135697,0.05,467.2451606892298,0.0270697128453654,2.706971284536545,2.0,15.627078634585969,True,4938,231,107.15276527404784,7.17
S012,8,3.2,25.6,4,4,6.0,5.5,24.0,22.0,528.0,0.45,0.2025,0.4,0.55,0.22,0.5,43.81133529558346,12.508231190577826,6.522782124023682,15.68,2.1181384248210025,0.5,1.7530074828421631,33.50141695516064,GM012,1.18666929757092,0.8426947609135697,0.05,102.8954972755172,0.0052776119679147,0.5277611967914773,2.0,10.376230946938778,True,3352,232,75.59464883804321,6.36
S012,8,3.2,25.6,4,4,6.0,5.5,24.0,22.0,528.0,0.45,0.2025,0.4,0.55,0.22,0.5,34.03908206278366,3.1295061607583845,2.746068006539613,10.64,2.182347235693501,0.5,2.9160861723349143,20.60583722265584,GM013,1.18666929757092,0.8426947609135697,0.05,72.2553898369324,0.0043085044316577,0.4308504431657751,5.0,10.441818668253193,True,2062,233,49.83309650421143,5.86
S012,8,3.2,25.6,4,4,6.0,5.5,24.0,22.0,528.0,0.45,0.2025,0.4,0.55,0.22,0.5,18.45533882580252,14.80201624834675,4.384404010019975,13.99,4.732510288065844,0.5,4.923044536737827,29.145557494343898,GM014,1.18666929757092,0.8426947609135697,0.05,17.05067920214583,0.0016740343300348,0.1674034330034859,2.0,4.574825926271462,True,2916,234,66.70243835449219,5.95
S012,8,3.2,25.6,4,4,6.0,5.5,24.0,22.0,528.0,0.45,0.2025,0.4,0.55,0.22,0.5,19.24086715150233,12.420394041706963,2.841465779297746,12.25,9.361702127659576,0.5,7.245419023545791,23.4819579140368,GM015,1.18666929757092,0.8426947609135697,0.05,18.654240984761863,0.0013727885642505,0.1372788564250512,2.0,5.245868459954898,True,2350,235,55.92878413200378,5.81
S012,8,3.2,25.6,4,4,6.0,5.5,24.0,22.0,528.0,0.45,0.2025,0.4,0.55,0.22,0.7,123.7595083309582,112.69968149869808,17.509930352017964,22.65,1.0585918266863614,0.7,1.0754391522554805,40.60105369611207,GM016,1.18666929757092,0.8426947609135697,0.05,1147.3349953349864,0.0634964076250553,6.349640762505536,2.0,49.13682586510159,True,4062,236,90.63153290748596,7.46
S012,8,3.2,25.6,4,4,6.0,5.5,24.0,22.0,528.0,0.45,0.2025,0.4,0.55,0.22,0.7,64.59644568791263,16.74792888475344,16.036406651915282,11.260000000000002,2.025630425795783,0.7,2.1262265800410804,24.174389942525263,GM017,1.18666929757092,0.8426947609135697,0.05,130.66982884904746,0.007249298461909,0.7249298461909005,3.0,16.37811559052284,True,2419,237,56.91540718078613,6.67
S012,8,3.2,25.6,4,4,6.0,5.5,24.0,22.0,528.0,0.45,0.2025,0.4,0.55,0.22,0.7,30.67798559089125,26.045018761285505,14.611557120426408,16.19,3.604923798358734,0.7,3.247999378380634,34.10290486983198,GM018,1.18666929757092,0.8426947609135697,0.05,17.36305536729682,0.0035638649527107,0.3563864952710721,2.0,6.816127901333574,True,3412,238,76.36971521377563,6.79
S012,8,3.2,25.6,4,4,6.0,5.5,24.0,22.0,528.0,0.45,0.2025,0.4,0.55,0.22,0.7,17.921335956137025,5.130317972579734,6.759252886649012,13.25,6.394664574342879,0.7,6.485260383358972,25.47662859177758,GM019,1.18666929757092,0.8426947609135697,0.05,6.292350903459862,0.0009952292124636,0.0995229212463657,2.0,6.892432600895544,True,2549,239,60.02686142921448,6.09
S012,8,3.2,25.6,4,4,6.0,5.5,24.0,22.0,528.0,0.45,0.2025,0.4,0.55,0.22,0.7,14.51176429983206,6.940468227237262,4.130353652872347,6.4,6.382978723404255,0.7,8.493225110568062,13.613849257253516,GM020,1.18666929757092,0.8426947609135697,0.05,6.703936381090609,0.0008108640736532,0.0810864073653289,2.0,8.321903840304389,True,1363,240,36.29156970977783,5.67
S013,6,3.8,22.8,3,3,5.5,5.5,16.5,16.5,272.25,0.65,0.4225,0.25,0.4,0.1,0.2,33.724749953208224,18.949065402570785,1.346504539859263,25.38,0.7790077900779008,0.2,1.0621780831931538,48.76785766024791,GM001,1.3693253651106476,0.7302866254282784,0.05,169.0931164319249,0.0096774070169088,0.9677407016908888,3.0,7.421177772975261,True,4878,241,38.31434082984924,6.08
S013,6,3.8,22.8,3,3,5.5,5.5,16.5,16.5,272.25,0.65,0.4225,0.25,0.4,0.1,0.2,13.524132183148598,14.789498876160662,0.9208366620409144,21.98,2.8521391043282462,0.2,2.5142460490278933,39.95245644502771,GM002,1.3693253651106476,0.7302866254282784,0.05,32.63038788808813,0.0019113802545313,0.1911380254531342,4.0,4.639643692599855,True,3997,242,31.790923357009888,5.68
S013,6,3.8,22.8,3,3,5.5,5.5,16.5,16.5,272.25,0.65,0.4225,0.25,0.4,0.1,0.2,11.513141680876746,7.560542073809191,0.7826640027451861,11.06,3.1932093775262733,0.2,3.0757117330933914,24.728847742837488,GM003,1.3693253651106476,0.7302866254282784,0.05,14.58588849150304,0.0014572337031437,0.1457233703143705,5.0,4.749922922065265,True,2474,243,20.04735541343689,5.32
S013,6,3.8,22.8,3,3,5.5,5.5,16.5,16.5,272.25,0.65,0.4225,0.25,0.4,0.1,0.2,6.672365414950108,6.719688458974504,0.8438217290766784,13.55,5.817068503635668,0.2,5.755012308403533,26.119346099127668,GM004,1.3693253651106476,0.7302866254282784,0.05,5.222446335340976,0.0003838799331679,0.038387993316794,6.0,1.23661647278164,True,2613,244,21.21561598777771,5.34
S013,6,3.8,22.8,3,3,5.5,5.5,16.5,16.5,272.25,0.65,0.4225,0.25,0.4,0.1,0.2,5.664267143843513,12.625830739792717,0.7212259538622585,13.420000000000002,7.066557107641742,0.2,6.636696742896389,24.32647834248529,GM005,1.3693253651106476,0.7302866254282784,0.05,4.949142410711814,0.0003111747023486,0.0311174702348695,3.0,1.1754364667634298,True,2434,245,19.87238430976868,5.24
S013,6,3.8,22.8,3,3,5.5,5.5,16.5,16.5,272.25,0.65,0.4225,0.25,0.4,0.1,0.35,63.06773902376135,69.78490758023827,4.969633631354305,26.190000000000005,0.6795716639209225,0.35,0.8427860127280369,48.54687625368132,GM006,1.3693253651106476,0.7302866254282784,0.05,282.1352885207387,0.0162329611354897,1.623296113548977,3.0,9.283735436831424,True,4856,246,38.346208810806274,6.75
S013,6,3.8,22.8,3,3,5.5,5.5,16.5,16.5,272.25,0.65,0.4225,0.25,0.4,0.1,0.35,31.18213548288276,13.423292753085295,3.5964036829916104,17.450000000000003,2.1102362204724407,0.35,1.8966419472757068,31.732860248912687,GM007,1.3693253651106476,0.7302866254282784,0.05,95.30274197327854,0.0053976619046648,0.5397661904664873,4.0,8.358476558160204,True,3175,247,25.6648428440094,6.25
S013,6,3.8,22.8,3,3,5.5,5.5,16.5,16.5,272.25,0.65,0.4225,0.25,0.4,0.1,0.35,17.29928709321277,17.06516915375435,2.620342091896445,14.86,3.43839541547278,0.35,3.0275840474916667,31.39477081852495,GM008,1.3693253651106476,0.7302866254282784,0.05,21.88224407301165,0.0024850720126321,0.2485072012632198,5.0,7.702361209362848,True,3141,248,25.549895763397217,5.97
S013,6,3.8,22.8,3,3,5.5,5.5,16.5,16.5,272.25,0.65,0.4225,0.25,0.4,0.1,0.35,9.9961672381982,2.159835002951208,0.78163944801236,6.1,7.451564828614009,0.35,6.267985100144817,13.402087780712826,GM009,1.3693253651106476,0.7302866254282784,0.05,13.255976648922232,0.0012743706445293,0.1274370644529313,6.0,2.175775048887657,True,1342,249,11.035185813903809,5.0
S013,6,3.8,22.8,3,3,5.5,5.5,16.5,16.5,272.25,0.65,0.4225,0.25,0.4,0.1,0.35,9.117930487349971,4.839859343819583,1.524764882114188,7.81,6.44361833952912,0.35,6.556380630993073,16.124252698347956,GM010,1.3693253651106476,0.7302866254282784,0.05,5.015078455402713,0.0006837935488698,0.0683793548869838,6.0,2.7120167944031075,True,1614,250,13.66732406616211,5.29
S013,6,3.8,22.8,3,3,5.5,5.5,16.5,16.5,272.25,0.65,0.4225,0.25,0.4,0.1,0.5,103.78646459524916,102.46376148457,10.301907051473773,24.64,0.7695423248278656,0.5,0.8249428817678108,49.3671464622098,GM011,1.3693253651106476,0.7302866254282784,0.05,482.0875212155365,0.0278603351417691,2.786033514176912,3.0,16.304598745466354,True,4938,251,39.308741331100464,7.17
S013,6,3.8,22.8,3,3,5.5,5.5,16.5,16.5,272.25,0.65,0.4225,0.25,0.4,0.1,0.5,43.81133529558346,12.508231190577826,6.522782124023682,15.68,2.1181384248210025,0.5,1.7530074828421631,33.50141695516064,GM012,1.3693253651106476,0.7302866254282784,0.05,111.0449690088598,0.0062247491683878,0.6224749168387878,4.0,10.485670692930936,True,3352,252,26.8675594329834,6.36
S013,6,3.8,22.8,3,3,5.5,5.5,16.5,16.5,272.25,0.65,0.4225,0.25,0.4,0.1,0.5,34.03908206278366,3.1295061607583845,2.746068006539613,10.64,2.182347235693501,0.5,2.9160861723349143,20.60583722265584,GM013,1.3693253651106476,0.7302866254282784,0.05,73.24661159245998,0.0044032553246659,0.4403255324665908,4.0,9.76122538637908,True,2062,253,16.730977296829224,5.86
S013,6,3.8,22.8,3,3,5.5,5.5,16.5,16.5,272.25,0.65,0.4225,0.25,0.4,0.1,0.5,18.45533882580252,14.80201624834675,4.384404010019975,13.99,4.732510288065844,0.5,4.923044536737827,29.145557494343898,GM014,1.3693253651106476,0.7302866254282784,0.05,18.58064244361225,0.0020434946938983,0.2043494693898344,6.0,5.337958181462425,True,2916,254,23.65773034095764,5.95
S013,6,3.8,22.8,3,3,5.5,5.5,16.5,16.5,272.25,0.65,0.4225,0.25,0.4,0.1,0.5,19.24086715150233,12.420394041706963,2.841465779297746,12.25,9.361702127659576,0.5,7.245419023545791,23.4819579140368,GM015,1.3693253651106476,0.7302866254282784,0.05,18.720621036883216,0.0011987894776697,0.1198789477669723,3.0,4.645626064674872,True,2350,255,19.067123413085938,5.81
S013,6,3.8,22.8,3,3,5.5,5.5,16.5,16.5,272.25,0.65,0.4225,0.25,0.4,0.1,0.7,123.7595083309582,112.69968149869808,17.509930352017964,22.65,1.0585918266863614,0.7,1.0754391522554805,40.60105369611207,GM016,1.3693253651106476,0.7302866254282784,0.05,1208.948416450332,0.0691393718650398,6.913937186503984,3.0,52.21516425712176,True,4062,256,32.35937976837158,7.46
S013,6,3.8,22.8,3,3,5.5,5.5,16.5,16.5,272.25,0.65,0.4225,0.25,0.4,0.1,0.7,64.59644568791263,16.74792888475344,16.036406651915282,11.260000000000002,2.025630425795783,0.7,2.1262265800410804,24.174389942525263,GM017,1.3693253651106476,0.7302866254282784,0.05,144.06516024669835,0.0084115392847727,0.8411539284772787,4.0,16.199606563172036,True,2419,257,19.49993324279785,6.67
S013,6,3.8,22.8,3,3,5.5,5.5,16.5,16.5,272.25,0.65,0.4225,0.25,0.4,0.1,0.7,30.67798559089125,26.045018761285505,14.611557120426408,16.19,3.604923798358734,0.7,3.247999378380634,34.10290486983198,GM018,1.3693253651106476,0.7302866254282784,0.05,30.88247258605992,0.0052953640489282,0.529536404892824,6.0,14.887468402932583,True,3412,258,27.57417821884156,6.79
S013,6,3.8,22.8,3,3,5.5,5.5,16.5,16.5,272.25,0.65,0.4225,0.25,0.4,0.1,0.7,17.921335956137025,5.130317972579734,6.759252886649012,13.25,6.394664574342879,0.7,6.485260383358972,25.47662859177758,GM019,1.3693253651106476,0.7302866254282784,0.05,7.903117411263908,0.0012204365222678,0.1220436522267851,6.0,6.167458402245486,True,2549,259,20.462803840637207,6.09
S013,6,3.8,22.8,3,3,5.5,5.5,16.5,16.5,272.25,0.65,0.4225,0.25,0.4,0.1,0.7,14.51176429983206,6.940468227237262,4.130353652872347,6.4,6.382978723404255,0.7,8.493225110568062,13.613849257253516,GM020,1.3693253651106476,0.7302866254282784,0.05,6.182358307859217,0.0006450597843853,0.0645059784385326,6.0,5.047406064776057,True,1363,260,11.50649619102478,5.67
S014,10,3.0,30.0,2,2,4.5,6.0,9.0,12.0,108.0,0.55,0.3025,0.3,0.55,0.165,0.2,33.724749953208224,18.949065402570785,1.346504539859263,25.38,0.7790077900779008,0.2,1.0621780831931538,48.76785766024791,GM001,1.4506849444521968,0.6893295500337718,0.05,163.01055224900776,0.0076027166761447,0.7602716676144763,3.0,9.02659913822115,True,4878,261,25.16438937187195,6.08
S014,10,3.0,30.0,2,2,4.5,6.0,9.0,12.0,108.0,0.55,0.3025,0.3,0.55,0.165,0.2,13.524132183148598,14.789498876160662,0.9208366620409144,21.98,2.8521391043282462,0.2,2.5142460490278933,39.95245644502771,GM002,1.4506849444521968,0.6893295500337718,0.05,23.01888980376525,0.0010931884933682,0.1093188493368204,6.0,4.176754292453904,True,3997,262,20.628777980804443,5.68
S014,10,3.0,30.0,2,2,4.5,6.0,9.0,12.0,108.0,0.55,0.3025,0.3,0.55,0.165,0.2,11.513141680876746,7.560542073809191,0.7826640027451861,11.06,3.1932093775262733,0.2,3.0757117330933914,24.728847742837488,GM003,1.4506849444521968,0.6893295500337718,0.05,19.87152466038901,0.0011176506458337,0.1117650645833764,7.0,4.5904259315853935,True,2474,263,13.250350952148438,5.32
S014,10,3.0,30.0,2,2,4.5,6.0,9.0,12.0,108.0,0.55,0.3025,0.3,0.55,0.165,0.2,6.672365414950108,6.719688458974504,0.8438217290766784,13.55,5.817068503635668,0.2,5.755012308403533,26.119346099127668,GM004,1.4506849444521968,0.6893295500337718,0.05,3.042247588699445,0.0002682866897392,0.0268286689739286,9.0,1.191321122694368,True,2613,264,13.808701038360596,5.34
S014,10,3.0,30.0,2,2,4.5,6.0,9.0,12.0,108.0,0.55,0.3025,0.3,0.55,0.165,0.2,5.664267143843513,12.625830739792717,0.7212259538622585,13.420000000000002,7.066557107641742,0.2,6.636696742896389,24.32647834248529,GM005,1.4506849444521968,0.6893295500337718,0.05,3.427806609153607,0.000235214560738,0.0235214560738089,4.0,1.9426244118296023,True,2434,265,12.399221658706663,5.24
S014,10,3.0,30.0,2,2,4.5,6.0,9.0,12.0,108.0,0.55,0.3025,0.3,0.55,0.165,0.35,63.06773902376135,69.78490758023827,4.969633631354305,26.190000000000005,0.6795716639209225,0.35,0.8427860127280369,48.54687625368132,GM006,1.4506849444521968,0.6893295500337718,0.05,191.7629498787924,0.0090561734588551,0.9056173458855102,3.0,8.562090434156556,True,4856,266,25.502849817276,6.75
S014,10,3.0,30.0,2,2,4.5,6.0,9.0,12.0,108.0,0.55,0.3025,0.3,0.55,0.165,0.35,31.18213548288276,13.423292753085295,3.5964036829916104,17.450000000000003,2.1102362204724407,0.35,1.8966419472757068,31.732860248912687,GM007,1.4506849444521968,0.6893295500337718,0.05,143.00716864994777,0.0063998738416858,0.6399873841685888,3.0,11.885889423660664,True,3175,267,16.47756862640381,6.25
S014,10,3.0,30.0,2,2,4.5,6.0,9.0,12.0,108.0,0.55,0.3025,0.3,0.55,0.165,0.35,17.29928709321277,17.06516915375435,2.620342091896445,14.86,3.43839541547278,0.35,3.0275840474916667,31.39477081852495,GM008,1.4506849444521968,0.6893295500337718,0.05,22.934026549427607,0.0016632702785259,0.1663270278525926,7.0,7.66723756580111,True,3141,268,16.2545428276062,5.97
S014,10,3.0,30.0,2,2,4.5,6.0,9.0,12.0,108.0,0.55,0.3025,0.3,0.55,0.165,0.35,9.9961672381982,2.159835002951208,0.78163944801236,6.1,7.451564828614009,0.35,6.267985100144817,13.402087780712826,GM009,1.4506849444521968,0.6893295500337718,0.05,7.413060000022655,0.000798422420738,0.0798422420738095,2.0,2.565601890676509,True,1342,269,7.416848421096802,5.0
S014,10,3.0,30.0,2,2,4.5,6.0,9.0,12.0,108.0,0.55,0.3025,0.3,0.55,0.165,0.35,9.117930487349971,4.839859343819583,1.524764882114188,7.81,6.44361833952912,0.35,6.556380630993073,16.124252698347956,GM010,1.4506849444521968,0.6893295500337718,0.05,3.967068077788432,0.0004880130605405,0.0488013060540565,8.0,3.6589480541650463,True,1614,270,8.84364652633667,5.29
S014,10,3.0,30.0,2,2,4.5,6.0,9.0,12.0,108.0,0.55,0.3025,0.3,0.55,0.165,0.5,103.78646459524916,102.46376148457,10.301907051473773,24.64,0.7695423248278656,0.5,0.8249428817678108,49.3671464622098,GM011,1.4506849444521968,0.6893295500337718,0.05,183.97048967500373,0.0088625076995655,0.8862507699565558,3.0,6.238949701252588,True,4938,271,25.53128314018249,7.17
S014,10,3.0,30.0,2,2,4.5,6.0,9.0,12.0,108.0,0.55,0.3025,0.3,0.55,0.165,0.5,43.81133529558346,12.508231190577826,6.522782124023682,15.68,2.1181384248210025,0.5,1.7530074828421631,33.50141695516064,GM012,1.4506849444521968,0.6893295500337718,0.05,164.4855376402476,0.007239551863467,0.7239551863467084,4.0,14.711241932722157,True,3352,272,17.38126540184021,6.36
S014,10,3.0,30.0,2,2,4.5,6.0,9.0,12.0,108.0,0.55,0.3025,0.3,0.55,0.165,0.5,34.03908206278366,3.1295061607583845,2.746068006539613,10.64,2.182347235693501,0.5,2.9160861723349143,20.60583722265584,GM013,1.4506849444521968,0.6893295500337718,0.05,94.73960113827958,0.0041762625196662,0.4176262519666203,5.0,11.332066867669267,True,2062,273,10.652493715286257,5.86
S014,10,3.0,30.0,2,2,4.5,6.0,9.0,12.0,108.0,0.55,0.3025,0.3,0.55,0.165,0.5,18.45533882580252,14.80201624834675,4.384404010019975,13.99,4.732510288065844,0.5,4.923044536737827,29.145557494343898,GM014,1.4506849444521968,0.6893295500337718,0.05,13.328820417692894,0.0013414614737221,0.1341461473722104,8.0,5.797538020440422,True,2916,274,15.088714599609377,5.95
S014,10,3.0,30.0,2,2,4.5,6.0,9.0,12.0,108.0,0.55,0.3025,0.3,0.55,0.165,0.5,19.24086715150233,12.420394041706963,2.841465779297746,12.25,9.361702127659576,0.5,7.245419023545791,23.4819579140368,GM015,1.4506849444521968,0.6893295500337718,0.05,11.998611831685484,0.0006895856285546,0.0689585628554642,3.0,5.1173320446173465,True,2350,275,12.47666835784912,5.81
S014,10,3.0,30.0,2,2,4.5,6.0,9.0,12.0,108.0,0.55,0.3025,0.3,0.55,0.165,0.7,123.7595083309582,112.69968149869808,17.509930352017964,22.65,1.0585918266863614,0.7,1.0754391522554805,40.60105369611207,GM016,1.4506849444521968,0.6893295500337718,0.05,606.41125794889,0.0283591784303142,2.83591784303143,3.0,31.22716006167725,True,4062,276,20.856565237045288,7.46
S014,10,3.0,30.0,2,2,4.5,6.0,9.0,12.0,108.0,0.55,0.3025,0.3,0.55,0.165,0.7,64.59644568791263,16.74792888475344,16.036406651915282,11.260000000000002,2.025630425795783,0.7,2.1262265800410804,24.174389942525263,GM017,1.4506849444521968,0.6893295500337718,0.05,233.62005013329795,0.0103829179402966,1.0382917940296692,4.0,22.25838357923245,True,2419,277,14.521126747131348,6.67
S014,10,3.0,30.0,2,2,4.5,6.0,9.0,12.0,108.0,0.55,0.3025,0.3,0.55,0.165,0.7,30.67798559089125,26.045018761285505,14.611557120426408,16.19,3.604923798358734,0.7,3.247999378380634,34.10290486983198,GM018,1.4506849444521968,0.6893295500337718,0.05,31.253880917595595,0.003556679209859,0.3556679209859015,8.0,14.976181037331948,True,3412,278,17.75980281829834,6.79
S014,10,3.0,30.0,2,2,4.5,6.0,9.0,12.0,108.0,0.55,0.3025,0.3,0.55,0.165,0.7,17.921335956137025,5.130317972579734,6.759252886649012,13.25,6.394664574342879,0.7,6.485260383358972,25.47662859177758,GM019,1.4506849444521968,0.6893295500337718,0.05,7.10011677917315,0.0010281593220029,0.1028159322002921,2.0,8.015541407785687,True,2549,279,13.439971446990969,6.09
S014,10,3.0,30.0,2,2,4.5,6.0,9.0,12.0,108.0,0.55,0.3025,0.3,0.55,0.165,0.7,14.51176429983206,6.940468227237262,4.130353652872347,6.4,6.382978723404255,0.7,8.493225110568062,13.613849257253516,GM020,1.4506849444521968,0.6893295500337718,0.05,5.790101119805151,0.0005900338557009,0.0590033855700975,2.0,6.979984193308387,True,1363,280,7.548811197280884,5.67
S015,15,3.2,48.0,2,3,6.0,4.0,12.0,12.0,144.0,0.4,0.16,0.25,0.4,0.1,0.2,33.724749953208224,18.949065402570785,1.346504539859263,25.38,0.7790077900779008,0.2,1.0621780831931538,48.76785766024791,GM001,3.1481495333637377,0.3176469190558172,0.05,241.765671043718,0.007292211549086,0.729221154908609,10.0,4.144962544236065,True,4878,281,66.13959670066833,6.08
S015,15,3.2,48.0,2,3,6.0,4.0,12.0,12.0,144.0,0.4,0.16,0.25,0.4,0.1,0.2,13.524132183148598,14.789498876160662,0.9208366620409144,21.98,2.8521391043282462,0.2,2.5142460490278933,39.95245644502771,GM002,3.1481495333637377,0.3176469190558172,0.05,16.151690017729976,0.0013245043723734,0.1324504372373427,2.0,2.0776717276965364,True,3997,282,54.62176442146301,5.68
S015,15,3.2,48.0,2,3,6.0,4.0,12.0,12.0,144.0,0.4,0.16,0.25,0.4,0.1,0.2,11.513141680876746,7.560542073809191,0.7826640027451861,11.06,3.1932093775262733,0.2,3.0757117330933914,24.728847742837488,GM003,3.1481495333637377,0.3176469190558172,0.05,8.319969264931592,0.0010042084542326,0.100420845423268,2.0,2.244273048722099,True,2474,283,36.404521226882935,5.32
S015,15,3.2,48.0,2,3,6.0,4.0,12.0,12.0,144.0,0.4,0.16,0.25,0.4,0.1,0.2,6.672365414950108,6.719688458974504,0.8438217290766784,13.55,5.817068503635668,0.2,5.755012308403533,26.119346099127668,GM004,3.1481495333637377,0.3176469190558172,0.05,22.40307565392305,0.000669743733642,0.0669743733642098,4.0,2.011201628806699,True,2613,284,37.89204931259155,5.34
S015,15,3.2,48.0,2,3,6.0,4.0,12.0,12.0,144.0,0.4,0.16,0.25,0.4,0.1,0.2,5.664267143843513,12.625830739792717,0.7212259538622585,13.420000000000002,7.066557107641742,0.2,6.636696742896389,24.32647834248529,GM005,3.1481495333637377,0.3176469190558172,0.05,23.835814533309243,0.0007148685418027,0.0714868541802719,4.0,1.9866376149466,True,2434,285,35.72923517227173,5.24
S015,15,3.2,48.0,2,3,6.0,4.0,12.0,12.0,144.0,0.4,0.16,0.25,0.4,0.1,0.35,63.06773902376135,69.78490758023827,4.969633631354305,26.190000000000005,0.6795716639209225,0.35,0.8427860127280369,48.54687625368132,GM006,3.1481495333637377,0.3176469190558172,0.05,307.4329335213511,0.0108210736205417,1.0821073620541757,10.0,7.525584642619007,True,4856,286,64.74971222877502,6.75
S015,15,3.2,48.0,2,3,6.0,4.0,12.0,12.0,144.0,0.4,0.16,0.25,0.4,0.1,0.35,31.18213548288276,13.423292753085295,3.5964036829916104,17.450000000000003,2.1102362204724407,0.35,1.8966419472757068,31.732860248912687,GM007,3.1481495333637377,0.3176469190558172,0.05,36.56551918555112,0.0045957804160492,0.459578041604928,3.0,3.792585602734923,True,3175,287,44.95387482643128,6.25
S015,15,3.2,48.0,2,3,6.0,4.0,12.0,12.0,144.0,0.4,0.16,0.25,0.4,0.1,0.35,17.29928709321277,17.06516915375435,2.620342091896445,14.86,3.43839541547278,0.35,3.0275840474916667,31.39477081852495,GM008,3.1481495333637377,0.3176469190558172,0.05,23.32124202576327,0.0018100933797845,0.1810093379784588,2.0,3.8145665764149137,True,3141,288,44.57839822769165,5.97
S015,15,3.2,48.0,2,3,6.0,4.0,12.0,12.0,144.0,0.4,0.16,0.25,0.4,0.1,0.35,9.9961672381982,2.159835002951208,0.78163944801236,6.1,7.451564828614009,0.35,6.267985100144817,13.402087780712826,GM009,3.1481495333637377,0.3176469190558172,0.05,13.715839201413928,0.0006202349687475,0.0620234968747536,2.0,3.300072999229614,True,1342,289,22.325200080871586,5.0
S015,15,3.2,48.0,2,3,6.0,4.0,12.0,12.0,144.0,0.4,0.16,0.25,0.4,0.1,0.35,9.117930487349971,4.839859343819583,1.524764882114188,7.81,6.44361833952912,0.35,6.556380630993073,16.124252698347956,GM010,3.1481495333637377,0.3176469190558172,0.05,15.273562030660436,0.0005444070627577,0.0544407062757713,2.0,3.428416514173504,True,1614,290,25.952621459960938,5.29
S015,15,3.2,48.0,2,3,6.0,4.0,12.0,12.0,144.0,0.4,0.16,0.25,0.4,0.1,0.5,103.78646459524916,102.46376148457,10.301907051473773,24.64,0.7695423248278656,0.5,0.8249428817678108,49.3671464622098,GM011,3.1481495333637377,0.3176469190558172,0.05,580.9547932177811,0.0173308138738248,1.733081387382481,9.0,10.423146770019892,True,4938,291,65.67864775657654,7.17
S015,15,3.2,48.0,2,3,6.0,4.0,12.0,12.0,144.0,0.4,0.16,0.25,0.4,0.1,0.5,43.81133529558346,12.508231190577826,6.522782124023682,15.68,2.1181384248210025,0.5,1.7530074828421631,33.50141695516064,GM012,3.1481495333637377,0.3176469190558172,0.05,90.4321896647394,0.0054556641519086,0.5455664151908695,3.0,4.692791295004098,True,3352,292,46.34012842178345,6.36
S015,15,3.2,48.0,2,3,6.0,4.0,12.0,12.0,144.0,0.4,0.16,0.25,0.4,0.1,0.5,34.03908206278366,3.1295061607583845,2.746068006539613,10.64,2.182347235693501,0.5,2.9160861723349143,20.60583722265584,GM013,3.1481495333637377,0.3176469190558172,0.05,30.696630972304465,0.0040452778988776,0.4045277898877626,2.0,5.111732261430546,True,2062,293,31.30834722518921,5.86
S015,15,3.2,48.0,2,3,6.0,4.0,12.0,12.0,144.0,0.4,0.16,0.25,0.4,0.1,0.5,18.45533882580252,14.80201624834675,4.384404010019975,13.99,4.732510288065844,0.5,4.923044536737827,29.145557494343898,GM014,3.1481495333637377,0.3176469190558172,0.05,20.83702076582646,0.0012549352548275,0.1254935254827532,2.0,4.952885966459968,True,2916,294,41.56248569488525,5.95
S015,15,3.2,48.0,2,3,6.0,4.0,12.0,12.0,144.0,0.4,0.16,0.25,0.4,0.1,0.5,19.24086715150233,12.420394041706963,2.841465779297746,12.25,9.361702127659576,0.5,7.245419023545791,23.4819579140368,GM015,3.1481495333637377,0.3176469190558172,0.05,45.57244527575049,0.0013839914240859,0.1383991424085984,6.0,4.824929887416666,True,2350,295,34.983269929885864,5.81
S015,15,3.2,48.0,2,3,6.0,4.0,12.0,12.0,144.0,0.4,0.16,0.25,0.4,0.1,0.7,123.7595083309582,112.69968149869808,17.509930352017964,22.65,1.0585918266863614,0.7,1.0754391522554805,40.60105369611207,GM016,3.1481495333637377,0.3176469190558172,0.05,690.1109947559315,0.0248558587378477,2.4855858737847782,10.0,15.28175609268201,True,4062,296,54.705357789993286,7.46
S015,15,3.2,48.0,2,3,6.0,4.0,12.0,12.0,144.0,0.4,0.16,0.25,0.4,0.1,0.7,64.59644568791263,16.74792888475344,16.036406651915282,11.260000000000002,2.025630425795783,0.7,2.1262265800410804,24.174389942525263,GM017,3.1481495333637377,0.3176469190558172,0.05,59.53174774693756,0.0069714821199778,0.6971482119977801,2.0,9.59593708312411,True,2419,297,35.27539277076721,6.67
S015,15,3.2,48.0,2,3,6.0,4.0,12.0,12.0,144.0,0.4,0.16,0.25,0.4,0.1,0.7,30.67798559089125,26.045018761285505,14.611557120426408,16.19,3.604923798358734,0.7,3.247999378380634,34.10290486983198,GM018,3.1481495333637377,0.3176469190558172,0.05,38.62130059731982,0.0025136786471511,0.2513678647151103,2.0,6.146925979025688,True,3412,298,48.2611882686615,6.79
S015,15,3.2,48.0,2,3,6.0,4.0,12.0,12.0,144.0,0.4,0.16,0.25,0.4,0.1,0.7,17.921335956137025,5.130317972579734,6.759252886649012,13.25,6.394664574342879,0.7,6.485260383358972,25.47662859177758,GM019,3.1481495333637377,0.3176469190558172,0.05,28.215916545790265,0.0009159231734019,0.0915923173401967,3.0,6.742065999387449,True,2549,299,37.440507650375366,6.09
S015,15,3.2,48.0,2,3,6.0,4.0,12.0,12.0,144.0,0.4,0.16,0.25,0.4,0.1,0.7,14.51176429983206,6.940468227237262,4.130353652872347,6.4,6.382978723404255,0.7,8.493225110568062,13.613849257253516,GM020,3.1481495333637377,0.3176469190558172,0.05,14.002543224057389,0.0006552046530647,0.0655204653064783,2.0,6.85427209299301,True,1363,300,22.66817045211792,5.67
S016,12,3.8,45.6,3,2,5.5,4.0,16.5,8.0,132.0,0.45,0.2025,0.4,0.4,0.16,0.2,33.724749953208224,18.949065402570785,1.346504539859263,25.38,0.7790077900779008,0.2,1.0621780831931538,48.76785766024791,GM001,1.9724470276701536,0.5069844644604706,0.05,184.90184212345687,0.0055037621423203,0.5503762142320354,6.0,4.998776161358681,True,4878,301,49.59401535987854,6.08
S016,12,3.8,45.6,3,2,5.5,4.0,16.5,8.0,132.0,0.45,0.2025,0.4,0.4,0.16,0.2,13.524132183148598,14.789498876160662,0.9208366620409144,21.98,2.8521391043282462,0.2,2.5142460490278933,39.95245644502771,GM002,1.9724470276701536,0.5069844644604706,0.05,11.738892774436406,0.0011062446409776,0.1106244640977661,2.0,1.801450475977717,True,3997,302,41.58356690406799,5.68
S016,12,3.8,45.6,3,2,5.5,4.0,16.5,8.0,132.0,0.45,0.2025,0.4,0.4,0.16,0.2,11.513141680876746,7.560542073809191,0.7826640027451861,11.06,3.1932093775262733,0.2,3.0757117330933914,24.728847742837488,GM003,1.9724470276701536,0.5069844644604706,0.05,8.93309598980491,0.0008740393398667,0.0874039339866776,2.0,2.590444277419101,True,2474,303,26.22481632232666,5.32
S016,12,3.8,45.6,3,2,5.5,4.0,16.5,8.0,132.0,0.45,0.2025,0.4,0.4,0.16,0.2,6.672365414950108,6.719688458974504,0.8438217290766784,13.55,5.817068503635668,0.2,5.755012308403533,26.119346099127668,GM004,1.9724470276701536,0.5069844644604706,0.05,14.036358543768744,0.0004794584224991,0.0479458422499123,3.0,1.911159537887717,True,2613,304,28.3097927570343,5.34
S016,12,3.8,45.6,3,2,5.5,4.0,16.5,8.0,132.0,0.45,0.2025,0.4,0.4,0.16,0.2,5.664267143843513,12.625830739792717,0.7212259538622585,13.420000000000002,7.066557107641742,0.2,6.636696742896389,24.32647834248529,GM005,1.9724470276701536,0.5069844644604706,0.05,10.145796986446088,0.0003636122575575,0.0363612257557578,3.0,1.9677807502544096,True,2434,305,26.33687973022461,5.24
S016,12,3.8,45.6,3,2,5.5,4.0,16.5,8.0,132.0,0.45,0.2025,0.4,0.4,0.16,0.35,63.06773902376135,69.78490758023827,4.969633631354305,26.190000000000005,0.6795716639209225,0.35,0.8427860127280369,48.54687625368132,GM006,1.9724470276701536,0.5069844644604706,0.05,426.2399277536271,0.0125364279652931,1.2536427965293162,5.0,8.701705838500835,True,4856,306,49.3411865234375,6.75
S016,12,3.8,45.6,3,2,5.5,4.0,16.5,8.0,132.0,0.45,0.2025,0.4,0.4,0.16,0.35,31.18213548288276,13.423292753085295,3.5964036829916104,17.450000000000003,2.1102362204724407,0.35,1.8966419472757068,31.732860248912687,GM007,1.9724470276701536,0.5069844644604706,0.05,52.96101611273146,0.0047573839077581,0.4757383907758104,9.0,4.412672328825537,True,3175,307,33.22649002075195,6.25
S016,12,3.8,45.6,3,2,5.5,4.0,16.5,8.0,132.0,0.45,0.2025,0.4,0.4,0.16,0.35,17.29928709321277,17.06516915375435,2.620342091896445,14.86,3.43839541547278,0.35,3.0275840474916667,31.39477081852495,GM008,1.9724470276701536,0.5069844644604706,0.05,13.507774386749375,0.0014375231102929,0.143752311029291,2.0,3.982128132106187,True,3141,308,32.98752975463867,5.97
S016,12,3.8,45.6,3,2,5.5,4.0,16.5,8.0,132.0,0.45,0.2025,0.4,0.4,0.16,0.35,9.9961672381982,2.159835002951208,0.78163944801236,6.1,7.451564828614009,0.35,6.267985100144817,13.402087780712826,GM009,1.9724470276701536,0.5069844644604706,0.05,18.080831597530427,0.0008315580293875,0.083155802938757,3.0,3.168656412753936,True,1342,309,15.817670583724976,5.0
S016,12,3.8,45.6,3,2,5.5,4.0,16.5,8.0,132.0,0.45,0.2025,0.4,0.4,0.16,0.35,9.117930487349971,4.839859343819583,1.524764882114188,7.81,6.44361833952912,0.35,6.556380630993073,16.124252698347956,GM010,1.9724470276701536,0.5069844644604706,0.05,8.98206708546352,0.0005149326386248,0.0514932638624823,2.0,3.644362554715144,True,1614,310,18.27102422714233,5.29
S016,12,3.8,45.6,3,2,5.5,4.0,16.5,8.0,132.0,0.45,0.2025,0.4,0.4,0.16,0.5,103.78646459524916,102.46376148457,10.301907051473773,24.64,0.7695423248278656,0.5,0.8249428817678108,49.3671464622098,GM011,1.9724470276701536,0.5069844644604706,0.05,1501.2139174581916,0.0462566388835375,4.625663888353759,3.0,20.141314444694885,True,4938,311,50.33316683769226,7.17
S016,12,3.8,45.6,3,2,5.5,4.0,16.5,8.0,132.0,0.45,0.2025,0.4,0.4,0.16,0.5,43.81133529558346,12.508231190577826,6.522782124023682,15.68,2.1181384248210025,0.5,1.7530074828421631,33.50141695516064,GM012,1.9724470276701536,0.5069844644604706,0.05,209.3986818519164,0.0083114296851109,0.8311429685110912,8.0,7.392525027948309,True,3352,312,35.55476689338684,6.36
S016,12,3.8,45.6,3,2,5.5,4.0,16.5,8.0,132.0,0.45,0.2025,0.4,0.4,0.16,0.5,34.03908206278366,3.1295061607583845,2.746068006539613,10.64,2.182347235693501,0.5,2.9160861723349143,20.60583722265584,GM013,1.9724470276701536,0.5069844644604706,0.05,20.546916775564185,0.0030520538072976,0.3052053807297603,10.0,3.030822654004248,True,2062,313,23.30442690849304,5.86
S016,12,3.8,45.6,3,2,5.5,4.0,16.5,8.0,132.0,0.45,0.2025,0.4,0.4,0.16,0.5,18.45533882580252,14.80201624834675,4.384404010019975,13.99,4.732510288065844,0.5,4.923044536737827,29.145557494343898,GM014,1.9724470276701536,0.5069844644604706,0.05,24.04960573503445,0.0014865562600275,0.1486556260027531,2.0,4.803128833922716,True,2916,314,31.159475088119507,5.95
S016,12,3.8,45.6,3,2,5.5,4.0,16.5,8.0,132.0,0.45,0.2025,0.4,0.4,0.16,0.5,19.24086715150233,12.420394041706963,2.841465779297746,12.25,9.361702127659576,0.5,7.245419023545791,23.4819579140368,GM015,1.9724470276701536,0.5069844644604706,0.05,97.43776329583534,0.0030937841681781,0.3093784168178117,3.0,4.811701841079649,True,2350,315,25.3685109615326,5.81
S016,12,3.8,45.6,3,2,5.5,4.0,16.5,8.0,132.0,0.45,0.2025,0.4,0.4,0.16,0.7,123.7595083309582,112.69968149869808,17.509930352017964,22.65,1.0585918266863614,0.7,1.0754391522554805,40.60105369611207,GM016,1.9724470276701536,0.5069844644604706,0.05,818.6405190350664,0.0238420560200454,2.384205602004548,6.0,18.709321611939284,True,4062,316,42.0116913318634,7.46
S016,12,3.8,45.6,3,2,5.5,4.0,16.5,8.0,132.0,0.45,0.2025,0.4,0.4,0.16,0.7,64.59644568791263,16.74792888475344,16.036406651915282,11.260000000000002,2.025630425795783,0.7,2.1262265800410804,24.174389942525263,GM017,1.9724470276701536,0.5069844644604706,0.05,80.47232213274043,0.0096389388475563,0.963893884755634,10.0,9.655727827336772,True,2419,317,26.02187442779541,6.67
S016,12,3.8,45.6,3,2,5.5,4.0,16.5,8.0,132.0,0.45,0.2025,0.4,0.4,0.16,0.7,30.67798559089125,26.045018761285505,14.611557120426408,16.19,3.604923798358734,0.7,3.247999378380634,34.10290486983198,GM018,1.9724470276701536,0.5069844644604706,0.05,38.11811336355756,0.0020995104622101,0.2099510462210156,2.0,9.082105809174504,True,3412,318,35.458292961120605,6.79
S016,12,3.8,45.6,3,2,5.5,4.0,16.5,8.0,132.0,0.45,0.2025,0.4,0.4,0.16,0.7,17.921335956137025,5.130317972579734,6.759252886649012,13.25,6.394664574342879,0.7,6.485260383358972,25.47662859177758,GM019,1.9724470276701536,0.5069844644604706,0.05,22.84982274772608,0.0008332584103607,0.0833258410360737,2.0,7.309117188303449,True,2549,319,27.460957050323486,6.09
S016,12,3.8,45.6,3,2,5.5,4.0,16.5,8.0,132.0,0.45,0.2025,0.4,0.4,0.16,0.7,14.51176429983206,6.940468227237262,4.130353652872347,6.4,6.382978723404255,0.7,8.493225110568062,13.613849257253516,GM020,1.9724470276701536,0.5069844644604706,0.05,13.066559151610129,0.0006235601550958,0.0623560155095864,2.0,7.015975811820445,True,1363,320,16.145841598510742,5.67
S017,15,3.5,52.5,3,4,6.0,5.5,18.0,22.0,396.0,0.45,0.2025,0.3,0.5,0.15,0.2,33.724749953208224,18.949065402570785,1.346504539859263,25.38,0.7790077900779008,0.2,1.0621780831931538,48.76785766024791,GM001,3.417352281811384,0.2926242065596893,0.05,273.84948132709167,0.0073150289092895,0.7315028909289549,9.0,4.708256260293914,True,4878,321,162.77135157585144,6.08
S017,15,3.5,52.5,3,4,6.0,5.5,18.0,22.0,396.0,0.45,0.2025,0.3,0.5,0.15,0.2,13.524132183148598,14.789498876160662,0.9208366620409144,21.98,2.8521391043282462,0.2,2.5142460490278933,39.95245644502771,GM002,3.417352281811384,0.2926242065596893,0.05,14.102656214805704,0.0010690925374804,0.1069092537480463,2.0,1.9592738331929096,True,3997,322,141.23300790786743,5.68
S017,15,3.5,52.5,3,4,6.0,5.5,18.0,22.0,396.0,0.45,0.2025,0.3,0.5,0.15,0.2,11.513141680876746,7.560542073809191,0.7826640027451861,11.06,3.1932093775262733,0.2,3.0757117330933914,24.728847742837488,GM003,3.417352281811384,0.2926242065596893,0.05,8.977933400354106,0.0009183048171553,0.0918304817155365,2.0,2.327433509200728,True,2474,323,99.25215601921082,5.32
S017,15,3.5,52.5,3,4,6.0,5.5,18.0,22.0,396.0,0.45,0.2025,0.3,0.5,0.15,0.2,6.672365414950108,6.719688458974504,0.8438217290766784,13.55,5.817068503635668,0.2,5.755012308403533,26.119346099127668,GM004,3.417352281811384,0.2926242065596893,0.05,19.446164233184994,0.0005429786207563,0.0542978620756321,3.0,2.007573672875396,True,2613,324,103.02579307556152,5.34
S017,15,3.5,52.5,3,4,6.0,5.5,18.0,22.0,396.0,0.45,0.2025,0.3,0.5,0.15,0.2,5.664267143843513,12.625830739792717,0.7212259538622585,13.420000000000002,7.066557107641742,0.2,6.636696742896389,24.32647834248529,GM005,3.417352281811384,0.2926242065596893,0.05,22.07848248435303,0.0006100212098707,0.0610021209870732,3.0,1.9787634191965,True,2434,325,98.05870127677916,5.24
S017,15,3.5,52.5,3,4,6.0,5.5,18.0,22.0,396.0,0.45,0.2025,0.3,0.5,0.15,0.35,63.06773902376135,69.78490758023827,4.969633631354305,26.190000000000005,0.6795716639209225,0.35,0.8427860127280369,48.54687625368132,GM006,3.417352281811384,0.2926242065596893,0.05,306.32664784841404,0.0089952684986554,0.8995268498655442,9.0,7.24661345669905,True,4856,326,161.9900357723236,6.75
S017,15,3.5,52.5,3,4,6.0,5.5,18.0,22.0,396.0,0.45,0.2025,0.3,0.5,0.15,0.35,31.18213548288276,13.423292753085295,3.5964036829916104,17.450000000000003,2.1102362204724407,0.35,1.8966419472757068,31.732860248912687,GM007,3.417352281811384,0.2926242065596893,0.05,36.4604207573076,0.0040178373107572,0.4017837310757228,2.0,3.6846282381044246,True,3175,327,117.63773345947266,6.25
S017,15,3.5,52.5,3,4,6.0,5.5,18.0,22.0,396.0,0.45,0.2025,0.3,0.5,0.15,0.35,17.29928709321277,17.06516915375435,2.620342091896445,14.86,3.43839541547278,0.35,3.0275840474916667,31.39477081852495,GM008,3.417352281811384,0.2926242065596893,0.05,20.58917988752965,0.0015433555284822,0.1543355528482299,2.0,3.661930376238572,True,3141,328,117.33628010749815,5.97
S017,15,3.5,52.5,3,4,6.0,5.5,18.0,22.0,396.0,0.45,0.2025,0.3,0.5,0.15,0.35,9.9961672381982,2.159835002951208,0.78163944801236,6.1,7.451564828614009,0.35,6.267985100144817,13.402087780712826,GM009,3.417352281811384,0.2926242065596893,0.05,14.375640862245852,0.0006053169964659,0.0605316996465913,2.0,3.29910573425108,True,1342,329,70.12119245529175,5.0
S017,15,3.5,52.5,3,4,6.0,5.5,18.0,22.0,396.0,0.45,0.2025,0.3,0.5,0.15,0.35,9.117930487349971,4.839859343819583,1.524764882114188,7.81,6.44361833952912,0.35,6.556380630993073,16.124252698347956,GM010,3.417352281811384,0.2926242065596893,0.05,11.962690679918577,0.0005052843852616,0.0505284385261644,2.0,3.447227231867522,True,1614,330,79.8589038848877,5.29
S017,15,3.5,52.5,3,4,6.0,5.5,18.0,22.0,396.0,0.45,0.2025,0.3,0.5,0.15,0.5,103.78646459524916,102.46376148457,10.301907051473773,24.64,0.7695423248278656,0.5,0.8249428817678108,49.3671464622098,GM011,3.417352281811384,0.2926242065596893,0.05,629.8208899226522,0.016251386970186,1.625138697018602,8.0,10.638408314494631,True,4938,331,164.44609928131104,7.17
S017,15,3.5,52.5,3,4,6.0,5.5,18.0,22.0,396.0,0.45,0.2025,0.3,0.5,0.15,0.5,43.81133529558346,12.508231190577826,6.522782124023682,15.68,2.1181384248210025,0.5,1.7530074828421631,33.50141695516064,GM012,3.417352281811384,0.2926242065596893,0.05,93.409437176276,0.0053376823371535,0.5337682337153593,2.0,4.160783411560534,True,3352,332,122.2871072292328,6.36
S017,15,3.5,52.5,3,4,6.0,5.5,18.0,22.0,396.0,0.45,0.2025,0.3,0.5,0.15,0.5,34.03908206278366,3.1295061607583845,2.746068006539613,10.64,2.182347235693501,0.5,2.9160861723349143,20.60583722265584,GM013,3.417352281811384,0.2926242065596893,0.05,30.55847414321981,0.0033159216709797,0.3315921670979729,2.0,4.8247908974107165,True,2062,333,88.6414589881897,5.86
S017,15,3.5,52.5,3,4,6.0,5.5,18.0,22.0,396.0,0.45,0.2025,0.3,0.5,0.15,0.5,18.45533882580252,14.80201624834675,4.384404010019975,13.99,4.732510288065844,0.5,4.923044536737827,29.145557494343898,GM014,3.417352281811384,0.2926242065596893,0.05,21.134700264764525,0.0012085657104374,0.1208565710437477,2.0,4.940957669558413,True,2916,334,111.07610821723938,5.95
S017,15,3.5,52.5,3,4,6.0,5.5,18.0,22.0,396.0,0.45,0.2025,0.3,0.5,0.15,0.5,19.24086715150233,12.420394041706963,2.841465779297746,12.25,9.361702127659576,0.5,7.245419023545791,23.4819579140368,GM015,3.417352281811384,0.2926242065596893,0.05,51.56002440097918,0.0013382141129801,0.133821411298019,7.0,4.796718673060104,True,2350,335,95.98089599609376,5.81
S017,15,3.5,52.5,3,4,6.0,5.5,18.0,22.0,396.0,0.45,0.2025,0.3,0.5,0.15,0.7,123.7595083309582,112.69968149869808,17.509930352017964,22.65,1.0585918266863614,0.7,1.0754391522554805,40.60105369611207,GM016,3.417352281811384,0.2926242065596893,0.05,834.8076302440223,0.0232392716944891,2.3239271694489188,9.0,16.328363907430646,True,4062,336,140.95886397361755,7.46
S017,15,3.5,52.5,3,4,6.0,5.5,18.0,22.0,396.0,0.45,0.2025,0.3,0.5,0.15,0.7,64.59644568791263,16.74792888475344,16.036406651915282,11.260000000000002,2.025630425795783,0.7,2.1262265800410804,24.174389942525263,GM017,3.417352281811384,0.2926242065596893,0.05,64.50011902178603,0.0062641218290263,0.6264121829026341,4.0,9.24748918024314,True,2419,337,98.37311935424805,6.67
S017,15,3.5,52.5,3,4,6.0,5.5,18.0,22.0,396.0,0.45,0.2025,0.3,0.5,0.15,0.7,30.67798559089125,26.045018761285505,14.611557120426408,16.19,3.604923798358734,0.7,3.247999378380634,34.10290486983198,GM018,3.417352281811384,0.2926242065596893,0.05,42.12847559618734,0.0023137293103849,0.2313729310384981,2.0,6.358279571681939,True,3412,338,127.89797282218932,6.79
S017,15,3.5,52.5,3,4,6.0,5.5,18.0,22.0,396.0,0.45,0.2025,0.3,0.5,0.15,0.7,17.921335956137025,5.130317972579734,6.759252886649012,13.25,6.394664574342879,0.7,6.485260383358972,25.47662859177758,GM019,3.417352281811384,0.2926242065596893,0.05,29.732532037910897,0.0008331761412486,0.0833176141248697,3.0,6.775099771067559,True,2549,339,101.9354772567749,6.09
S017,15,3.5,52.5,3,4,6.0,5.5,18.0,22.0,396.0,0.45,0.2025,0.3,0.5,0.15,0.7,14.51176429983206,6.940468227237262,4.130353652872347,6.4,6.382978723404255,0.7,8.493225110568062,13.613849257253516,GM020,3.417352281811384,0.2926242065596893,0.05,14.200092189255685,0.0006151332027665,0.0615133202766506,1.0,6.858705141797585,True,1363,340,70.48489046096802,5.67
S018,5,3.5,17.5,2,2,6.0,5.5,12.0,11.0,132.0,0.6,0.36,0.3,0.4,0.12,0.2,33.724749953208224,18.949065402570785,1.346504539859263,25.38,0.7790077900779008,0.2,1.0621780831931538,48.76785766024791,GM001,1.005765559114967,0.9942674919987908,0.05,171.52726502320377,0.0125683285915544,1.2568328591554423,3.0,9.174948582667415,True,4878,341,9.67405390739441,6.08
S018,5,3.5,17.5,2,2,6.0,5.5,12.0,11.0,132.0,0.6,0.36,0.3,0.4,0.12,0.2,13.524132183148598,14.789498876160662,0.9208366620409144,21.98,2.8521391043282462,0.2,2.5142460490278933,39.95245644502771,GM002,1.005765559114967,0.9942674919987908,0.05,22.595017686256245,0.0016846906268757,0.1684690626875719,4.0,3.9077783907345136,True,3997,342,8.119273900985718,5.68
S018,5,3.5,17.5,2,2,6.0,5.5,12.0,11.0,132.0,0.6,0.36,0.3,0.4,0.12,0.2,11.513141680876746,7.560542073809191,0.7826640027451861,11.06,3.1932093775262733,0.2,3.0757117330933914,24.728847742837488,GM003,1.005765559114967,0.9942674919987908,0.05,18.55036576626466,0.001613018007165,0.1613018007165,4.0,4.234374042401488,True,2474,343,4.875102281570435,5.32
S018,5,3.5,17.5,2,2,6.0,5.5,12.0,11.0,132.0,0.6,0.36,0.3,0.4,0.12,0.2,6.672365414950108,6.719688458974504,0.8438217290766784,13.55,5.817068503635668,0.2,5.755012308403533,26.119346099127668,GM004,1.005765559114967,0.9942674919987908,0.05,2.858785356642908,0.0005199299655121,0.0519929965512102,5.0,1.1987832255836453,True,2613,344,5.312741279602051,5.34
S018,5,3.5,17.5,2,2,6.0,5.5,12.0,11.0,132.0,0.6,0.36,0.3,0.4,0.12,0.2,5.664267143843513,12.625830739792717,0.7212259538622585,13.420000000000002,7.066557107641742,0.2,6.636696742896389,24.32647834248529,GM005,1.005765559114967,0.9942674919987908,0.05,3.384359093520477,0.0003687579121993,0.0368757912199305,5.0,1.2024226441541128,True,2434,345,5.080788373947144,5.24
S018,5,3.5,17.5,2,2,6.0,5.5,12.0,11.0,132.0,0.6,0.36,0.3,0.4,0.12,0.35,63.06773902376135,69.78490758023827,4.969633631354305,26.190000000000005,0.6795716639209225,0.35,0.8427860127280369,48.54687625368132,GM006,1.005765559114967,0.9942674919987908,0.05,222.4330902782083,0.0162676185686881,1.626761856868814,3.0,9.324160978580622,True,4856,346,9.559833288192747,6.75
S018,5,3.5,17.5,2,2,6.0,5.5,12.0,11.0,132.0,0.6,0.36,0.3,0.4,0.12,0.35,31.18213548288276,13.423292753085295,3.5964036829916104,17.450000000000003,2.1102362204724407,0.35,1.8966419472757068,31.732860248912687,GM007,1.005765559114967,0.9942674919987908,0.05,149.02623968288776,0.0109462127723777,1.0946212772377748,3.0,12.374695043258203,True,3175,347,6.505295991897583,6.25
S018,5,3.5,17.5,2,2,6.0,5.5,12.0,11.0,132.0,0.6,0.36,0.3,0.4,0.12,0.35,17.29928709321277,17.06516915375435,2.620342091896445,14.86,3.43839541547278,0.35,3.0275840474916667,31.39477081852495,GM008,1.005765559114967,0.9942674919987908,0.05,22.315341342643567,0.0022393778144222,0.2239377814422292,4.0,7.224239329549904,True,3141,348,6.186310529708862,5.97
S018,5,3.5,17.5,2,2,6.0,5.5,12.0,11.0,132.0,0.6,0.36,0.3,0.4,0.12,0.35,9.9961672381982,2.159835002951208,0.78163944801236,6.1,7.451564828614009,0.35,6.267985100144817,13.402087780712826,GM009,1.005765559114967,0.9942674919987908,0.05,9.503795147136987,0.0015258625347993,0.1525862534799353,5.0,3.323128749593905,True,1342,349,2.731411933898926,5.0
S018,5,3.5,17.5,2,2,6.0,5.5,12.0,11.0,132.0,0.6,0.36,0.3,0.4,0.12,0.35,9.117930487349971,4.839859343819583,1.524764882114188,7.81,6.44361833952912,0.35,6.556380630993073,16.124252698347956,GM010,1.005765559114967,0.9942674919987908,0.05,4.546414619164064,0.0011612562517086,0.1161256251708614,5.0,3.274257850279897,True,1614,350,3.5447211265563965,5.29
S018,5,3.5,17.5,2,2,6.0,5.5,12.0,11.0,132.0,0.6,0.36,0.3,0.4,0.12,0.5,103.78646459524916,102.46376148457,10.301907051473773,24.64,0.7695423248278656,0.5,0.8249428817678108,49.3671464622098,GM011,1.005765559114967,0.9942674919987908,0.05,200.10724539563003,0.0146584765600243,1.4658476560024325,3.0,6.421288562861864,True,4938,351,9.657650709152222,7.17
S018,5,3.5,17.5,2,2,6.0,5.5,12.0,11.0,132.0,0.6,0.36,0.3,0.4,0.12,0.5,43.81133529558346,12.508231190577826,6.522782124023682,15.68,2.1181384248210025,0.5,1.7530074828421631,33.50141695516064,GM012,1.005765559114967,0.9942674919987908,0.05,153.4893250714337,0.0112467232630097,1.1246723263009717,3.0,14.088369733786855,True,3352,352,6.84825325012207,6.36
S018,5,3.5,17.5,2,2,6.0,5.5,12.0,11.0,132.0,0.6,0.36,0.3,0.4,0.12,0.5,34.03908206278366,3.1295061607583845,2.746068006539613,10.64,2.182347235693501,0.5,2.9160861723349143,20.60583722265584,GM013,1.005765559114967,0.9942674919987908,0.05,93.2031704516779,0.0068450325725863,0.6845032572586359,3.0,10.7268631446529,True,2062,353,4.053262710571289,5.86
S018,5,3.5,17.5,2,2,6.0,5.5,12.0,11.0,132.0,0.6,0.36,0.3,0.4,0.12,0.5,18.45533882580252,14.80201624834675,4.384404010019975,13.99,4.732510288065844,0.5,4.923044536737827,29.145557494343898,GM014,1.005765559114967,0.9942674919987908,0.05,16.65724969945233,0.0027982524351019,0.2798252435101998,5.0,8.077690940616883,True,2916,354,5.651002168655396,5.95
S018,5,3.5,17.5,2,2,6.0,5.5,12.0,11.0,132.0,0.6,0.36,0.3,0.4,0.12,0.5,19.24086715150233,12.420394041706963,2.841465779297746,12.25,9.361702127659576,0.5,7.245419023545791,23.4819579140368,GM015,1.005765559114967,0.9942674919987908,0.05,11.894038305665584,0.0010782831703586,0.1078283170358653,5.0,3.861067217606634,True,2350,355,4.92351770401001,5.81
S018,5,3.5,17.5,2,2,6.0,5.5,12.0,11.0,132.0,0.6,0.36,0.3,0.4,0.12,0.7,123.7595083309582,112.69968149869808,17.509930352017964,22.65,1.0585918266863614,0.7,1.0754391522554805,40.60105369611207,GM016,1.005765559114967,0.9942674919987908,0.05,632.764354783116,0.0463334087005466,4.633340870054663,3.0,32.37550734821884,True,4062,356,7.904459238052368,7.46
S018,5,3.5,17.5,2,2,6.0,5.5,12.0,11.0,132.0,0.6,0.36,0.3,0.4,0.12,0.7,64.59644568791263,16.74792888475344,16.036406651915282,11.260000000000002,2.025630425795783,0.7,2.1262265800410804,24.174389942525263,GM017,1.005765559114967,0.9942674919987908,0.05,228.11386030394004,0.0167448359442801,1.674483594428018,3.0,22.376073219200844,True,2419,357,4.727505683898926,6.67
S018,5,3.5,17.5,2,2,6.0,5.5,12.0,11.0,132.0,0.6,0.36,0.3,0.4,0.12,0.7,30.67798559089125,26.045018761285505,14.611557120426408,16.19,3.604923798358734,0.7,3.247999378380634,34.10290486983198,GM018,1.005765559114967,0.9942674919987908,0.05,31.64375489273566,0.0047876547765425,0.4787654776542548,5.0,16.08415979333993,True,3412,358,6.901349782943726,6.79
S018,5,3.5,17.5,2,2,6.0,5.5,12.0,11.0,132.0,0.6,0.36,0.3,0.4,0.12,0.7,17.921335956137025,5.130317972579734,6.759252886649012,13.25,6.394664574342879,0.7,6.485260383358972,25.47662859177758,GM019,1.005765559114967,0.9942674919987908,0.05,8.20660846379489,0.0014886571056303,0.1488657105630357,5.0,6.166940107687092,True,2549,359,4.955639600753784,6.09
S018,5,3.5,17.5,2,2,6.0,5.5,12.0,11.0,132.0,0.6,0.36,0.3,0.4,0.12,0.7,14.51176429983206,6.940468227237262,4.130353652872347,6.4,6.382978723404255,0.7,8.493225110568062,13.613849257253516,GM020,1.005765559114967,0.9942674919987908,0.05,5.422843614613688,0.0008200241717279,0.0820024171727916,5.0,4.38943229562474,True,1363,360,2.7546308040618896,5.67
S019,6,3.8,22.8,4,4,6.0,6.0,24.0,24.0,576.0,0.5,0.25,0.35,0.45,0.1575,0.2,33.724749953208224,18.949065402570785,1.346504539859263,25.38,0.7790077900779008,0.2,1.0621780831931538,48.76785766024791,GM001,1.5457905807651298,0.6469181611295779,0.05,388.8088536243096,0.0230346074372238,2.3034607437223804,3.0,10.669801743676745,True,4878,361,75.2662365436554,6.08
S019,6,3.8,22.8,4,4,6.0,6.0,24.0,24.0,576.0,0.5,0.25,0.35,0.45,0.1575,0.2,13.524132183148598,14.789498876160662,0.9208366620409144,21.98,2.8521391043282462,0.2,2.5142460490278933,39.95245644502771,GM002,1.5457905807651298,0.6469181611295779,0.05,25.897262283621707,0.0019623827984878,0.1962382798487864,5.0,2.5959009762438683,True,3997,362,62.06480264663696,5.68
S019,6,3.8,22.8,4,4,6.0,6.0,24.0,24.0,576.0,0.5,0.25,0.35,0.45,0.1575,0.2,11.513141680876746,7.560542073809191,0.7826640027451861,11.06,3.1932093775262733,0.2,3.0757117330933914,24.728847742837488,GM003,1.5457905807651298,0.6469181611295779,0.05,8.473485428642627,0.0014759553197633,0.1475955319763348,5.0,1.79550270291468,True,2474,363,39.18574047088623,5.32
S019,6,3.8,22.8,4,4,6.0,6.0,24.0,24.0,576.0,0.5,0.25,0.35,0.45,0.1575,0.2,6.672365414950108,6.719688458974504,0.8438217290766784,13.55,5.817068503635668,0.2,5.755012308403533,26.119346099127668,GM004,1.5457905807651298,0.6469181611295779,0.05,5.443115437768944,0.0004593457983663,0.0459345798366355,2.0,2.45738236096293,True,2613,364,41.999966621398926,5.34
S019,6,3.8,22.8,4,4,6.0,6.0,24.0,24.0,576.0,0.5,0.25,0.35,0.45,0.1575,0.2,5.664267143843513,12.625830739792717,0.7212259538622585,13.420000000000002,7.066557107641742,0.2,6.636696742896389,24.32647834248529,GM005,1.5457905807651298,0.6469181611295779,0.05,4.995672145492727,0.0003341388303159,0.0334138830315998,2.0,2.427508337934318,True,2434,365,38.81734752655029,5.24
S019,6,3.8,22.8,4,4,6.0,6.0,24.0,24.0,576.0,0.5,0.25,0.35,0.45,0.1575,0.35,63.06773902376135,69.78490758023827,4.969633631354305,26.190000000000005,0.6795716639209225,0.35,0.8427860127280369,48.54687625368132,GM006,1.5457905807651298,0.6469181611295779,0.05,591.2598106194765,0.0358940726704987,3.5894072670498733,2.0,13.596312743562931,True,4856,366,74.65155029296875,6.75
S019,6,3.8,22.8,4,4,6.0,6.0,24.0,24.0,576.0,0.5,0.25,0.35,0.45,0.1575,0.35,31.18213548288276,13.423292753085295,3.5964036829916104,17.450000000000003,2.1102362204724407,0.35,1.8966419472757068,31.732860248912687,GM007,1.5457905807651298,0.6469181611295779,0.05,64.25502622850348,0.0048521208767249,0.4852120876724976,5.0,7.583219694932013,True,3175,367,49.71140384674072,6.25
S019,6,3.8,22.8,4,4,6.0,6.0,24.0,24.0,576.0,0.5,0.25,0.35,0.45,0.1575,0.35,17.29928709321277,17.06516915375435,2.620342091896445,14.86,3.43839541547278,0.35,3.0275840474916667,31.39477081852495,GM008,1.5457905807651298,0.6469181611295779,0.05,17.95773192673675,0.0023109430168858,0.2310943016885805,5.0,3.377634206011575,True,3141,368,49.19323706626892,5.97
S019,6,3.8,22.8,4,4,6.0,6.0,24.0,24.0,576.0,0.5,0.25,0.35,0.45,0.1575,0.35,9.9961672381982,2.159835002951208,0.78163944801236,6.1,7.451564828614009,0.35,6.267985100144817,13.402087780712826,GM009,1.5457905807651298,0.6469181611295779,0.05,31.875521710752093,0.002145711648264,0.2145711648264049,2.0,3.273677126166138,True,1342,369,23.320608615875244,5.0
S019,6,3.8,22.8,4,4,6.0,6.0,24.0,24.0,576.0,0.5,0.25,0.35,0.45,0.1575,0.35,9.117930487349971,4.839859343819583,1.524764882114188,7.81,6.44361833952912,0.35,6.556380630993073,16.124252698347956,GM010,1.5457905807651298,0.6469181611295779,0.05,4.843662158191626,0.0005986832091262,0.0598683209126214,2.0,4.144571938461886,True,1614,370,26.754603385925293,5.29
S019,6,3.8,22.8,4,4,6.0,6.0,24.0,24.0,576.0,0.5,0.25,0.35,0.45,0.1575,0.5,103.78646459524916,102.46376148457,10.301907051473773,24.64,0.7695423248278656,0.5,0.8249428817678108,49.3671464622098,GM011,1.5457905807651298,0.6469181611295779,0.05,1222.1759473512702,0.0739712377589666,7.397123775896667,2.0,29.12667484949744,True,4938,371,76.81304335594177,7.17
S019,6,3.8,22.8,4,4,6.0,6.0,24.0,24.0,576.0,0.5,0.25,0.35,0.45,0.1575,0.5,43.81133529558346,12.508231190577826,6.522782124023682,15.68,2.1181384248210025,0.5,1.7530074828421631,33.50141695516064,GM012,1.5457905807651298,0.6469181611295779,0.05,79.99539936897061,0.0063878755202104,0.6387875520210456,5.0,10.20861299128878,True,3352,372,52.73857045173645,6.36
S019,6,3.8,22.8,4,4,6.0,6.0,24.0,24.0,576.0,0.5,0.25,0.35,0.45,0.1575,0.5,34.03908206278366,3.1295061607583845,2.746068006539613,10.64,2.182347235693501,0.5,2.9160861723349143,20.60583722265584,GM013,1.5457905807651298,0.6469181611295779,0.05,54.39457124222476,0.0052194430524658,0.5219443052465838,5.0,8.099721797956056,True,2062,373,34.31525707244873,5.86
S019,6,3.8,22.8,4,4,6.0,6.0,24.0,24.0,576.0,0.5,0.25,0.35,0.45,0.1575,0.5,18.45533882580252,14.80201624834675,4.384404010019975,13.99,4.732510288065844,0.5,4.923044536737827,29.145557494343898,GM014,1.5457905807651298,0.6469181611295779,0.05,54.79425538289384,0.0042742453729694,0.4274245372969481,2.0,5.755225635724456,True,2916,374,46.47657084465027,5.95
S019,6,3.8,22.8,4,4,6.0,6.0,24.0,24.0,576.0,0.5,0.25,0.35,0.45,0.1575,0.5,19.24086715150233,12.420394041706963,2.841465779297746,12.25,9.361702127659576,0.5,7.245419023545791,23.4819579140368,GM015,1.5457905807651298,0.6469181611295779,0.05,59.360934945949936,0.0037533410170556,0.3753341017055634,2.0,4.979607322755093,True,2350,375,38.15743947029114,5.81
S019,6,3.8,22.8,4,4,6.0,6.0,24.0,24.0,576.0,0.5,0.25,0.35,0.45,0.1575,0.7,123.7595083309582,112.69968149869808,17.509930352017964,22.65,1.0585918266863614,0.7,1.0754391522554805,40.60105369611207,GM016,1.5457905807651298,0.6469181611295779,0.05,471.9035878364243,0.0282284754567436,2.8228475456743665,3.0,19.42407569864418,True,4062,376,63.328712940216064,7.46
S019,6,3.8,22.8,4,4,6.0,6.0,24.0,24.0,576.0,0.5,0.25,0.35,0.45,0.1575,0.7,64.59644568791263,16.74792888475344,16.036406651915282,11.260000000000002,2.025630425795783,0.7,2.1262265800410804,24.174389942525263,GM017,1.5457905807651298,0.6469181611295779,0.05,110.50814072869072,0.0105881982907554,1.0588198290755406,5.0,14.516567653014626,True,2419,377,39.63806700706482,6.67
S019,6,3.8,22.8,4,4,6.0,6.0,24.0,24.0,576.0,0.5,0.25,0.35,0.45,0.1575,0.7,30.67798559089125,26.045018761285505,14.611557120426408,16.19,3.604923798358734,0.7,3.247999378380634,34.10290486983198,GM018,1.5457905807651298,0.6469181611295779,0.05,14.538236049729022,0.0028459604208295,0.2845960420829512,2.0,3.580586134136569,True,3412,378,54.304118394851685,6.79
S019,6,3.8,22.8,4,4,6.0,6.0,24.0,24.0,576.0,0.5,0.25,0.35,0.45,0.1575,0.7,17.921335956137025,5.130317972579734,6.759252886649012,13.25,6.394664574342879,0.7,6.485260383358972,25.47662859177758,GM019,1.5457905807651298,0.6469181611295779,0.05,8.444673973761473,0.0008958508285312,0.0895850828531243,2.0,6.618300788946963,True,2549,379,40.68266272544861,6.09
S019,6,3.8,22.8,4,4,6.0,6.0,24.0,24.0,576.0,0.5,0.25,0.35,0.45,0.1575,0.7,14.51176429983206,6.940468227237262,4.130353652872347,6.4,6.382978723404255,0.7,8.493225110568062,13.613849257253516,GM020,1.5457905807651298,0.6469181611295779,0.05,12.796324049944406,0.0008057476893053,0.0805747689305317,2.0,7.6927451863053244,True,1363,380,23.656949520111084,5.67
S020,8,3.5,28.0,3,2,5.0,5.5,15.0,11.0,165.0,0.5,0.25,0.25,0.4,0.1,0.2,33.724749953208224,18.949065402570785,1.346504539859263,25.38,0.7790077900779008,0.2,1.0621780831931538,48.76785766024791,GM001,2.1962326525916525,0.4553251673131967,0.05,296.55434033818983,0.0147617855788423,1.476178557884235,3.0,7.620225305011445,True,4878,381,31.32676649093628,6.08
S020,8,3.5,28.0,3,2,5.0,5.5,15.0,11.0,165.0,0.5,0.25,0.25,0.4,0.1,0.2,13.524132183148598,14.789498876160662,0.9208366620409144,21.98,2.8521391043282462,0.2,2.5142460490278933,39.95245644502771,GM002,2.1962326525916525,0.4553251673131967,0.05,20.8347496613303,0.0016602666928598,0.1660266692859889,6.0,2.2379280872599354,True,3997,382,25.75295090675354,5.68
S020,8,3.5,28.0,3,2,5.0,5.5,15.0,11.0,165.0,0.5,0.25,0.25,0.4,0.1,0.2,11.513141680876746,7.560542073809191,0.7826640027451861,11.06,3.1932093775262733,0.2,3.0757117330933914,24.728847742837488,GM003,2.1962326525916525,0.4553251673131967,0.05,6.939166817745158,0.0011497502931229,0.1149750293122987,7.0,1.394412928889898,True,2474,383,16.141772985458374,5.32
S020,8,3.5,28.0,3,2,5.0,5.5,15.0,11.0,165.0,0.5,0.25,0.25,0.4,0.1,0.2,6.672365414950108,6.719688458974504,0.8438217290766784,13.55,5.817068503635668,0.2,5.755012308403533,26.119346099127668,GM004,2.1962326525916525,0.4553251673131967,0.05,5.846540400872903,0.0003607297682926,0.0360729768292662,2.0,2.369942952108345,True,2613,384,18.01976108551025,5.34
S020,8,3.5,28.0,3,2,5.0,5.5,15.0,11.0,165.0,0.5,0.25,0.25,0.4,0.1,0.2,5.664267143843513,12.625830739792717,0.7212259538622585,13.420000000000002,7.066557107641742,0.2,6.636696742896389,24.32647834248529,GM005,2.1962326525916525,0.4553251673131967,0.05,6.276015173155149,0.0003134466527758,0.0313446652775856,2.0,2.318038482738144,True,2434,385,16.666356086730957,5.24
S020,8,3.5,28.0,3,2,5.0,5.5,15.0,11.0,165.0,0.5,0.25,0.25,0.4,0.1,0.35,63.06773902376135,69.78490758023827,4.969633631354305,26.190000000000005,0.6795716639209225,0.35,0.8427860127280369,48.54687625368132,GM006,2.1962326525916525,0.4553251673131967,0.05,830.735181376761,0.0420757266413513,4.2075726641351325,3.0,16.730689305455172,True,4856,386,33.901437520980835,6.75
S020,8,3.5,28.0,3,2,5.0,5.5,15.0,11.0,165.0,0.5,0.25,0.25,0.4,0.1,0.35,31.18213548288276,13.423292753085295,3.5964036829916104,17.450000000000003,2.1102362204724407,0.35,1.8966419472757068,31.732860248912687,GM007,2.1962326525916525,0.4553251673131967,0.05,63.2038452803534,0.0049711628322201,0.4971162832220119,6.0,7.480649801784562,True,3175,387,22.44111132621765,6.25
S020,8,3.5,28.0,3,2,5.0,5.5,15.0,11.0,165.0,0.5,0.25,0.25,0.4,0.1,0.35,17.29928709321277,17.06516915375435,2.620342091896445,14.86,3.43839541547278,0.35,3.0275840474916667,31.39477081852495,GM008,2.1962326525916525,0.4553251673131967,0.05,17.4103903523111,0.002132976176474,0.2132976176474084,7.0,3.2846678336917794,True,3141,388,20.3415756225586,5.97
S020,8,3.5,28.0,3,2,5.0,5.5,15.0,11.0,165.0,0.5,0.25,0.25,0.4,0.1,0.35,9.9961672381982,2.159835002951208,0.78163944801236,6.1,7.451564828614009,0.35,6.267985100144817,13.402087780712826,GM009,2.1962326525916525,0.4553251673131967,0.05,32.38709265346044,0.0016253762086543,0.162537620865438,3.0,3.4291235656426298,True,1342,389,9.216735601425173,5.0
S020,8,3.5,28.0,3,2,5.0,5.5,15.0,11.0,165.0,0.5,0.25,0.25,0.4,0.1,0.35,9.117930487349971,4.839859343819583,1.524764882114188,7.81,6.44361833952912,0.35,6.556380630993073,16.124252698347956,GM010,2.1962326525916525,0.4553251673131967,0.05,4.519784996952255,0.0005183464504671,0.0518346450467179,2.0,4.035573212089513,True,1614,390,10.73655366897583,5.29
S020,8,3.5,28.0,3,2,5.0,5.5,15.0,11.0,165.0,0.5,0.25,0.25,0.4,0.1,0.5,103.78646459524916,102.46376148457,10.301907051473773,24.64,0.7695423248278656,0.5,0.8249428817678108,49.3671464622098,GM011,2.1962326525916525,0.4553251673131967,0.05,1077.1996498440478,0.0541716654513171,5.417166545131719,3.0,23.213137321064767,True,4938,391,31.72335934638977,7.17
S020,8,3.5,28.0,3,2,5.0,5.5,15.0,11.0,165.0,0.5,0.25,0.25,0.4,0.1,0.5,43.81133529558346,12.508231190577826,6.522782124023682,15.68,2.1181384248210025,0.5,1.7530074828421631,33.50141695516064,GM012,2.1962326525916525,0.4553251673131967,0.05,88.82433415780997,0.0068954873277185,0.6895487327718595,6.0,10.639881781208004,True,3352,392,21.78025913238525,6.36
S020,8,3.5,28.0,3,2,5.0,5.5,15.0,11.0,165.0,0.5,0.25,0.25,0.4,0.1,0.5,34.03908206278366,3.1295061607583845,2.746068006539613,10.64,2.182347235693501,0.5,2.9160861723349143,20.60583722265584,GM013,2.1962326525916525,0.4553251673131967,0.05,57.20522694706722,0.0051668336654969,0.5166833665496973,6.0,8.106746755023016,True,2062,393,13.486703872680664,5.86
S020,8,3.5,28.0,3,2,5.0,5.5,15.0,11.0,165.0,0.5,0.25,0.25,0.4,0.1,0.5,18.45533882580252,14.80201624834675,4.384404010019975,13.99,4.732510288065844,0.5,4.923044536737827,29.145557494343898,GM014,2.1962326525916525,0.4553251673131967,0.05,67.09603558578395,0.0038033239582399,0.3803323958239901,3.0,5.854456671144191,True,2916,394,19.134323358535767,5.95
S020,8,3.5,28.0,3,2,5.0,5.5,15.0,11.0,165.0,0.5,0.25,0.25,0.4,0.1,0.5,19.24086715150233,12.420394041706963,2.841465779297746,12.25,9.361702127659576,0.5,7.245419023545791,23.4819579140368,GM015,2.1962326525916525,0.4553251673131967,0.05,96.08125772200805,0.0049856193429002,0.4985619342900293,3.0,5.122604077483805,True,2350,395,15.504487991333008,5.81
S020,8,3.5,28.0,3,2,5.0,5.5,15.0,11.0,165.0,0.5,0.25,0.25,0.4,0.1,0.7,123.7595083309582,112.69968149869808,17.509930352017964,22.65,1.0585918266863614,0.7,1.0754391522554805,40.60105369611207,GM016,2.1962326525916525,0.4553251673131967,0.05,403.8346873636359,0.0197967707768666,1.979677077686668,4.0,15.9962152763803,True,4062,396,25.77896332740784,7.46
S020,8,3.5,28.0,3,2,5.0,5.5,15.0,11.0,165.0,0.5,0.25,0.25,0.4,0.1,0.7,64.59644568791263,16.74792888475344,16.036406651915282,11.260000000000002,2.025630425795783,0.7,2.1262265800410804,24.174389942525263,GM017,2.1962326525916525,0.4553251673131967,0.05,116.45938544567476,0.0093238112749968,0.9323811274996886,6.0,15.087893704741203,True,2419,397,15.82875943183899,6.67
S020,8,3.5,28.0,3,2,5.0,5.5,15.0,11.0,165.0,0.5,0.25,0.25,0.4,0.1,0.7,30.67798559089125,26.045018761285505,14.611557120426408,16.19,3.604923798358734,0.7,3.247999378380634,34.10290486983198,GM018,2.1962326525916525,0.4553251673131967,0.05,14.65449958658402,0.0024138562415786,0.2413856241578611,3.0,4.200618555193694,True,3412,398,22.06414914131165,6.79
S020,8,3.5,28.0,3,2,5.0,5.5,15.0,11.0,165.0,0.5,0.25,0.25,0.4,0.1,0.7,17.921335956137025,5.130317972579734,6.759252886649012,13.25,6.394664574342879,0.7,6.485260383358972,25.47662859177758,GM019,2.1962326525916525,0.4553251673131967,0.05,9.161861577711942,0.0008118004801861,0.0811800480186176,2.0,6.657381230526274,True,2549,399,16.677303791046143,6.09
S020,8,3.5,28.0,3,2,5.0,5.5,15.0,11.0,165.0,0.5,0.25,0.25,0.4,0.1,0.7,14.51176429983206,6.940468227237262,4.130353652872347,6.4,6.382978723404255,0.7,8.493225110568062,13.613849257253516,GM020,2.1962326525916525,0.4553251673131967,0.05,16.488182054349082,0.000842448897703,0.0842448897703034,3.0,7.535684062959329,True,1363,400,9.073665142059326,5.67
S021,6,3.2,19.200000000000003,4,3,4.5,5.0,18.0,15.0,270.0,0.4,0.16,0.3,0.5,0.15,0.2,33.724749953208224,18.949065402570785,1.346504539859263,25.38,0.7790077900779008,0.2,1.0621780831931538,48.76785766024791,GM001,1.0848977126171595,0.9217458829253532,0.05,111.45862860692787,0.0082964631565511,0.829646315655118,2.0,5.854613946863451,True,4878,401,56.23651885986328,6.08
S021,6,3.2,19.200000000000003,4,3,4.5,5.0,18.0,15.0,270.0,0.4,0.16,0.3,0.5,0.15,0.2,13.524132183148598,14.789498876160662,0.9208366620409144,21.98,2.8521391043282462,0.2,2.5142460490278933,39.95245644502771,GM002,1.0848977126171595,0.9217458829253532,0.05,19.58471537239809,0.0014470618642508,0.1447061864250894,4.0,4.220387137234466,True,3997,402,45.82570934295654,5.68
S021,6,3.2,19.200000000000003,4,3,4.5,5.0,18.0,15.0,270.0,0.4,0.16,0.3,0.5,0.15,0.2,11.513141680876746,7.560542073809191,0.7826640027451861,11.06,3.1932093775262733,0.2,3.0757117330933914,24.728847742837488,GM003,1.0848977126171595,0.9217458829253532,0.05,22.068187511105915,0.001690277891321,0.1690277891321082,4.0,4.977752059837729,True,2474,403,28.86576700210572,5.32
S021,6,3.2,19.200000000000003,4,3,4.5,5.0,18.0,15.0,270.0,0.4,0.16,0.3,0.5,0.15,0.2,6.672365414950108,6.719688458974504,0.8438217290766784,13.55,5.817068503635668,0.2,5.755012308403533,26.119346099127668,GM004,1.0848977126171595,0.9217458829253532,0.05,3.109776075812148,0.0003812447234516,0.0381244723451694,2.0,1.1425658183974734,True,2613,404,30.37197470664978,5.34
S021,6,3.2,19.200000000000003,4,3,4.5,5.0,18.0,15.0,270.0,0.4,0.16,0.3,0.5,0.15,0.2,5.664267143843513,12.625830739792717,0.7212259538622585,13.420000000000002,7.066557107641742,0.2,6.636696742896389,24.32647834248529,GM005,1.0848977126171595,0.9217458829253532,0.05,2.2671046322743726,0.0003466041745341,0.0346604174534154,3.0,1.912536867478347,True,2434,405,28.38088297843933,5.24
S021,6,3.2,19.200000000000003,4,3,4.5,5.0,18.0,15.0,270.0,0.4,0.16,0.3,0.5,0.15,0.35,63.06773902376135,69.78490758023827,4.969633631354305,26.190000000000005,0.6795716639209225,0.35,0.8427860127280369,48.54687625368132,GM006,1.0848977126171595,0.9217458829253532,0.05,111.64625336693688,0.0085850151626514,0.8585015162651453,2.0,4.876091382154223,True,4856,406,55.554638147354126,6.75
S021,6,3.2,19.200000000000003,4,3,4.5,5.0,18.0,15.0,270.0,0.4,0.16,0.3,0.5,0.15,0.35,31.18213548288276,13.423292753085295,3.5964036829916104,17.450000000000003,2.1102362204724407,0.35,1.8966419472757068,31.732860248912687,GM007,1.0848977126171595,0.9217458829253532,0.05,116.41875971545778,0.0082619215837964,0.8261921583796435,2.0,10.401258100003238,True,3175,407,36.63058590888977,6.25
S021,6,3.2,19.200000000000003,4,3,4.5,5.0,18.0,15.0,270.0,0.4,0.16,0.3,0.5,0.15,0.35,17.29928709321277,17.06516915375435,2.620342091896445,14.86,3.43839541547278,0.35,3.0275840474916667,31.39477081852495,GM008,1.0848977126171595,0.9217458829253532,0.05,22.97126753332965,0.0019868626915208,0.1986862691520841,4.0,7.279355045343136,True,3141,408,35.897833585739136,5.97
S021,6,3.2,19.200000000000003,4,3,4.5,5.0,18.0,15.0,270.0,0.4,0.16,0.3,0.5,0.15,0.35,9.9961672381982,2.159835002951208,0.78163944801236,6.1,7.451564828614009,0.35,6.267985100144817,13.402087780712826,GM009,1.0848977126171595,0.9217458829253532,0.05,6.762996184789775,0.0010200825522045,0.1020082552204545,2.0,2.81195673431898,True,1342,409,16.53621482849121,5.0
S021,6,3.2,19.200000000000003,4,3,4.5,5.0,18.0,15.0,270.0,0.4,0.16,0.3,0.5,0.15,0.35,9.117930487349971,4.839859343819583,1.524764882114188,7.81,6.44361833952912,0.35,6.556380630993073,16.124252698347956,GM010,1.0848977126171595,0.9217458829253532,0.05,3.764057585505079,0.0007758468072994,0.0775846807299483,5.0,3.610349462611047,True,1614,410,19.785229444503784,5.29
S021,6,3.2,19.200000000000003,4,3,4.5,5.0,18.0,15.0,270.0,0.4,0.16,0.3,0.5,0.15,0.5,103.78646459524916,102.46376148457,10.301907051473773,24.64,0.7695423248278656,0.5,0.8249428817678108,49.3671464622098,GM011,1.0848977126171595,0.9217458829253532,0.05,125.21662566008985,0.009639141157672,0.9639141157672054,2.0,4.402806875771479,True,4938,411,56.29133152961731,7.17
S021,6,3.2,19.200000000000003,4,3,4.5,5.0,18.0,15.0,270.0,0.4,0.16,0.3,0.5,0.15,0.5,43.81133529558346,12.508231190577826,6.522782124023682,15.68,2.1181384248210025,0.5,1.7530074828421631,33.50141695516064,GM012,1.0848977126171595,0.9217458829253532,0.05,165.62581599759028,0.0118132225290729,1.1813222529072955,2.0,15.693056408060954,True,3352,412,38.66034078598023,6.36
S021,6,3.2,19.200000000000003,4,3,4.5,5.0,18.0,15.0,270.0,0.4,0.16,0.3,0.5,0.15,0.5,34.03908206278366,3.1295061607583845,2.746068006539613,10.64,2.182347235693501,0.5,2.9160861723349143,20.60583722265584,GM013,1.0848977126171595,0.9217458829253532,0.05,65.93054824056277,0.0045114474337622,0.4511447433762232,3.0,9.803462471472775,True,2062,413,24.318939924240112,5.86
S021,6,3.2,19.200000000000003,4,3,4.5,5.0,18.0,15.0,270.0,0.4,0.16,0.3,0.5,0.15,0.5,18.45533882580252,14.80201624834675,4.384404010019975,13.99,4.732510288065844,0.5,4.923044536737827,29.145557494343898,GM014,1.0848977126171595,0.9217458829253532,0.05,12.526686386593337,0.0018895902507011,0.1889590250701107,5.0,6.224971350970245,True,2916,414,33.87261700630188,5.95
S021,6,3.2,19.200000000000003,4,3,4.5,5.0,18.0,15.0,270.0,0.4,0.16,0.3,0.5,0.15,0.5,19.24086715150233,12.420394041706963,2.841465779297746,12.25,9.361702127659576,0.5,7.245419023545791,23.4819579140368,GM015,1.0848977126171595,0.9217458829253532,0.05,9.523456455089605,0.0009336455867018,0.0933645586701873,2.0,4.785639899788992,True,2350,415,27.840388536453247,5.81
S021,6,3.2,19.200000000000003,4,3,4.5,5.0,18.0,15.0,270.0,0.4,0.16,0.3,0.5,0.15,0.7,123.7595083309582,112.69968149869808,17.509930352017964,22.65,1.0585918266863614,0.7,1.0754391522554805,40.60105369611207,GM016,1.0848977126171595,0.9217458829253532,0.05,477.7101859985132,0.0354195315256769,3.541953152567697,2.0,26.991269924946145,True,4062,416,46.20326280593872,7.46
S021,6,3.2,19.200000000000003,4,3,4.5,5.0,18.0,15.0,270.0,0.4,0.16,0.3,0.5,0.15,0.7,64.59644568791263,16.74792888475344,16.036406651915282,11.260000000000002,2.025630425795783,0.7,2.1262265800410804,24.174389942525263,GM017,1.0848977126171595,0.9217458829253532,0.05,248.28658911741363,0.0170485395999352,1.7048539599935286,2.0,25.697317664804466,True,2419,417,28.041147708892822,6.67
S021,6,3.2,19.200000000000003,4,3,4.5,5.0,18.0,15.0,270.0,0.4,0.16,0.3,0.5,0.15,0.7,30.67798559089125,26.045018761285505,14.611557120426408,16.19,3.604923798358734,0.7,3.247999378380634,34.10290486983198,GM018,1.0848977126171595,0.9217458829253532,0.05,30.82706937065127,0.0045452589363954,0.4545258936395491,5.0,15.177004758073824,True,3412,418,39.08703589439392,6.79
S021,6,3.2,19.200000000000003,4,3,4.5,5.0,18.0,15.0,270.0,0.4,0.16,0.3,0.5,0.15,0.7,17.921335956137025,5.130317972579734,6.759252886649012,13.25,6.394664574342879,0.7,6.485260383358972,25.47662859177758,GM019,1.0848977126171595,0.9217458829253532,0.05,6.920846645696144,0.0012382259873035,0.1238225987303521,5.0,8.356818142043313,True,2549,419,29.487371683120728,6.09
S021,6,3.2,19.200000000000003,4,3,4.5,5.0,18.0,15.0,270.0,0.4,0.16,0.3,0.5,0.15,0.7,14.51176429983206,6.940468227237262,4.130353652872347,6.4,6.382978723404255,0.7,8.493225110568062,13.613849257253516,GM020,1.0848977126171595,0.9217458829253532,0.05,5.7191636599318745,0.0008436833644361,0.0843683364436179,3.0,6.4815281833877805,True,1363,420,16.58214497566223,5.67
S022,15,3.5,52.5,4,4,6.0,4.0,24.0,16.0,384.0,0.65,0.4225,0.35,0.4,0.1399999999999999,0.2,33.724749953208224,18.949065402570785,1.346504539859263,25.38,0.7790077900779008,0.2,1.0621780831931538,48.76785766024791,GM001,2.222470280569816,0.449949773791176,0.05,253.83605872391016,0.006644101984694,0.6644101984694011,7.0,4.7441302180371325,True,4878,421,275.7293198108673,6.08
S022,15,3.5,52.5,4,4,6.0,4.0,24.0,16.0,384.0,0.65,0.4225,0.35,0.4,0.1399999999999999,0.2,13.524132183148598,14.789498876160662,0.9208366620409144,21.98,2.8521391043282462,0.2,2.5142460490278933,39.95245644502771,GM002,2.222470280569816,0.449949773791176,0.05,11.145287187260648,0.0008380117014235,0.0838011701423537,4.0,1.857438909741508,True,3997,422,240.9487705230713,5.68
S022,15,3.5,52.5,4,4,6.0,4.0,24.0,16.0,384.0,0.65,0.4225,0.35,0.4,0.1399999999999999,0.2,11.513141680876746,7.560542073809191,0.7826640027451861,11.06,3.1932093775262733,0.2,3.0757117330933914,24.728847742837488,GM003,2.222470280569816,0.449949773791176,0.05,10.485375008090328,0.0007612712362615,0.0761271236261508,3.0,2.900959180459887,True,2474,423,178.77078366279602,5.32
S022,15,3.5,52.5,4,4,6.0,4.0,24.0,16.0,384.0,0.65,0.4225,0.35,0.4,0.1399999999999999,0.2,6.672365414950108,6.719688458974504,0.8438217290766784,13.55,5.817068503635668,0.2,5.755012308403533,26.119346099127668,GM004,2.222470280569816,0.449949773791176,0.05,13.628428680547172,0.0004215156780739,0.0421515678073954,4.0,1.8281733797963984,True,2613,424,184.89316082000727,5.34
S022,15,3.5,52.5,4,4,6.0,4.0,24.0,16.0,384.0,0.65,0.4225,0.35,0.4,0.1399999999999999,0.2,5.664267143843513,12.625830739792717,0.7212259538622585,13.420000000000002,7.066557107641742,0.2,6.636696742896389,24.32647834248529,GM005,2.222470280569816,0.449949773791176,0.05,14.753272539720731,0.0004311977085081,0.0431197708508129,4.0,1.87410995139699,True,2434,425,181.01642179489136,5.24
S022,15,3.5,52.5,4,4,6.0,4.0,24.0,16.0,384.0,0.65,0.4225,0.35,0.4,0.1399999999999999,0.35,63.06773902376135,69.78490758023827,4.969633631354305,26.190000000000005,0.6795716639209225,0.35,0.8427860127280369,48.54687625368132,GM006,2.222470280569816,0.449949773791176,0.05,336.08378377680924,0.0088871062416057,0.8887106241605744,7.0,7.524721022060808,True,4856,426,282.38593006134033,6.75
S022,15,3.5,52.5,4,4,6.0,4.0,24.0,16.0,384.0,0.65,0.4225,0.35,0.4,0.1399999999999999,0.35,31.18213548288276,13.423292753085295,3.5964036829916104,17.450000000000003,2.1102362204724407,0.35,1.8966419472757068,31.732860248912687,GM007,2.222470280569816,0.449949773791176,0.05,43.219031404938825,0.0040266040305625,0.4026604030562575,12.0,3.172901015447872,True,3175,427,214.43490386009216,6.25
S022,15,3.5,52.5,4,4,6.0,4.0,24.0,16.0,384.0,0.65,0.4225,0.35,0.4,0.1399999999999999,0.35,17.29928709321277,17.06516915375435,2.620342091896445,14.86,3.43839541547278,0.35,3.0275840474916667,31.39477081852495,GM008,2.222470280569816,0.449949773791176,0.05,15.008445490094784,0.0011341473946325,0.1134147394632503,4.0,4.233878415182471,True,3141,428,208.32316255569452,5.97
S022,15,3.5,52.5,4,4,6.0,4.0,24.0,16.0,384.0,0.65,0.4225,0.35,0.4,0.1399999999999999,0.35,9.9961672381982,2.159835002951208,0.78163944801236,6.1,7.451564828614009,0.35,6.267985100144817,13.402087780712826,GM009,2.222470280569816,0.449949773791176,0.05,16.227838549589382,0.0006463085899143,0.0646308589914351,6.0,3.261464718054367,True,1342,429,135.1677417755127,5.0
S022,15,3.5,52.5,4,4,6.0,4.0,24.0,16.0,384.0,0.65,0.4225,0.35,0.4,0.1399999999999999,0.35,9.117930487349971,4.839859343819583,1.524764882114188,7.81,6.44361833952912,0.35,6.556380630993073,16.124252698347956,GM010,2.222470280569816,0.449949773791176,0.05,11.628688609705108,0.0004078990589324,0.0407899058932478,2.0,3.485055555091231,True,1614,430,145.68897533416748,5.29
S022,15,3.5,52.5,4,4,6.0,4.0,24.0,16.0,384.0,0.65,0.4225,0.35,0.4,0.1399999999999999,0.5,103.78646459524916,102.46376148457,10.301907051473773,24.64,0.7695423248278656,0.5,0.8249428817678108,49.3671464622098,GM011,2.222470280569816,0.449949773791176,0.05,907.6997410078782,0.0240416244809019,2.404162448090198,6.0,13.221517321523477,True,4938,431,279.9121141433716,7.17
S022,15,3.5,52.5,4,4,6.0,4.0,24.0,16.0,384.0,0.65,0.4225,0.35,0.4,0.1399999999999999,0.5,43.81133529558346,12.508231190577826,6.522782124023682,15.68,2.1181384248210025,0.5,1.7530074828421631,33.50141695516064,GM012,2.222470280569816,0.449949773791176,0.05,130.55791140921892,0.0060821549106435,0.6082154910643541,11.0,4.3853139138381465,True,3352,432,215.10123705863955,6.36
S022,15,3.5,52.5,4,4,6.0,4.0,24.0,16.0,384.0,0.65,0.4225,0.35,0.4,0.1399999999999999,0.5,34.03908206278366,3.1295061607583845,2.746068006539613,10.64,2.182347235693501,0.5,2.9160861723349143,20.60583722265584,GM013,2.222470280569816,0.449949773791176,0.05,21.87688624635102,0.0025218844331719,0.2521884433171943,13.0,3.515471667588781,True,2062,433,162.4766743183136,5.86
S022,15,3.5,52.5,4,4,6.0,4.0,24.0,16.0,384.0,0.65,0.4225,0.35,0.4,0.1399999999999999,0.5,18.45533882580252,14.80201624834675,4.384404010019975,13.99,4.732510288065844,0.5,4.923044536737827,29.145557494343898,GM014,2.222470280569816,0.449949773791176,0.05,21.69606961546621,0.0011288766706092,0.1128876670609216,3.0,4.811062859524772,True,2916,434,196.81576442718503,5.95
S022,15,3.5,52.5,4,4,6.0,4.0,24.0,16.0,384.0,0.65,0.4225,0.35,0.4,0.1399999999999999,0.5,19.24086715150233,12.420394041706963,2.841465779297746,12.25,9.361702127659576,0.5,7.245419023545791,23.4819579140368,GM015,2.222470280569816,0.449949773791176,0.05,72.06067641184184,0.0019448941289617,0.1944894128961743,7.0,4.455426693538136,True,2350,435,175.5360562801361,5.81
S022,15,3.5,52.5,4,4,6.0,4.0,24.0,16.0,384.0,0.65,0.4225,0.35,0.4,0.1399999999999999,0.7,123.7595083309582,112.69968149869808,17.509930352017964,22.65,1.0585918266863614,0.7,1.0754391522554805,40.60105369611207,GM016,2.222470280569816,0.449949773791176,0.05,963.9297575855262,0.0258772445667384,2.5877244566738486,5.0,18.77530734434097,True,4062,436,250.4551420211792,7.46
S022,15,3.5,52.5,4,4,6.0,4.0,24.0,16.0,384.0,0.65,0.4225,0.35,0.4,0.1399999999999999,0.7,64.59644568791263,16.74792888475344,16.036406651915282,11.260000000000002,2.025630425795783,0.7,2.1262265800410804,24.174389942525263,GM017,2.222470280569816,0.449949773791176,0.05,66.93046522495501,0.0070058845326479,0.7005884532647959,12.0,7.903431146634001,True,2419,437,180.8088779449463,6.67
S022,15,3.5,52.5,4,4,6.0,4.0,24.0,16.0,384.0,0.65,0.4225,0.35,0.4,0.1399999999999999,0.7,30.67798559089125,26.045018761285505,14.611557120426408,16.19,3.604923798358734,0.7,3.247999378380634,34.10290486983198,GM018,2.222470280569816,0.449949773791176,0.05,44.36768510411197,0.0017246160932923,0.1724616093292344,3.0,9.30560388859106,True,3412,438,219.39417576789856,6.79
S022,15,3.5,52.5,4,4,6.0,4.0,24.0,16.0,384.0,0.65,0.4225,0.35,0.4,0.1399999999999999,0.7,17.921335956137025,5.130317972579734,6.759252886649012,13.25,6.394664574342879,0.7,6.485260383358972,25.47662859177758,GM019,2.222470280569816,0.449949773791176,0.05,26.06547437732765,0.0007805001114285,0.0780500111428547,4.0,7.371142700829898,True,2549,439,186.09712672233584,6.09
S022,15,3.5,52.5,4,4,6.0,4.0,24.0,16.0,384.0,0.65,0.4225,0.35,0.4,0.1399999999999999,0.7,14.51176429983206,6.940468227237262,4.130353652872347,6.4,6.382978723404255,0.7,8.493225110568062,13.613849257253516,GM020,2.222470280569816,0.449949773791176,0.05,14.227490707443131,0.0005374976585847,0.0537497658584749,2.0,6.9753852848612405,True,1363,440,135.670152425766,5.67
S023,6,3.0,18.0,4,4,4.5,5.0,18.0,20.0,360.0,0.5,0.25,0.3,0.5,0.15,0.2,33.724749953208224,18.949065402570785,1.346504539859263,25.38,0.7790077900779008,0.2,1.0621780831931538,48.76785766024791,GM001,0.8517190640252262,1.174096063171344,0.05,36.08426937191325,0.0029214553092326,0.2921455309232679,2.0,2.3551045088780995,True,4878,441,75.1724545955658,6.08
S023,6,3.0,18.0,4,4,4.5,5.0,18.0,20.0,360.0,0.5,0.25,0.3,0.5,0.15,0.2,13.524132183148598,14.789498876160662,0.9208366620409144,21.98,2.8521391043282462,0.2,2.5142460490278933,39.95245644502771,GM002,0.8517190640252262,1.174096063171344,0.05,44.340181515972816,0.0033135867587693,0.3313586758769311,3.0,7.3928128156971935,True,3997,442,62.145488262176514,5.68
S023,6,3.0,18.0,4,4,4.5,5.0,18.0,20.0,360.0,0.5,0.25,0.3,0.5,0.15,0.2,11.513141680876746,7.560542073809191,0.7826640027451861,11.06,3.1932093775262733,0.2,3.0757117330933914,24.728847742837488,GM003,0.8517190640252262,1.174096063171344,0.05,16.93093982432725,0.0012630839528337,0.1263083952833701,3.0,4.456110015618435,True,2474,443,39.74097657203674,5.32
S023,6,3.0,18.0,4,4,4.5,5.0,18.0,20.0,360.0,0.5,0.25,0.3,0.5,0.15,0.2,6.672365414950108,6.719688458974504,0.8438217290766784,13.55,5.817068503635668,0.2,5.755012308403533,26.119346099127668,GM004,0.8517190640252262,1.174096063171344,0.05,3.2759340044533354,0.0006995927111132,0.0699592711113243,5.0,3.341577137745815,True,2613,444,42.34557580947876,5.34
S023,6,3.0,18.0,4,4,4.5,5.0,18.0,20.0,360.0,0.5,0.25,0.3,0.5,0.15,0.2,5.664267143843513,12.625830739792717,0.7212259538622585,13.420000000000002,7.066557107641742,0.2,6.636696742896389,24.32647834248529,GM005,0.8517190640252262,1.174096063171344,0.05,2.6937952533010407,0.0005406918446693,0.054069184466937,5.0,2.3312295487061614,True,2434,445,38.85158276557922,5.24
S023,6,3.0,18.0,4,4,4.5,5.0,18.0,20.0,360.0,0.5,0.25,0.3,0.5,0.15,0.35,63.06773902376135,69.78490758023827,4.969633631354305,26.190000000000005,0.6795716639209225,0.35,0.8427860127280369,48.54687625368132,GM006,0.8517190640252262,1.174096063171344,0.05,41.45547672679386,0.0034259462180197,0.3425946218019758,2.0,1.8927922158594577,True,4856,446,75.55093216896057,6.75
S023,6,3.0,18.0,4,4,4.5,5.0,18.0,20.0,360.0,0.5,0.25,0.3,0.5,0.15,0.35,31.18213548288276,13.423292753085295,3.5964036829916104,17.450000000000003,2.1102362204724407,0.35,1.8966419472757068,31.732860248912687,GM007,0.8517190640252262,1.174096063171344,0.05,132.01556584472678,0.0100775685410162,1.0077568541016273,2.0,17.834684069864654,True,3175,447,49.85498213768005,6.25
S023,6,3.0,18.0,4,4,4.5,5.0,18.0,20.0,360.0,0.5,0.25,0.3,0.5,0.15,0.35,17.29928709321277,17.06516915375435,2.620342091896445,14.86,3.43839541547278,0.35,3.0275840474916667,31.39477081852495,GM008,0.8517190640252262,1.174096063171344,0.05,51.699569506249695,0.0038590160978294,0.3859016097829496,3.0,9.695668848048934,True,3141,448,49.5333137512207,5.97
S023,6,3.0,18.0,4,4,4.5,5.0,18.0,20.0,360.0,0.5,0.25,0.3,0.5,0.15,0.35,9.9961672381982,2.159835002951208,0.78163944801236,6.1,7.451564828614009,0.35,6.267985100144817,13.402087780712826,GM009,0.8517190640252262,1.174096063171344,0.05,8.65787319490466,0.0009192018614213,0.0919201861421384,5.0,6.243542847964911,True,1342,449,23.278935194015503,5.0
S023,6,3.0,18.0,4,4,4.5,5.0,18.0,20.0,360.0,0.5,0.25,0.3,0.5,0.15,0.35,9.117930487349971,4.839859343819583,1.524764882114188,7.81,6.44361833952912,0.35,6.556380630993073,16.124252698347956,GM010,0.8517190640252262,1.174096063171344,0.05,5.903162134177667,0.0009499300272133,0.0949930027213376,5.0,5.069991629295541,True,1614,450,27.225570678710938,5.29
S023,6,3.0,18.0,4,4,4.5,5.0,18.0,20.0,360.0,0.5,0.25,0.3,0.5,0.15,0.5,103.78646459524916,102.46376148457,10.301907051473773,24.64,0.7695423248278656,0.5,0.8249428817678108,49.3671464622098,GM011,0.8517190640252262,1.174096063171344,0.05,55.53911947612927,0.0045573467195852,0.4557346719585293,2.0,3.279667370496695,True,4938,451,78.00687146186829,7.17
S023,6,3.0,18.0,4,4,4.5,5.0,18.0,20.0,360.0,0.5,0.25,0.3,0.5,0.15,0.5,43.81133529558346,12.508231190577826,6.522782124023682,15.68,2.1181384248210025,0.5,1.7530074828421631,33.50141695516064,GM012,0.8517190640252262,1.174096063171344,0.05,192.72073518094933,0.0147350562197099,1.4735056219709974,2.0,25.391526113533885,True,3352,452,52.82595801353455,6.36
S023,6,3.0,18.0,4,4,4.5,5.0,18.0,20.0,360.0,0.5,0.25,0.3,0.5,0.15,0.5,34.03908206278366,3.1295061607583845,2.746068006539613,10.64,2.182347235693501,0.5,2.9160861723349143,20.60583722265584,GM013,0.8517190640252262,1.174096063171344,0.05,109.1750635974179,0.0081759953023235,0.8175995302323578,2.0,17.160174795206945,True,2062,453,34.19834065437317,5.86
S023,6,3.0,18.0,4,4,4.5,5.0,18.0,20.0,360.0,0.5,0.25,0.3,0.5,0.15,0.5,18.45533882580252,14.80201624834675,4.384404010019975,13.99,4.732510288065844,0.5,4.923044536737827,29.145557494343898,GM014,0.8517190640252262,1.174096063171344,0.05,14.77960287522384,0.0016966621873385,0.16966621873385,5.0,10.160110496208413,True,2916,454,46.268996238708496,5.95
S023,6,3.0,18.0,4,4,4.5,5.0,18.0,20.0,360.0,0.5,0.25,0.3,0.5,0.15,0.5,19.24086715150233,12.420394041706963,2.841465779297746,12.25,9.361702127659576,0.5,7.245419023545791,23.4819579140368,GM015,0.8517190640252262,1.174096063171344,0.05,6.470744632084415,0.0007269365849668,0.0726936584966893,4.0,5.153255776247383,True,2350,455,38.370030641555786,5.81
S023,6,3.0,18.0,4,4,4.5,5.0,18.0,20.0,360.0,0.5,0.25,0.3,0.5,0.15,0.7,123.7595083309582,112.69968149869808,17.509930352017964,22.65,1.0585918266863614,0.7,1.0754391522554805,40.60105369611207,GM016,0.8517190640252262,1.174096063171344,0.05,130.31133326097495,0.0104923065099056,1.0492306509905631,2.0,7.819967408947675,True,4062,456,63.73085904121399,7.46
S023,6,3.0,18.0,4,4,4.5,5.0,18.0,20.0,360.0,0.5,0.25,0.3,0.5,0.15,0.7,64.59644568791263,16.74792888475344,16.036406651915282,11.260000000000002,2.025630425795783,0.7,2.1262265800410804,24.174389942525263,GM017,0.8517190640252262,1.174096063171344,0.05,385.0273084542293,0.0293656990349386,2.9365699034938646,2.0,49.16980375753062,True,2419,457,38.92095685005188,6.67
S023,6,3.0,18.0,4,4,4.5,5.0,18.0,20.0,360.0,0.5,0.25,0.3,0.5,0.15,0.7,30.67798559089125,26.045018761285505,14.611557120426408,16.19,3.604923798358734,0.7,3.247999378380634,34.10290486983198,GM018,0.8517190640252262,1.174096063171344,0.05,26.8467716349368,0.0022606008131414,0.2260600813141425,4.0,13.154084175319827,True,3412,458,54.681742668151855,6.79
S023,6,3.0,18.0,4,4,4.5,5.0,18.0,20.0,360.0,0.5,0.25,0.3,0.5,0.15,0.7,17.921335956137025,5.130317972579734,6.759252886649012,13.25,6.394664574342879,0.7,6.485260383358972,25.47662859177758,GM019,0.8517190640252262,1.174096063171344,0.05,4.663841073250977,0.0009126642229963,0.0912664222996348,5.0,4.276393617200818,True,2549,459,40.780075788497925,6.09
S023,6,3.0,18.0,4,4,4.5,5.0,18.0,20.0,360.0,0.5,0.25,0.3,0.5,0.15,0.7,14.51176429983206,6.940468227237262,4.130353652872347,6.4,6.382978723404255,0.7,8.493225110568062,13.613849257253516,GM020,0.8517190640252262,1.174096063171344,0.05,4.069637241370527,0.0010263141068568,0.1026314106856818,2.0,5.580514294342953,True,1363,460,23.63465428352356,5.67
S024,15,3.5,52.5,2,2,5.5,5.0,11.0,10.0,110.0,0.4,0.16,0.25,0.5,0.125,0.2,33.724749953208224,18.949065402570785,1.346504539859263,25.38,0.7790077900779008,0.2,1.0621780831931538,48.76785766024791,GM001,3.685279648913141,0.2713498283081228,0.05,298.7548990431109,0.0077009161468533,0.7700916146853393,4.0,4.939407119074157,True,4878,461,39.65386652946472,6.08
S024,15,3.5,52.5,2,2,5.5,5.0,11.0,10.0,110.0,0.4,0.16,0.25,0.5,0.125,0.2,13.524132183148598,14.789498876160662,0.9208366620409144,21.98,2.8521391043282462,0.2,2.5142460490278933,39.95245644502771,GM002,3.685279648913141,0.2713498283081228,0.05,11.503587617322006,0.0009014116367209,0.0901411636720912,2.0,1.822009730449844,True,3997,462,32.8198082447052,5.68
S024,15,3.5,52.5,2,2,5.5,5.0,11.0,10.0,110.0,0.4,0.16,0.25,0.5,0.125,0.2,11.513141680876746,7.560542073809191,0.7826640027451861,11.06,3.1932093775262733,0.2,3.0757117330933914,24.728847742837488,GM003,3.685279648913141,0.2713498283081228,0.05,9.818076489727188,0.0008832500386557,0.0883250038655744,2.0,2.46473744832023,True,2474,463,21.593873977661133,5.32
S024,15,3.5,52.5,2,2,5.5,5.0,11.0,10.0,110.0,0.4,0.16,0.25,0.5,0.125,0.2,6.672365414950108,6.719688458974504,0.8438217290766784,13.55,5.817068503635668,0.2,5.755012308403533,26.119346099127668,GM004,3.685279648913141,0.2713498283081228,0.05,14.620921568333005,0.0004059062211471,0.0405906221147105,3.0,2.0120180957837754,True,2613,464,22.440242052078247,5.34
S024,15,3.5,52.5,2,2,5.5,5.0,11.0,10.0,110.0,0.4,0.16,0.25,0.5,0.125,0.2,5.664267143843513,12.625830739792717,0.7212259538622585,13.420000000000002,7.066557107641742,0.2,6.636696742896389,24.32647834248529,GM005,3.685279648913141,0.2713498283081228,0.05,18.903229102265502,0.0005096184255425,0.0509618425542534,3.0,1.9729283552090235,True,2434,465,22.69475483894348,5.24
S024,15,3.5,52.5,2,2,5.5,5.0,11.0,10.0,110.0,0.4,0.16,0.25,0.5,0.125,0.35,63.06773902376135,69.78490758023827,4.969633631354305,26.190000000000005,0.6795716639209225,0.35,0.8427860127280369,48.54687625368132,GM006,3.685279648913141,0.2713498283081228,0.05,315.3567580982969,0.008476083182147,0.8476083182147034,9.0,7.265288459500678,True,4856,466,42.084022521972656,6.75
S024,15,3.5,52.5,2,2,5.5,5.0,11.0,10.0,110.0,0.4,0.16,0.25,0.5,0.125,0.35,31.18213548288276,13.423292753085295,3.5964036829916104,17.450000000000003,2.1102362204724407,0.35,1.8966419472757068,31.732860248912687,GM007,3.685279648913141,0.2713498283081228,0.05,34.07544192056168,0.0035783542237368,0.3578354223736886,12.0,3.220701491115451,True,3175,467,27.162961959838867,6.25
S024,15,3.5,52.5,2,2,5.5,5.0,11.0,10.0,110.0,0.4,0.16,0.25,0.5,0.125,0.35,17.29928709321277,17.06516915375435,2.620342091896445,14.86,3.43839541547278,0.35,3.0275840474916667,31.39477081852495,GM008,3.685279648913141,0.2713498283081228,0.05,17.40460410796226,0.0013083164756085,0.1308316475608599,2.0,3.543924727202996,True,3141,468,26.73759794235229,5.97
S024,15,3.5,52.5,2,2,5.5,5.0,11.0,10.0,110.0,0.4,0.16,0.25,0.5,0.125,0.35,9.9961672381982,2.159835002951208,0.78163944801236,6.1,7.451564828614009,0.35,6.267985100144817,13.402087780712826,GM009,3.685279648913141,0.2713498283081228,0.05,15.366287270661193,0.0006257135297652,0.0625713529765291,2.0,3.274254184737663,True,1342,469,13.19551157951355,5.0
S024,15,3.5,52.5,2,2,5.5,5.0,11.0,10.0,110.0,0.4,0.16,0.25,0.5,0.125,0.35,9.117930487349971,4.839859343819583,1.524764882114188,7.81,6.44361833952912,0.35,6.556380630993073,16.124252698347956,GM010,3.685279648913141,0.2713498283081228,0.05,11.16438441565123,0.0004906086987326,0.0490608698732612,2.0,3.520523991721448,True,1614,470,14.936174631118774,5.29
S024,15,3.5,52.5,2,2,5.5,5.0,11.0,10.0,110.0,0.4,0.16,0.25,0.5,0.125,0.5,103.78646459524916,102.46376148457,10.301907051473773,24.64,0.7695423248278656,0.5,0.8249428817678108,49.3671464622098,GM011,3.685279648913141,0.2713498283081228,0.05,720.9266365674631,0.0178331493312288,1.7833149331228833,7.0,11.473735283626343,True,4938,471,41.01357746124268,7.17
S024,15,3.5,52.5,2,2,5.5,5.0,11.0,10.0,110.0,0.4,0.16,0.25,0.5,0.125,0.5,43.81133529558346,12.508231190577826,6.522782124023682,15.68,2.1181384248210025,0.5,1.7530074828421631,33.50141695516064,GM012,3.685279648913141,0.2713498283081228,0.05,96.98530918766632,0.0051434354943961,0.5143435494396132,2.0,4.004005364769214,True,3352,472,28.219725370407104,6.36
S024,15,3.5,52.5,2,2,5.5,5.0,11.0,10.0,110.0,0.4,0.16,0.25,0.5,0.125,0.5,34.03908206278366,3.1295061607583845,2.746068006539613,10.64,2.182347235693501,0.5,2.9160861723349143,20.60583722265584,GM013,3.685279648913141,0.2713498283081228,0.05,26.027123673834502,0.0027459410292349,0.2745941029234964,2.0,4.226907731428323,True,2062,473,18.435376405715942,5.86
S024,15,3.5,52.5,2,2,5.5,5.0,11.0,10.0,110.0,0.4,0.16,0.25,0.5,0.125,0.5,18.45533882580252,14.80201624834675,4.384404010019975,13.99,4.732510288065844,0.5,4.923044536737827,29.145557494343898,GM014,3.685279648913141,0.2713498283081228,0.05,21.633647486686463,0.0012138770191241,0.1213877019124131,2.0,4.88090375938896,True,2916,474,24.89587926864624,5.95
S024,15,3.5,52.5,2,2,5.5,5.0,11.0,10.0,110.0,0.4,0.16,0.25,0.5,0.125,0.5,19.24086715150233,12.420394041706963,2.841465779297746,12.25,9.361702127659576,0.5,7.245419023545791,23.4819579140368,GM015,3.685279648913141,0.2713498283081228,0.05,59.89505819708175,0.0015057520161435,0.1505752016143575,7.0,4.737055076065042,True,2350,475,20.597415685653687,5.81
S024,15,3.5,52.5,2,2,5.5,5.0,11.0,10.0,110.0,0.4,0.16,0.25,0.5,0.125,0.7,123.7595083309582,112.69968149869808,17.509930352017964,22.65,1.0585918266863614,0.7,1.0754391522554805,40.60105369611207,GM016,3.685279648913141,0.2713498283081228,0.05,1011.3266087610388,0.0261116396972754,2.611163969727548,8.0,18.789405648776505,True,4062,476,34.765443325042725,7.46
S024,15,3.5,52.5,2,2,5.5,5.0,11.0,10.0,110.0,0.4,0.16,0.25,0.5,0.125,0.7,64.59644568791263,16.74792888475344,16.036406651915282,11.260000000000002,2.025630425795783,0.7,2.1262265800410804,24.174389942525263,GM017,3.685279648913141,0.2713498283081228,0.05,60.946618329550496,0.0066163868482763,0.6616386848276314,3.0,7.620477019905527,True,2419,477,20.92699384689331,6.67
S024,15,3.5,52.5,2,2,5.5,5.0,11.0,10.0,110.0,0.4,0.16,0.25,0.5,0.125,0.7,30.67798559089125,26.045018761285505,14.611557120426408,16.19,3.604923798358734,0.7,3.247999378380634,34.10290486983198,GM018,3.685279648913141,0.2713498283081228,0.05,41.509600337338384,0.0022082360949645,0.2208236094964524,2.0,6.796999345011978,True,3412,478,29.23693561553955,6.79
S024,15,3.5,52.5,2,2,5.5,5.0,11.0,10.0,110.0,0.4,0.16,0.25,0.5,0.125,0.7,17.921335956137025,5.130317972579734,6.759252886649012,13.25,6.394664574342879,0.7,6.485260383358972,25.47662859177758,GM019,3.685279648913141,0.2713498283081228,0.05,30.49179774302861,0.0008222303428017,0.0822230342801799,3.0,6.835260204616849,True,2549,479,22.141433715820312,6.09
S024,15,3.5,52.5,2,2,5.5,5.0,11.0,10.0,110.0,0.4,0.16,0.25,0.5,0.125,0.7,14.51176429983206,6.940468227237262,4.130353652872347,6.4,6.382978723404255,0.7,8.493225110568062,13.613849257253516,GM020,3.685279648913141,0.2713498283081228,0.05,14.230770172084554,0.0006121786107985,0.0612178610798501,1.0,6.873324730175231,True,1363,480,13.073940992355348,5.67
S025,7,3.8,26.6,4,4,5.5,6.0,22.0,24.0,528.0,0.4,0.16,0.25,0.4,0.1,0.2,33.724749953208224,18.949065402570785,1.346504539859263,25.38,0.7790077900779008,0.2,1.0621780831931538,48.76785766024791,GM001,2.966103886021698,0.3371426080902564,0.05,197.1178900966055,0.0100524016542988,1.005240165429888,4.0,4.824905416342647,True,4878,481,90.22453761100768,6.08
S025,7,3.8,26.6,4,4,5.5,6.0,22.0,24.0,528.0,0.4,0.16,0.25,0.4,0.1,0.2,13.524132183148598,14.789498876160662,0.9208366620409144,21.98,2.8521391043282462,0.2,2.5142460490278933,39.95245644502771,GM002,2.966103886021698,0.3371426080902564,0.05,9.911117773106657,0.0015767101795491,0.1576710179549102,2.0,1.5559860570746076,True,3997,482,75.24578356742859,5.68
S025,7,3.8,26.6,4,4,5.5,6.0,22.0,24.0,528.0,0.4,0.16,0.25,0.4,0.1,0.2,11.513141680876746,7.560542073809191,0.7826640027451861,11.06,3.1932093775262733,0.2,3.0757117330933914,24.728847742837488,GM003,2.966103886021698,0.3371426080902564,0.05,9.3939775347403,0.0012403422869181,0.124034228691815,2.0,2.307526669917604,True,2474,483,49.54219961166382,5.32
S025,7,3.8,26.6,4,4,5.5,6.0,22.0,24.0,528.0,0.4,0.16,0.25,0.4,0.1,0.2,6.672365414950108,6.719688458974504,0.8438217290766784,13.55,5.817068503635668,0.2,5.755012308403533,26.119346099127668,GM004,2.966103886021698,0.3371426080902564,0.05,14.919509169888808,0.0008691197366347,0.0869119736634799,2.0,1.888197868769831,True,2613,484,51.401113986968994,5.34
S025,7,3.8,26.6,4,4,5.5,6.0,22.0,24.0,528.0,0.4,0.16,0.25,0.4,0.1,0.2,5.664267143843513,12.625830739792717,0.7212259538622585,13.420000000000002,7.066557107641742,0.2,6.636696742896389,24.32647834248529,GM005,2.966103886021698,0.3371426080902564,0.05,11.853714050728096,0.0006646900253968,0.0664690025396898,2.0,1.8888714929024464,True,2434,485,48.40749597549439,5.24
S025,7,3.8,26.6,4,4,5.5,6.0,22.0,24.0,528.0,0.4,0.16,0.25,0.4,0.1,0.35,63.06773902376135,69.78490758023827,4.969633631354305,26.190000000000005,0.6795716639209225,0.35,0.8427860127280369,48.54687625368132,GM006,2.966103886021698,0.3371426080902564,0.05,370.3653026745864,0.0186641780452573,1.866417804525732,3.0,7.919545867824461,True,4856,486,90.10576438903809,6.75
S025,7,3.8,26.6,4,4,5.5,6.0,22.0,24.0,528.0,0.4,0.16,0.25,0.4,0.1,0.35,31.18213548288276,13.423292753085295,3.5964036829916104,17.450000000000003,2.1102362204724407,0.35,1.8966419472757068,31.732860248912687,GM007,2.966103886021698,0.3371426080902564,0.05,43.41908061724539,0.0070397850445007,0.7039785044500795,6.0,3.6621335479689527,True,3175,487,61.46116280555725,6.25
S025,7,3.8,26.6,4,4,5.5,6.0,22.0,24.0,528.0,0.4,0.16,0.25,0.4,0.1,0.35,17.29928709321277,17.06516915375435,2.620342091896445,14.86,3.43839541547278,0.35,3.0275840474916667,31.39477081852495,GM008,2.966103886021698,0.3371426080902564,0.05,12.943638944989926,0.0021172084345569,0.2117208434556954,2.0,3.6328844709888206,True,3141,488,60.48719048500061,5.97
S025,7,3.8,26.6,4,4,5.5,6.0,22.0,24.0,528.0,0.4,0.16,0.25,0.4,0.1,0.35,9.9961672381982,2.159835002951208,0.78163944801236,6.1,7.451564828614009,0.35,6.267985100144817,13.402087780712826,GM009,2.966103886021698,0.3371426080902564,0.05,17.29636072227095,0.0012314624680565,0.1231462468056519,2.0,3.3609836536589555,True,1342,489,29.8358793258667,5.0
S025,7,3.8,26.6,4,4,5.5,6.0,22.0,24.0,528.0,0.4,0.16,0.25,0.4,0.1,0.35,9.117930487349971,4.839859343819583,1.524764882114188,7.81,6.44361833952912,0.35,6.556380630993073,16.124252698347956,GM010,2.966103886021698,0.3371426080902564,0.05,10.560193811239603,0.0006665061495029,0.0666506149502909,2.0,3.4163520328058468,True,1614,490,34.45538544654846,5.29
S025,7,3.8,26.6,4,4,5.5,6.0,22.0,24.0,528.0,0.4,0.16,0.25,0.4,0.1,0.5,103.78646459524916,102.46376148457,10.301907051473773,24.64,0.7695423248278656,0.5,0.8249428817678108,49.3671464622098,GM011,2.966103886021698,0.3371426080902564,0.05,1294.0448349464975,0.0672865171160279,6.728651711602796,3.0,17.45701026720051,True,4938,491,91.62646412849426,7.17
S025,7,3.8,26.6,4,4,5.5,6.0,22.0,24.0,528.0,0.4,0.16,0.25,0.4,0.1,0.5,43.81133529558346,12.508231190577826,6.522782124023682,15.68,2.1181384248210025,0.5,1.7530074828421631,33.50141695516064,GM012,2.966103886021698,0.3371426080902564,0.05,167.344348479617,0.0116604538530526,1.1660453853052646,5.0,5.4100895075409605,True,3352,492,64.3441424369812,6.36
S025,7,3.8,26.6,4,4,5.5,6.0,22.0,24.0,528.0,0.4,0.16,0.25,0.4,0.1,0.5,34.03908206278366,3.1295061607583845,2.746068006539613,10.64,2.182347235693501,0.5,2.9160861723349143,20.60583722265584,GM013,2.966103886021698,0.3371426080902564,0.05,18.6509603194353,0.0044930958149284,0.4493095814928434,2.0,2.7552981484463634,True,2062,493,41.83604049682617,5.86
S025,7,3.8,26.6,4,4,5.5,6.0,22.0,24.0,528.0,0.4,0.16,0.25,0.4,0.1,0.5,18.45533882580252,14.80201624834675,4.384404010019975,13.99,4.732510288065844,0.5,4.923044536737827,29.145557494343898,GM014,2.966103886021698,0.3371426080902564,0.05,22.47992896978136,0.0019751479363657,0.1975147936365711,2.0,4.938873102957391,True,2916,494,57.040754318237305,5.95
S025,7,3.8,26.6,4,4,5.5,6.0,22.0,24.0,528.0,0.4,0.16,0.25,0.4,0.1,0.5,19.24086715150233,12.420394041706963,2.841465779297746,12.25,9.361702127659576,0.5,7.245419023545791,23.4819579140368,GM015,2.966103886021698,0.3371426080902564,0.05,85.0201318185704,0.0045538334226277,0.4553833422627722,3.0,4.591077823887541,True,2350,495,47.16331934928894,5.81
S025,7,3.8,26.6,4,4,5.5,6.0,22.0,24.0,528.0,0.4,0.16,0.25,0.4,0.1,0.7,123.7595083309582,112.69968149869808,17.509930352017964,22.65,1.0585918266863614,0.7,1.0754391522554805,40.60105369611207,GM016,2.966103886021698,0.3371426080902564,0.05,914.3106564123684,0.0457341858959363,4.573418589593632,4.0,18.56374132517673,True,4062,496,76.6581621170044,7.46
S025,7,3.8,26.6,4,4,5.5,6.0,22.0,24.0,528.0,0.4,0.16,0.25,0.4,0.1,0.7,64.59644568791263,16.74792888475344,16.036406651915282,11.260000000000002,2.025630425795783,0.7,2.1262265800410804,24.174389942525263,GM017,2.966103886021698,0.3371426080902564,0.05,67.4302845868496,0.0135387247613417,1.3538724761341714,6.0,7.934763331511681,True,2419,497,48.959988594055176,6.67
S025,7,3.8,26.6,4,4,5.5,6.0,22.0,24.0,528.0,0.4,0.16,0.25,0.4,0.1,0.7,30.67798559089125,26.045018761285505,14.611557120426408,16.19,3.604923798358734,0.7,3.247999378380634,34.10290486983198,GM018,2.966103886021698,0.3371426080902564,0.05,38.70694461675679,0.003031128755609,0.3031128755609047,2.0,8.47443118655509,True,3412,498,65.55806636810303,6.79
S025,7,3.8,26.6,4,4,5.5,6.0,22.0,24.0,528.0,0.4,0.16,0.25,0.4,0.1,0.7,17.921335956137025,5.130317972579734,6.759252886649012,13.25,6.394664574342879,0.7,6.485260383358972,25.47662859177758,GM019,2.966103886021698,0.3371426080902564,0.05,23.979761672497343,0.0013609876386808,0.1360987638680812,2.0,7.086239234127747,True,2549,499,50.06133031845093,6.09
S025,7,3.8,26.6,4,4,5.5,6.0,22.0,24.0,528.0,0.4,0.16,0.25,0.4,0.1,0.7,14.51176429983206,6.940468227237262,4.130353652872347,6.4,6.382978723404255,0.7,8.493225110568062,13.613849257253516,GM020,2.966103886021698,0.3371426080902564,0.05,13.859104428969776,0.0008520093047908,0.0852009304790886,1.0,6.7987513382473,True,1363,500,30.00522208213806,5.67
S026,5,3.5,17.5,4,4,4.5,5.5,18.0,22.0,396.0,0.45,0.2025,0.25,0.5,0.125,0.2,33.724749953208224,18.949065402570785,1.346504539859263,25.38,0.7790077900779008,0.2,1.0621780831931538,48.76785766024791,GM001,1.2146425439899786,0.8232874807061348,0.05,92.5405214102826,0.0073950091726408,0.7395009172640882,2.0,5.318702759142309,True,4878,501,56.01979041099548,6.08
S026,5,3.5,17.5,4,4,4.5,5.5,18.0,22.0,396.0,0.45,0.2025,0.25,0.5,0.125,0.2,13.524132183148598,14.789498876160662,0.9208366620409144,21.98,2.8521391043282462,0.2,2.5142460490278933,39.95245644502771,GM002,1.2146425439899786,0.8232874807061348,0.05,21.59949494954408,0.0016725790124957,0.1672579012495799,3.0,4.348651697729998,True,3997,502,46.42976951599121,5.68
S026,5,3.5,17.5,4,4,4.5,5.5,18.0,22.0,396.0,0.45,0.2025,0.25,0.5,0.125,0.2,11.513141680876746,7.560542073809191,0.7826640027451861,11.06,3.1932093775262733,0.2,3.0757117330933914,24.728847742837488,GM003,1.2146425439899786,0.8232874807061348,0.05,19.38021332969285,0.0014748223420691,0.1474822342069173,3.0,4.292551475646831,True,2474,503,29.09077882766724,5.32
S026,5,3.5,17.5,4,4,4.5,5.5,18.0,22.0,396.0,0.45,0.2025,0.25,0.5,0.125,0.2,6.672365414950108,6.719688458974504,0.8438217290766784,13.55,5.817068503635668,0.2,5.755012308403533,26.119346099127668,GM004,1.2146425439899786,0.8232874807061348,0.05,2.1684380425796936,0.0004121857097045,0.041218570970459,2.0,1.189237224668606,True,2613,504,30.64044952392578,5.34
S026,5,3.5,17.5,4,4,4.5,5.5,18.0,22.0,396.0,0.45,0.2025,0.25,0.5,0.125,0.2,5.664267143843513,12.625830739792717,0.7212259538622585,13.420000000000002,7.066557107641742,0.2,6.636696742896389,24.32647834248529,GM005,1.2146425439899786,0.8232874807061348,0.05,2.294061368112272,0.0003638561391154,0.0363856139115478,2.0,1.4159190223335718,True,2434,505,28.742223978042603,5.24
S026,5,3.5,17.5,4,4,4.5,5.5,18.0,22.0,396.0,0.45,0.2025,0.25,0.5,0.125,0.35,63.06773902376135,69.78490758023827,4.969633631354305,26.190000000000005,0.6795716639209225,0.35,0.8427860127280369,48.54687625368132,GM006,1.2146425439899786,0.8232874807061348,0.05,86.24033244725163,0.0070744784998983,0.7074478499898368,2.0,3.7061987176308793,True,4856,506,54.96686363220215,6.75
S026,5,3.5,17.5,4,4,4.5,5.5,18.0,22.0,396.0,0.45,0.2025,0.25,0.5,0.125,0.35,31.18213548288276,13.423292753085295,3.5964036829916104,17.450000000000003,2.1102362204724407,0.35,1.8966419472757068,31.732860248912687,GM007,1.2146425439899786,0.8232874807061348,0.05,124.86044727668278,0.009663197105345,0.9663197105345094,2.0,11.7372561269539,True,3175,507,37.70673751831055,6.25
S026,5,3.5,17.5,4,4,4.5,5.5,18.0,22.0,396.0,0.45,0.2025,0.25,0.5,0.125,0.35,17.29928709321277,17.06516915375435,2.620342091896445,14.86,3.43839541547278,0.35,3.0275840474916667,31.39477081852495,GM008,1.2146425439899786,0.8232874807061348,0.05,24.662455228145788,0.0020482289836094,0.2048228983609457,4.0,7.369426788780793,True,3141,508,36.63100576400757,5.97
S026,5,3.5,17.5,4,4,4.5,5.5,18.0,22.0,396.0,0.45,0.2025,0.25,0.5,0.125,0.35,9.9961672381982,2.159835002951208,0.78163944801236,6.1,7.451564828614009,0.35,6.267985100144817,13.402087780712826,GM009,1.2146425439899786,0.8232874807061348,0.05,6.857730687974072,0.0010712230815742,0.1071223081574246,4.0,3.160371964389757,True,1342,509,16.83086347579956,5.0
S026,5,3.5,17.5,4,4,4.5,5.5,18.0,22.0,396.0,0.45,0.2025,0.25,0.5,0.125,0.35,9.117930487349971,4.839859343819583,1.524764882114188,7.81,6.44361833952912,0.35,6.556380630993073,16.124252698347956,GM010,1.2146425439899786,0.8232874807061348,0.05,4.082296412454154,0.0008511412172055,0.0851141217205564,4.0,3.1776007036012,True,1614,510,19.61233878135681,5.29
S026,5,3.5,17.5,4,4,4.5,5.5,18.0,22.0,396.0,0.45,0.2025,0.25,0.5,0.125,0.5,103.78646459524916,102.46376148457,10.301907051473773,24.64,0.7695423248278656,0.5,0.8249428817678108,49.3671464622098,GM011,1.2146425439899786,0.8232874807061348,0.05,102.03801670297396,0.0084243818746304,0.8424381874630494,2.0,3.7061815867813706,True,4938,511,57.71757221221924,7.17
S026,5,3.5,17.5,4,4,4.5,5.5,18.0,22.0,396.0,0.45,0.2025,0.25,0.5,0.125,0.5,43.81133529558346,12.508231190577826,6.522782124023682,15.68,2.1181384248210025,0.5,1.7530074828421631,33.50141695516064,GM012,1.2146425439899786,0.8232874807061348,0.05,169.66625225330836,0.0132107016073904,1.3210701607390425,2.0,18.219808220488574,True,3352,512,38.70463800430298,6.36
S026,5,3.5,17.5,4,4,4.5,5.5,18.0,22.0,396.0,0.45,0.2025,0.25,0.5,0.125,0.5,34.03908206278366,3.1295061607583845,2.746068006539613,10.64,2.182347235693501,0.5,2.9160861723349143,20.60583722265584,GM013,1.2146425439899786,0.8232874807061348,0.05,56.33505863688516,0.0042404261782372,0.4240426178237271,3.0,9.407833983833466,True,2062,513,24.765663146972656,5.86
S026,5,3.5,17.5,4,4,4.5,5.5,18.0,22.0,396.0,0.45,0.2025,0.25,0.5,0.125,0.5,18.45533882580252,14.80201624834675,4.384404010019975,13.99,4.732510288065844,0.5,4.923044536737827,29.145557494343898,GM014,1.2146425439899786,0.8232874807061348,0.05,14.418178975257968,0.0021327855602848,0.213278556028485,4.0,7.495726638187432,True,2916,514,33.92668032646179,5.95
S026,5,3.5,17.5,4,4,4.5,5.5,18.0,22.0,396.0,0.45,0.2025,0.25,0.5,0.125,0.5,19.24086715150233,12.420394041706963,2.841465779297746,12.25,9.361702127659576,0.5,7.245419023545791,23.4819579140368,GM015,1.2146425439899786,0.8232874807061348,0.05,8.263319609377273,0.0009196320181721,0.091963201817218,2.0,4.375151680912228,True,2350,515,27.940664768219,5.81
S026,5,3.5,17.5,4,4,4.5,5.5,18.0,22.0,396.0,0.45,0.2025,0.25,0.5,0.125,0.7,123.7595083309582,112.69968149869808,17.509930352017964,22.65,1.0585918266863614,0.7,1.0754391522554805,40.60105369611207,GM016,1.2146425439899786,0.8232874807061348,0.05,354.3888401339684,0.0286071623746416,2.860716237464164,2.0,20.225000823909458,True,4062,516,46.87341594696045,7.46
S026,5,3.5,17.5,4,4,4.5,5.5,18.0,22.0,396.0,0.45,0.2025,0.25,0.5,0.125,0.7,64.59644568791263,16.74792888475344,16.036406651915282,11.260000000000002,2.025630425795783,0.7,2.1262265800410804,24.174389942525263,GM017,1.2146425439899786,0.8232874807061348,0.05,219.11695543162057,0.0167130298775837,1.671302987758375,2.0,24.710771853551464,True,2419,517,28.70859980583191,6.67
S026,5,3.5,17.5,4,4,4.5,5.5,18.0,22.0,396.0,0.45,0.2025,0.25,0.5,0.125,0.7,30.67798559089125,26.045018761285505,14.611557120426408,16.19,3.604923798358734,0.7,3.247999378380634,34.10290486983198,GM018,1.2146425439899786,0.8232874807061348,0.05,29.80582332365907,0.0038430391908023,0.3843039190802398,4.0,15.017544355652538,True,3412,518,39.78459620475769,6.79
S026,5,3.5,17.5,4,4,4.5,5.5,18.0,22.0,396.0,0.45,0.2025,0.25,0.5,0.125,0.7,17.921335956137025,5.130317972579734,6.759252886649012,13.25,6.394664574342879,0.7,6.485260383358972,25.47662859177758,GM019,1.2146425439899786,0.8232874807061348,0.05,6.075316893140745,0.0010229229908138,0.1022922990813863,5.0,7.203485364017052,True,2549,519,30.24953579902649,6.09
S026,5,3.5,17.5,4,4,4.5,5.5,18.0,22.0,396.0,0.45,0.2025,0.25,0.5,0.125,0.7,14.51176429983206,6.940468227237262,4.130353652872347,6.4,6.382978723404255,0.7,8.493225110568062,13.613849257253516,GM020,1.2146425439899786,0.8232874807061348,0.05,5.64905102953173,0.0008451664539349,0.0845166453934907,2.0,4.911783807721244,True,1363,520,17.040135622024536,5.67
S027,9,3.2,28.8,4,2,5.5,4.0,22.0,8.0,176.0,0.55,0.3025,0.3,0.45,0.135,0.2,33.724749953208224,18.949065402570785,1.346504539859263,25.38,0.7790077900779008,0.2,1.0621780831931538,48.76785766024791,GM001,1.3909861681958675,0.7189144096932443,0.05,230.25275938518985,0.0115000811481487,1.1500081148148709,3.0,8.90553795825534,True,4878,521,48.43217492103577,6.08
S027,9,3.2,28.8,4,2,5.5,4.0,22.0,8.0,176.0,0.55,0.3025,0.3,0.45,0.135,0.2,13.524132183148598,14.789498876160662,0.9208366620409144,21.98,2.8521391043282462,0.2,2.5142460490278933,39.95245644502771,GM002,1.3909861681958675,0.7189144096932443,0.05,36.39049797724056,0.0020456860277379,0.2045686027737902,2.0,4.224807975930931,True,3997,522,39.815946102142334,5.68
S027,9,3.2,28.8,4,2,5.5,4.0,22.0,8.0,176.0,0.55,0.3025,0.3,0.45,0.135,0.2,11.513141680876746,7.560542073809191,0.7826640027451861,11.06,3.1932093775262733,0.2,3.0757117330933914,24.728847742837488,GM003,1.3909861681958675,0.7189144096932443,0.05,14.915504810917495,0.0015143906200912,0.1514390620091207,7.0,3.596780845767287,True,2474,523,25.438259601593018,5.32
S027,9,3.2,28.8,4,2,5.5,4.0,22.0,8.0,176.0,0.55,0.3025,0.3,0.45,0.135,0.2,6.672365414950108,6.719688458974504,0.8438217290766784,13.55,5.817068503635668,0.2,5.755012308403533,26.119346099127668,GM004,1.3909861681958675,0.7189144096932443,0.05,5.289865335394516,0.0003918320021857,0.0391832002185729,2.0,2.3587347244379133,True,2613,524,26.98163366317749,5.34
S027,9,3.2,28.8,4,2,5.5,4.0,22.0,8.0,176.0,0.55,0.3025,0.3,0.45,0.135,0.2,5.664267143843513,12.625830739792717,0.7212259538622585,13.420000000000002,7.066557107641742,0.2,6.636696742896389,24.32647834248529,GM005,1.3909861681958675,0.7189144096932443,0.05,4.408623285048327,0.0002770808051272,0.0277080805127276,2.0,2.4748664775394755,True,2434,525,24.86566042900085,5.24
S027,9,3.2,28.8,4,2,5.5,4.0,22.0,8.0,176.0,0.55,0.3025,0.3,0.45,0.135,0.35,63.06773902376135,69.78490758023827,4.969633631354305,26.190000000000005,0.6795716639209225,0.35,0.8427860127280369,48.54687625368132,GM006,1.3909861681958675,0.7189144096932443,0.05,288.6703640207885,0.0147276117638472,1.472761176384728,3.0,8.212381527312814,True,4856,526,48.45794916152954,6.75
S027,9,3.2,28.8,4,2,5.5,4.0,22.0,8.0,176.0,0.55,0.3025,0.3,0.45,0.135,0.35,31.18213548288276,13.423292753085295,3.5964036829916104,17.450000000000003,2.1102362204724407,0.35,1.8966419472757068,31.732860248912687,GM007,1.3909861681958675,0.7189144096932443,0.05,80.65832723266018,0.0038586621917702,0.3858662191770219,5.0,7.58452330581957,True,3175,527,32.65903830528259,6.25
S027,9,3.2,28.8,4,2,5.5,4.0,22.0,8.0,176.0,0.55,0.3025,0.3,0.45,0.135,0.35,17.29928709321277,17.06516915375435,2.620342091896445,14.86,3.43839541547278,0.35,3.0275840474916667,31.39477081852495,GM008,1.3909861681958675,0.7189144096932443,0.05,18.81020021181725,0.001738074830077,0.173807483007702,7.0,4.708231050353498,True,3141,528,31.760651111602783,5.97
S027,9,3.2,28.8,4,2,5.5,4.0,22.0,8.0,176.0,0.55,0.3025,0.3,0.45,0.135,0.35,9.9961672381982,2.159835002951208,0.78163944801236,6.1,7.451564828614009,0.35,6.267985100144817,13.402087780712826,GM009,1.3909861681958675,0.7189144096932443,0.05,15.794047562113612,0.0011324369425714,0.1132436942571495,3.0,2.3949124894753115,True,1342,529,15.058082342147827,5.0
S027,9,3.2,28.8,4,2,5.5,4.0,22.0,8.0,176.0,0.55,0.3025,0.3,0.45,0.135,0.35,9.117930487349971,4.839859343819583,1.524764882114188,7.81,6.44361833952912,0.35,6.556380630993073,16.124252698347956,GM010,1.3909861681958675,0.7189144096932443,0.05,6.865688323411258,0.0006032379538576,0.0603237953857664,2.0,4.085742373680793,True,1614,530,17.554819345474243,5.29
S027,9,3.2,28.8,4,2,5.5,4.0,22.0,8.0,176.0,0.55,0.3025,0.3,0.45,0.135,0.5,103.78646459524916,102.46376148457,10.301907051473773,24.64,0.7695423248278656,0.5,0.8249428817678108,49.3671464622098,GM011,1.3909861681958675,0.7189144096932443,0.05,459.2055232709776,0.023470721811101,2.3470721811101085,3.0,16.1837274527428,True,4938,531,49.0982780456543,7.17
S027,9,3.2,28.8,4,2,5.5,4.0,22.0,8.0,176.0,0.55,0.3025,0.3,0.45,0.135,0.5,43.81133529558346,12.508231190577826,6.522782124023682,15.68,2.1181384248210025,0.5,1.7530074828421631,33.50141695516064,GM012,1.3909861681958675,0.7189144096932443,0.05,88.52863909376923,0.0042045894981563,0.4204589498156376,5.0,10.142974755231956,True,3352,532,34.00321674346924,6.36
S027,9,3.2,28.8,4,2,5.5,4.0,22.0,8.0,176.0,0.55,0.3025,0.3,0.45,0.135,0.5,34.03908206278366,3.1295061607583845,2.746068006539613,10.64,2.182347235693501,0.5,2.9160861723349143,20.60583722265584,GM013,1.3909861681958675,0.7189144096932443,0.05,68.21142374990873,0.0037954416623609,0.379544166236093,6.0,10.234185010802308,True,2062,533,22.24833559989929,5.86
S027,9,3.2,28.8,4,2,5.5,4.0,22.0,8.0,176.0,0.55,0.3025,0.3,0.45,0.135,0.5,18.45533882580252,14.80201624834675,4.384404010019975,13.99,4.732510288065844,0.5,4.923044536737827,29.145557494343898,GM014,1.3909861681958675,0.7189144096932443,0.05,19.262972005930216,0.0015465182057156,0.1546518205715647,3.0,4.084904533915706,True,2916,534,29.7684543132782,5.95
S027,9,3.2,28.8,4,2,5.5,4.0,22.0,8.0,176.0,0.55,0.3025,0.3,0.45,0.135,0.5,19.24086715150233,12.420394041706963,2.841465779297746,12.25,9.361702127659576,0.5,7.245419023545791,23.4819579140368,GM015,1.3909861681958675,0.7189144096932443,0.05,21.25584651351882,0.0012780932587569,0.127809325875699,2.0,5.228364741338154,True,2350,535,24.250978231430054,5.81
S027,9,3.2,28.8,4,2,5.5,4.0,22.0,8.0,176.0,0.55,0.3025,0.3,0.45,0.135,0.7,123.7595083309582,112.69968149869808,17.509930352017964,22.65,1.0585918266863614,0.7,1.0754391522554805,40.60105369611207,GM016,1.3909861681958675,0.7189144096932443,0.05,1160.560248339131,0.0576391137884367,5.7639113788436696,3.0,45.265529473225264,True,4062,536,40.3388831615448,7.46
S027,9,3.2,28.8,4,2,5.5,4.0,22.0,8.0,176.0,0.55,0.3025,0.3,0.45,0.135,0.7,64.59644568791263,16.74792888475344,16.036406651915282,11.260000000000002,2.025630425795783,0.7,2.1262265800410804,24.174389942525263,GM017,1.3909861681958675,0.7189144096932443,0.05,123.64922400613872,0.0061869524438047,0.6186952443804781,4.0,16.40829887404399,True,2419,537,24.93759632110596,6.67
S027,9,3.2,28.8,4,2,5.5,4.0,22.0,8.0,176.0,0.55,0.3025,0.3,0.45,0.135,0.7,30.67798559089125,26.045018761285505,14.611557120426408,16.19,3.604923798358734,0.7,3.247999378380634,34.10290486983198,GM018,1.3909861681958675,0.7189144096932443,0.05,17.57939941550498,0.0030032666815372,0.3003266681537264,2.0,6.71028426336079,True,3412,538,34.443570375442505,6.79
S027,9,3.2,28.8,4,2,5.5,4.0,22.0,8.0,176.0,0.55,0.3025,0.3,0.45,0.135,0.7,17.921335956137025,5.130317972579734,6.759252886649012,13.25,6.394664574342879,0.7,6.485260383358972,25.47662859177758,GM019,1.3909861681958675,0.7189144096932443,0.05,6.409397700345838,0.0008317431283325,0.0831743128332568,2.0,7.571382088576235,True,2549,539,26.82307767868042,6.09
S027,9,3.2,28.8,4,2,5.5,4.0,22.0,8.0,176.0,0.55,0.3025,0.3,0.45,0.135,0.7,14.51176429983206,6.940468227237262,4.130353652872347,6.4,6.382978723404255,0.7,8.493225110568062,13.613849257253516,GM020,1.3909861681958675,0.7189144096932443,0.05,7.221247737896807,0.0007166412781342,0.0716641278134234,2.0,8.879374960784626,True,1363,540,15.024547815322876,5.67
S028,9,3.2,28.8,2,2,4.5,5.5,9.0,11.0,99.0,0.5,0.25,0.35,0.4,0.1399999999999999,0.2,33.724749953208224,18.949065402570785,1.346504539859263,25.38,0.7790077900779008,0.2,1.0621780831931538,48.76785766024791,GM001,1.3251588819737332,0.7546264931723271,0.05,319.5251345474101,0.0155266926615754,1.5526692661575456,3.0,10.98986861143938,True,4878,541,19.121442079544067,6.08
S028,9,3.2,28.8,2,2,4.5,5.5,9.0,11.0,99.0,0.5,0.25,0.35,0.4,0.1399999999999999,0.2,13.524132183148598,14.789498876160662,0.9208366620409144,21.98,2.8521391043282462,0.2,2.5142460490278933,39.95245644502771,GM002,1.3251588819737332,0.7546264931723271,0.05,38.45759759332113,0.0019985396507652,0.199853965076526,6.0,3.681008676043202,True,3997,542,15.725364208221436,5.68
S028,9,3.2,28.8,2,2,4.5,5.5,9.0,11.0,99.0,0.5,0.25,0.35,0.4,0.1399999999999999,0.2,11.513141680876746,7.560542073809191,0.7826640027451861,11.06,3.1932093775262733,0.2,3.0757117330933914,24.728847742837488,GM003,1.3251588819737332,0.7546264931723271,0.05,14.56402808163786,0.0016855804612129,0.1685580461212967,7.0,3.284536949422356,True,2474,543,10.029566287994385,5.32
S028,9,3.2,28.8,2,2,4.5,5.5,9.0,11.0,99.0,0.5,0.25,0.35,0.4,0.1399999999999999,0.2,6.672365414950108,6.719688458974504,0.8438217290766784,13.55,5.817068503635668,0.2,5.755012308403533,26.119346099127668,GM004,1.3251588819737332,0.7546264931723271,0.05,4.602930614134941,0.0004472494377074,0.0447249437707463,2.0,2.7178389277818105,True,2613,544,10.364744901657104,5.34
S028,9,3.2,28.8,2,2,4.5,5.5,9.0,11.0,99.0,0.5,0.25,0.35,0.4,0.1399999999999999,0.2,5.664267143843513,12.625830739792717,0.7212259538622585,13.420000000000002,7.066557107641742,0.2,6.636696742896389,24.32647834248529,GM005,1.3251588819737332,0.7546264931723271,0.05,4.98401085683595,0.0002923664804034,0.0292366480403436,2.0,2.708558636054568,True,2434,545,9.624237060546877,5.24
S028,9,3.2,28.8,2,2,4.5,5.5,9.0,11.0,99.0,0.5,0.25,0.35,0.4,0.1399999999999999,0.35,63.06773902376135,69.78490758023827,4.969633631354305,26.190000000000005,0.6795716639209225,0.35,0.8427860127280369,48.54687625368132,GM006,1.3251588819737332,0.7546264931723271,0.05,434.6477565231961,0.0216100802292519,2.161008022925197,3.0,11.624285439151594,True,4856,546,19.186942100524902,6.75
S028,9,3.2,28.8,2,2,4.5,5.5,9.0,11.0,99.0,0.5,0.25,0.35,0.4,0.1399999999999999,0.35,31.18213548288276,13.423292753085295,3.5964036829916104,17.450000000000003,2.1102362204724407,0.35,1.8966419472757068,31.732860248912687,GM007,1.3251588819737332,0.7546264931723271,0.05,73.87783040408988,0.0036146872538284,0.3614687253828434,5.0,7.507819409926464,True,3175,547,12.653409242630005,6.25
S028,9,3.2,28.8,2,2,4.5,5.5,9.0,11.0,99.0,0.5,0.25,0.35,0.4,0.1399999999999999,0.35,17.29928709321277,17.06516915375435,2.620342091896445,14.86,3.43839541547278,0.35,3.0275840474916667,31.39477081852495,GM008,1.3251588819737332,0.7546264931723271,0.05,18.3167644682262,0.0018015002736163,0.1801500273616367,7.0,3.7447914357709,True,3141,548,12.452402114868164,5.97
S028,9,3.2,28.8,2,2,4.5,5.5,9.0,11.0,99.0,0.5,0.25,0.35,0.4,0.1399999999999999,0.35,9.9961672381982,2.159835002951208,0.78163944801236,6.1,7.451564828614009,0.35,6.267985100144817,13.402087780712826,GM009,1.3251588819737332,0.7546264931723271,0.05,19.122059013065105,0.0011934889380068,0.1193488938006825,4.0,2.785812469597829,True,1342,549,5.522468566894531,5.0
S028,9,3.2,28.8,2,2,4.5,5.5,9.0,11.0,99.0,0.5,0.25,0.35,0.4,0.1399999999999999,0.35,9.117930487349971,4.839859343819583,1.524764882114188,7.81,6.44361833952912,0.35,6.556380630993073,16.124252698347956,GM010,1.3251588819737332,0.7546264931723271,0.05,7.765796933531829,0.0006459440079173,0.0645944007917332,2.0,4.47560669237668,True,1614,550,6.772372722625732,5.29
S028,9,3.2,28.8,2,2,4.5,5.5,9.0,11.0,99.0,0.5,0.25,0.35,0.4,0.1399999999999999,0.5,103.78646459524916,102.46376148457,10.301907051473773,24.64,0.7695423248278656,0.5,0.8249428817678108,49.3671464622098,GM011,1.3251588819737332,0.7546264931723271,0.05,509.60919990040696,0.0254966842007923,2.549668420079235,3.0,14.862128989579022,True,4938,551,19.410255908966064,7.17
S028,9,3.2,28.8,2,2,4.5,5.5,9.0,11.0,99.0,0.5,0.25,0.35,0.4,0.1399999999999999,0.5,43.81133529558346,12.508231190577826,6.522782124023682,15.68,2.1181384248210025,0.5,1.7530074828421631,33.50141695516064,GM012,1.3251588819737332,0.7546264931723271,0.05,78.2189317232304,0.0041752210018581,0.417522100185813,6.0,9.938773725065248,True,3352,552,13.480075359344482,6.36
S028,9,3.2,28.8,2,2,4.5,5.5,9.0,11.0,99.0,0.5,0.25,0.35,0.4,0.1399999999999999,0.5,34.03908206278366,3.1295061607583845,2.746068006539613,10.64,2.182347235693501,0.5,2.9160861723349143,20.60583722265584,GM013,1.3251588819737332,0.7546264931723271,0.05,66.53452555942897,0.0042190846712991,0.4219084671299125,6.0,10.361747661950378,True,2062,553,8.183956861495972,5.86
S028,9,3.2,28.8,2,2,4.5,5.5,9.0,11.0,99.0,0.5,0.25,0.35,0.4,0.1399999999999999,0.5,18.45533882580252,14.80201624834675,4.384404010019975,13.99,4.732510288065844,0.5,4.923044536737827,29.145557494343898,GM014,1.3251588819737332,0.7546264931723271,0.05,23.683148796149123,0.0020494088207157,0.2049408820715734,3.0,4.56661370917717,True,2916,554,11.688024520874023,5.95
S028,9,3.2,28.8,2,2,4.5,5.5,9.0,11.0,99.0,0.5,0.25,0.35,0.4,0.1399999999999999,0.5,19.24086715150233,12.420394041706963,2.841465779297746,12.25,9.361702127659576,0.5,7.245419023545791,23.4819579140368,GM015,1.3251588819737332,0.7546264931723271,0.05,26.72332826773585,0.0016002882596417,0.1600288259641733,2.0,5.13097513684481,True,2350,555,9.39132022857666,5.81
S028,9,3.2,28.8,2,2,4.5,5.5,9.0,11.0,99.0,0.5,0.25,0.35,0.4,0.1399999999999999,0.7,123.7595083309582,112.69968149869808,17.509930352017964,22.65,1.0585918266863614,0.7,1.0754391522554805,40.60105369611207,GM016,1.3251588819737332,0.7546264931723271,0.05,1036.1378019339938,0.0501557181928793,5.0155718192879295,3.0,39.56493340387189,True,4062,556,16.211981773376465,7.46
S028,9,3.2,28.8,2,2,4.5,5.5,9.0,11.0,99.0,0.5,0.25,0.35,0.4,0.1399999999999999,0.7,64.59644568791263,16.74792888475344,16.036406651915282,11.260000000000002,2.025630425795783,0.7,2.1262265800410804,24.174389942525263,GM017,1.3251588819737332,0.7546264931723271,0.05,120.53920615340064,0.0075629779553835,0.7562977955383526,7.0,17.716934173082176,True,2419,557,9.649970769882202,6.67
S028,9,3.2,28.8,2,2,4.5,5.5,9.0,11.0,99.0,0.5,0.25,0.35,0.4,0.1399999999999999,0.7,30.67798559089125,26.045018761285505,14.611557120426408,16.19,3.604923798358734,0.7,3.247999378380634,34.10290486983198,GM018,1.3251588819737332,0.7546264931723271,0.05,17.120815839868495,0.0028526917163302,0.2852691716330215,7.0,5.742117614780218,True,3412,558,13.798884868621826,6.79
S028,9,3.2,28.8,2,2,4.5,5.5,9.0,11.0,99.0,0.5,0.25,0.35,0.4,0.1399999999999999,0.7,17.921335956137025,5.130317972579734,6.759252886649012,13.25,6.394664574342879,0.7,6.485260383358972,25.47662859177758,GM019,1.3251588819737332,0.7546264931723271,0.05,7.072344555953462,0.0008146578518817,0.081465785188172,2.0,7.210990263347214,True,2549,559,10.104856729507446,6.09
S028,9,3.2,28.8,2,2,4.5,5.5,9.0,11.0,99.0,0.5,0.25,0.35,0.4,0.1399999999999999,0.7,14.51176429983206,6.940468227237262,4.130353652872347,6.4,6.382978723404255,0.7,8.493225110568062,13.613849257253516,GM020,1.3251588819737332,0.7546264931723271,0.05,7.809821741935042,0.0007511460018245,0.0751146001824532,2.0,8.650300141173167,True,1363,560,5.455956935882568,5.67
S029,12,3.5,42.0,2,2,5.0,4.5,10.0,9.0,90.0,0.6,0.36,0.35,0.4,0.1399999999999999,0.2,33.724749953208224,18.949065402570785,1.346504539859263,25.38,0.7790077900779008,0.2,1.0621780831931538,48.76785766024791,GM001,1.5092676129104985,0.6625730198182562,0.05,309.173131310058,0.0102566704130211,1.0256670413021176,4.0,7.893941655819407,True,4878,561,30.58305931091309,6.08
S029,12,3.5,42.0,2,2,5.0,4.5,10.0,9.0,90.0,0.6,0.36,0.35,0.4,0.1399999999999999,0.2,13.524132183148598,14.789498876160662,0.9208366620409144,21.98,2.8521391043282462,0.2,2.5142460490278933,39.95245644502771,GM002,1.5092676129104985,0.6625730198182562,0.05,21.30494134374366,0.0013043861610856,0.130438616108565,9.0,2.544247798961345,True,3997,562,25.113958835601807,5.68
S029,12,3.5,42.0,2,2,5.0,4.5,10.0,9.0,90.0,0.6,0.36,0.35,0.4,0.1399999999999999,0.2,11.513141680876746,7.560542073809191,0.7826640027451861,11.06,3.1932093775262733,0.2,3.0757117330933914,24.728847742837488,GM003,1.5092676129104985,0.6625730198182562,0.05,7.703930119760062,0.0008564127018369,0.0856412701836977,10.0,1.5875358624417517,True,2474,563,16.032670497894287,5.32
S029,12,3.5,42.0,2,2,5.0,4.5,10.0,9.0,90.0,0.6,0.36,0.35,0.4,0.1399999999999999,0.2,6.672365414950108,6.719688458974504,0.8438217290766784,13.55,5.817068503635668,0.2,5.755012308403533,26.119346099127668,GM004,1.5092676129104985,0.6625730198182562,0.05,6.013009602407376,0.0002669569071723,0.026695690717237,3.0,2.63390645279056,True,2613,564,17.103729009628296,5.34
S029,12,3.5,42.0,2,2,5.0,4.5,10.0,9.0,90.0,0.6,0.36,0.35,0.4,0.1399999999999999,0.2,5.664267143843513,12.625830739792717,0.7212259538622585,13.420000000000002,7.066557107641742,0.2,6.636696742896389,24.32647834248529,GM005,1.5092676129104985,0.6625730198182562,0.05,6.470916418026943,0.0002327963601567,0.0232796360156733,3.0,2.4287820168774257,True,2434,565,15.920101642608644,5.24
S029,12,3.5,42.0,2,2,5.0,4.5,10.0,9.0,90.0,0.6,0.36,0.35,0.4,0.1399999999999999,0.35,63.06773902376135,69.78490758023827,4.969633631354305,26.190000000000005,0.6795716639209225,0.35,0.8427860127280369,48.54687625368132,GM006,1.5092676129104985,0.6625730198182562,0.05,821.4722677534726,0.0277821888181264,2.7782188818126494,4.0,16.593051879759493,True,4856,566,30.288015127182007,6.75
S029,12,3.5,42.0,2,2,5.0,4.5,10.0,9.0,90.0,0.6,0.36,0.35,0.4,0.1399999999999999,0.35,31.18213548288276,13.423292753085295,3.5964036829916104,17.450000000000003,2.1102362204724407,0.35,1.8966419472757068,31.732860248912687,GM007,1.5092676129104985,0.6625730198182562,0.05,68.32832435618398,0.0037968854361853,0.3796885436185393,9.0,8.335940183705373,True,3175,567,20.52967143058777,6.25
S029,12,3.5,42.0,2,2,5.0,4.5,10.0,9.0,90.0,0.6,0.36,0.35,0.4,0.1399999999999999,0.35,17.29928709321277,17.06516915375435,2.620342091896445,14.86,3.43839541547278,0.35,3.0275840474916667,31.39477081852495,GM008,1.5092676129104985,0.6625730198182562,0.05,18.914149175697645,0.0015992092308542,0.1599209230854202,10.0,3.611737554472994,True,3141,568,19.9673810005188,5.97
S029,12,3.5,42.0,2,2,5.0,4.5,10.0,9.0,90.0,0.6,0.36,0.35,0.4,0.1399999999999999,0.35,9.9961672381982,2.159835002951208,0.78163944801236,6.1,7.451564828614009,0.35,6.267985100144817,13.402087780712826,GM009,1.5092676129104985,0.6625730198182562,0.05,33.079685864950314,0.0011122317549949,0.1112231754994958,3.0,3.703518808659004,True,1342,569,9.122173309326172,5.0
S029,12,3.5,42.0,2,2,5.0,4.5,10.0,9.0,90.0,0.6,0.36,0.35,0.4,0.1399999999999999,0.35,9.117930487349971,4.839859343819583,1.524764882114188,7.81,6.44361833952912,0.35,6.556380630993073,16.124252698347956,GM010,1.5092676129104985,0.6625730198182562,0.05,4.525709757415909,0.0003806532675503,0.0380653267550377,3.0,4.30846444636456,True,1614,570,10.633976936340332,5.29
S029,12,3.5,42.0,2,2,5.0,4.5,10.0,9.0,90.0,0.6,0.36,0.35,0.4,0.1399999999999999,0.5,103.78646459524916,102.46376148457,10.301907051473773,24.64,0.7695423248278656,0.5,0.8249428817678108,49.3671464622098,GM011,1.5092676129104985,0.6625730198182562,0.05,1117.4401075085898,0.0374788643848668,3.747886438486684,4.0,24.471143206734336,True,4938,571,30.87597703933716,7.17
S029,12,3.5,42.0,2,2,5.0,4.5,10.0,9.0,90.0,0.6,0.36,0.35,0.4,0.1399999999999999,0.5,43.81133529558346,12.508231190577826,6.522782124023682,15.68,2.1181384248210025,0.5,1.7530074828421631,33.50141695516064,GM012,1.5092676129104985,0.6625730198182562,0.05,95.62531489943498,0.0052779749962141,0.5277974996214128,9.0,11.853408297509477,True,3352,572,21.21742844581604,6.36
S029,12,3.5,42.0,2,2,5.0,4.5,10.0,9.0,90.0,0.6,0.36,0.35,0.4,0.1399999999999999,0.5,34.03908206278366,3.1295061607583845,2.746068006539613,10.64,2.182347235693501,0.5,2.9160861723349143,20.60583722265584,GM013,1.5092676129104985,0.6625730198182562,0.05,62.111788777977125,0.0040635194900444,0.4063519490044438,9.0,9.055701292239592,True,2062,573,13.519227743148804,5.86
S029,12,3.5,42.0,2,2,5.0,4.5,10.0,9.0,90.0,0.6,0.36,0.35,0.4,0.1399999999999999,0.5,18.45533882580252,14.80201624834675,4.384404010019975,13.99,4.732510288065844,0.5,4.923044536737827,29.145557494343898,GM014,1.5092676129104985,0.6625730198182562,0.05,68.89580703321116,0.002648202223296,0.2648202223296048,3.0,6.183810900840662,True,2916,574,18.988056659698486,5.95
S029,12,3.5,42.0,2,2,5.0,4.5,10.0,9.0,90.0,0.6,0.36,0.35,0.4,0.1399999999999999,0.5,19.24086715150233,12.420394041706963,2.841465779297746,12.25,9.361702127659576,0.5,7.245419023545791,23.4819579140368,GM015,1.5092676129104985,0.6625730198182562,0.05,94.58903489117162,0.0032689370607975,0.3268937060797536,4.0,5.242804458226058,True,2350,575,15.2542245388031,5.81
S029,12,3.5,42.0,2,2,5.0,4.5,10.0,9.0,90.0,0.6,0.36,0.35,0.4,0.1399999999999999,0.7,123.7595083309582,112.69968149869808,17.509930352017964,22.65,1.0585918266863614,0.7,1.0754391522554805,40.60105369611207,GM016,1.5092676129104985,0.6625730198182562,0.05,411.22681925817153,0.0135026490681774,1.3502649068177472,5.0,16.381725289571484,True,4062,576,25.7086660861969,7.46
S029,12,3.5,42.0,2,2,5.0,4.5,10.0,9.0,90.0,0.6,0.36,0.35,0.4,0.1399999999999999,0.7,64.59644568791263,16.74792888475344,16.036406651915282,11.260000000000002,2.025630425795783,0.7,2.1262265800410804,24.174389942525263,GM017,1.5092676129104985,0.6625730198182562,0.05,126.4945196757682,0.0071991178660119,0.7199117866011931,9.0,16.742355921602783,True,2419,577,15.908621788024902,6.67
S029,12,3.5,42.0,2,2,5.0,4.5,10.0,9.0,90.0,0.6,0.36,0.35,0.4,0.1399999999999999,0.7,30.67798559089125,26.045018761285505,14.611557120426408,16.19,3.604923798358734,0.7,3.247999378380634,34.10290486983198,GM018,1.5092676129104985,0.6625730198182562,0.05,15.71749284368798,0.0018983938231431,0.1898393823143127,5.0,4.803402579937439,True,3412,578,21.41768765449524,6.79
S029,12,3.5,42.0,2,2,5.0,4.5,10.0,9.0,90.0,0.6,0.36,0.35,0.4,0.1399999999999999,0.7,17.921335956137025,5.130317972579734,6.759252886649012,13.25,6.394664574342879,0.7,6.485260383358972,25.47662859177758,GM019,1.5092676129104985,0.6625730198182562,0.05,9.030443120154752,0.0006377702531112,0.0637770253111206,2.0,6.546703666178998,True,2549,579,16.69320511817932,6.09
S029,12,3.5,42.0,2,2,5.0,4.5,10.0,9.0,90.0,0.6,0.36,0.35,0.4,0.1399999999999999,0.7,14.51176429983206,6.940468227237262,4.130353652872347,6.4,6.382978723404255,0.7,8.493225110568062,13.613849257253516,GM020,1.5092676129104985,0.6625730198182562,0.05,16.570624229393342,0.0005678622920911,0.0567862292091184,4.0,7.450650567921589,True,1363,580,9.368885278701782,5.67
S030,10,3.5,35.0,3,4,6.0,4.0,18.0,16.0,288.0,0.55,0.3025,0.3,0.5,0.15,0.2,33.724749953208224,18.949065402570785,1.346504539859263,25.38,0.7790077900779008,0.2,1.0621780831931538,48.76785766024791,GM001,1.4804273749533694,0.6754806192580018,0.05,371.600544711484,0.0153160607231133,1.5316060723113376,3.0,11.07634643815518,True,4878,581,100.55639696121216,6.08
S030,10,3.5,35.0,3,4,6.0,4.0,18.0,16.0,288.0,0.55,0.3025,0.3,0.5,0.15,0.2,13.524132183148598,14.789498876160662,0.9208366620409144,21.98,2.8521391043282462,0.2,2.5142460490278933,39.95245644502771,GM002,1.4804273749533694,0.6754806192580018,0.05,32.69222398959204,0.0014448601585967,0.144486015859672,7.0,2.9611622026412667,True,3997,582,86.90038871765137,5.68
S030,10,3.5,35.0,3,4,6.0,4.0,18.0,16.0,288.0,0.55,0.3025,0.3,0.5,0.15,0.2,11.513141680876746,7.560542073809191,0.7826640027451861,11.06,3.1932093775262733,0.2,3.0757117330933914,24.728847742837488,GM003,1.4804273749533694,0.6754806192580018,0.05,11.491601251976654,0.0012211377871121,0.1221137787112192,8.0,2.6057444634796485,True,2474,583,56.16726064682007,5.32
S030,10,3.5,35.0,3,4,6.0,4.0,18.0,16.0,288.0,0.55,0.3025,0.3,0.5,0.15,0.2,6.672365414950108,6.719688458974504,0.8438217290766784,13.55,5.817068503635668,0.2,5.755012308403533,26.119346099127668,GM004,1.4804273749533694,0.6754806192580018,0.05,5.789613806905684,0.0003571345805379,0.035713458053794,2.0,2.751215756523724,True,2613,584,58.455626010894775,5.34
S030,10,3.5,35.0,3,4,6.0,4.0,18.0,16.0,288.0,0.55,0.3025,0.3,0.5,0.15,0.2,5.664267143843513,12.625830739792717,0.7212259538622585,13.420000000000002,7.066557107641742,0.2,6.636696742896389,24.32647834248529,GM005,1.4804273749533694,0.6754806192580018,0.05,4.808685193517383,0.0002355316435868,0.0235531643586893,2.0,2.59574559391761,True,2434,585,54.40974545478821,5.24
S030,10,3.5,35.0,3,4,6.0,4.0,18.0,16.0,288.0,0.55,0.3025,0.3,0.5,0.15,0.35,63.06773902376135,69.78490758023827,4.969633631354305,26.190000000000005,0.6795716639209225,0.35,0.8427860127280369,48.54687625368132,GM006,1.4804273749533694,0.6754806192580018,0.05,518.0282333839691,0.0216804389646472,2.168043896464722,3.0,12.583644628354016,True,4856,586,104.0752809047699,6.75
S030,10,3.5,35.0,3,4,6.0,4.0,18.0,16.0,288.0,0.55,0.3025,0.3,0.5,0.15,0.35,31.18213548288276,13.423292753085295,3.5964036829916104,17.450000000000003,2.1102362204724407,0.35,1.8966419472757068,31.732860248912687,GM007,1.4804273749533694,0.6754806192580018,0.05,69.36348896765207,0.0030416125965203,0.304161259652033,6.0,7.55838808598669,True,3175,587,68.69779658317566,6.25
S030,10,3.5,35.0,3,4,6.0,4.0,18.0,16.0,288.0,0.55,0.3025,0.3,0.5,0.15,0.35,17.29928709321277,17.06516915375435,2.620342091896445,14.86,3.43839541547278,0.35,3.0275840474916667,31.39477081852495,GM008,1.4804273749533694,0.6754806192580018,0.05,19.13879469332073,0.0014527552744681,0.1452755274468174,8.0,3.5609512955115887,True,3141,588,67.90927982330322,5.97
S030,10,3.5,35.0,3,4,6.0,4.0,18.0,16.0,288.0,0.55,0.3025,0.3,0.5,0.15,0.35,9.9961672381982,2.159835002951208,0.78163944801236,6.1,7.451564828614009,0.35,6.267985100144817,13.402087780712826,GM009,1.4804273749533694,0.6754806192580018,0.05,25.4165903274329,0.0012198120303656,0.1219812030365653,3.0,3.2762879691081808,True,1342,589,34.86865758895874,5.0
S030,10,3.5,35.0,3,4,6.0,4.0,18.0,16.0,288.0,0.55,0.3025,0.3,0.5,0.15,0.35,9.117930487349971,4.839859343819583,1.524764882114188,7.81,6.44361833952912,0.35,6.556380630993073,16.124252698347956,GM010,1.4804273749533694,0.6754806192580018,0.05,6.569126110826469,0.0005146748811745,0.0514674881174526,2.0,4.424092044261391,True,1614,590,39.32849860191345,5.29
S030,10,3.5,35.0,3,4,6.0,4.0,18.0,16.0,288.0,0.55,0.3025,0.3,0.5,0.15,0.5,103.78646459524916,102.46376148457,10.301907051473773,24.64,0.7695423248278656,0.5,0.8249428817678108,49.3671464622098,GM011,1.4804273749533694,0.6754806192580018,0.05,670.8308912666912,0.0280330120766883,2.803301207668837,3.0,16.579952744489397,True,4938,591,102.9295666217804,7.17
S030,10,3.5,35.0,3,4,6.0,4.0,18.0,16.0,288.0,0.55,0.3025,0.3,0.5,0.15,0.5,43.81133529558346,12.508231190577826,6.522782124023682,15.68,2.1181384248210025,0.5,1.7530074828421631,33.50141695516064,GM012,1.4804273749533694,0.6754806192580018,0.05,77.67099792542365,0.0037495860856592,0.3749586085659276,7.0,9.98170676442908,True,3352,592,73.06507062911987,6.36
S030,10,3.5,35.0,3,4,6.0,4.0,18.0,16.0,288.0,0.55,0.3025,0.3,0.5,0.15,0.5,34.03908206278366,3.1295061607583845,2.746068006539613,10.64,2.182347235693501,0.5,2.9160861723349143,20.60583722265584,GM013,1.4804273749533694,0.6754806192580018,0.05,59.81632430654778,0.0034455786985682,0.3445578698568281,7.0,9.43177241965247,True,2062,593,48.41808462142944,5.86
S030,10,3.5,35.0,3,4,6.0,4.0,18.0,16.0,288.0,0.55,0.3025,0.3,0.5,0.15,0.5,18.45533882580252,14.80201624834675,4.384404010019975,13.99,4.732510288065844,0.5,4.923044536737827,29.145557494343898,GM014,1.4804273749533694,0.6754806192580018,0.05,34.86974753215177,0.002188012807708,0.2188012807708064,3.0,5.164461012807757,True,2916,594,64.78898525238037,5.95
S030,10,3.5,35.0,3,4,6.0,4.0,18.0,16.0,288.0,0.55,0.3025,0.3,0.5,0.15,0.5,19.24086715150233,12.420394041706963,2.841465779297746,12.25,9.361702127659576,0.5,7.245419023545791,23.4819579140368,GM015,1.4804273749533694,0.6754806192580018,0.05,35.96776702935051,0.0017208174253112,0.1720817425311294,3.0,5.229453625355646,True,2350,595,54.14215683937073,5.81
S030,10,3.5,35.0,3,4,6.0,4.0,18.0,16.0,288.0,0.55,0.3025,0.3,0.5,0.15,0.7,123.7595083309582,112.69968149869808,17.509930352017964,22.65,1.0585918266863614,0.7,1.0754391522554805,40.60105369611207,GM016,1.4804273749533694,0.6754806192580018,0.05,683.3141802424534,0.027394711837539,2.7394711837539014,4.0,27.85790393082259,True,4062,596,88.03839755058289,7.46
S030,10,3.5,35.0,3,4,6.0,4.0,18.0,16.0,288.0,0.55,0.3025,0.3,0.5,0.15,0.7,64.59644568791263,16.74792888475344,16.036406651915282,11.260000000000002,2.025630425795783,0.7,2.1262265800410804,24.174389942525263,GM017,1.4804273749533694,0.6754806192580018,0.05,118.93097475050736,0.0069382324842692,0.6938232484269204,7.0,16.397406288075697,True,2419,597,54.67406821250916,6.67
S030,10,3.5,35.0,3,4,6.0,4.0,18.0,16.0,288.0,0.55,0.3025,0.3,0.5,0.15,0.7,30.67798559089125,26.045018761285505,14.611557120426408,16.19,3.604923798358734,0.7,3.247999378380634,34.10290486983198,GM018,1.4804273749533694,0.6754806192580018,0.05,15.659922283472616,0.0022481834486537,0.224818344865376,8.0,4.4222342430015775,True,3412,598,73.58596706390381,6.79
S030,10,3.5,35.0,3,4,6.0,4.0,18.0,16.0,288.0,0.55,0.3025,0.3,0.5,0.15,0.7,17.921335956137025,5.130317972579734,6.759252886649012,13.25,6.394664574342879,0.7,6.485260383358972,25.47662859177758,GM019,1.4804273749533694,0.6754806192580018,0.05,8.980889450920218,0.0006702920502357,0.0670292050235774,3.0,6.579719351458566,True,2549,599,56.68841171264648,6.09
S030,10,3.5,35.0,3,4,6.0,4.0,18.0,16.0,288.0,0.55,0.3025,0.3,0.5,0.15,0.7,14.51176429983206,6.940468227237262,4.130353652872347,6.4,6.382978723404255,0.7,8.493225110568062,13.613849257253516,GM020,1.4804273749533694,0.6754806192580018,0.05,9.363323595066682,0.0006217726715269,0.0621772671526959,2.0,7.968726567859213,True,1363,600,34.57687735557556,5.67
S031,5,3.2,16.0,3,3,4.0,5.0,12.0,15.0,180.0,0.6,0.36,0.35,0.4,0.1399999999999999,0.2,33.724749953208224,18.949065402570785,1.346504539859263,25.38,0.7790077900779008,0.2,1.0621780831931538,48.76785766024791,GM001,0.6535476492230341,1.5301103158872096,0.05,30.402134168587096,0.0025220141829233,0.2522014182923399,2.0,1.8986193436663563,True,4878,601,33.032304525375366,6.08
S031,5,3.2,16.0,3,3,4.0,5.0,12.0,15.0,180.0,0.6,0.36,0.35,0.4,0.1399999999999999,0.2,13.524132183148598,14.789498876160662,0.9208366620409144,21.98,2.8521391043282462,0.2,2.5142460490278933,39.95245644502771,GM002,0.6535476492230341,1.5301103158872096,0.05,44.471027556770025,0.0035989466577864,0.3598946657786475,3.0,7.312742144237861,True,3997,602,27.293774127960205,5.68
S031,5,3.2,16.0,3,3,4.0,5.0,12.0,15.0,180.0,0.6,0.36,0.35,0.4,0.1399999999999999,0.2,11.513141680876746,7.560542073809191,0.7826640027451861,11.06,3.1932093775262733,0.2,3.0757117330933914,24.728847742837488,GM003,0.6535476492230341,1.5301103158872096,0.05,17.902194556141463,0.0014718550992798,0.1471855099279882,3.0,4.91752536089631,True,2474,603,17.32462978363037,5.32
S031,5,3.2,16.0,3,3,4.0,5.0,12.0,15.0,180.0,0.6,0.36,0.35,0.4,0.1399999999999999,0.2,6.672365414950108,6.719688458974504,0.8438217290766784,13.55,5.817068503635668,0.2,5.755012308403533,26.119346099127668,GM004,0.6535476492230341,1.5301103158872096,0.05,4.397280638867287,0.0007192428189944,0.0719242818994427,5.0,4.857472339523885,True,2613,604,17.922117710113525,5.34
S031,5,3.2,16.0,3,3,4.0,5.0,12.0,15.0,180.0,0.6,0.36,0.35,0.4,0.1399999999999999,0.2,5.664267143843513,12.625830739792717,0.7212259538622585,13.420000000000002,7.066557107641742,0.2,6.636696742896389,24.32647834248529,GM005,0.6535476492230341,1.5301103158872096,0.05,3.562439455795345,0.0005923469455979,0.0592346945597922,5.0,3.6154838235396536,True,2434,605,16.880464792251587,5.24
S031,5,3.2,16.0,3,3,4.0,5.0,12.0,15.0,180.0,0.6,0.36,0.35,0.4,0.1399999999999999,0.35,63.06773902376135,69.78490758023827,4.969633631354305,26.190000000000005,0.6795716639209225,0.35,0.8427860127280369,48.54687625368132,GM006,0.6535476492230341,1.5301103158872096,0.05,37.55370533047524,0.0031656025942364,0.3165602594236441,2.0,1.6230690029625228,True,4856,606,32.956520795822144,6.75
S031,5,3.2,16.0,3,3,4.0,5.0,12.0,15.0,180.0,0.6,0.36,0.35,0.4,0.1399999999999999,0.35,31.18213548288276,13.423292753085295,3.5964036829916104,17.450000000000003,2.1102362204724407,0.35,1.8966419472757068,31.732860248912687,GM007,0.6535476492230341,1.5301103158872096,0.05,118.65138778231504,0.0095848712386166,0.9584871238616688,3.0,16.222778449557513,True,3175,607,21.733112573623657,6.25
S031,5,3.2,16.0,3,3,4.0,5.0,12.0,15.0,180.0,0.6,0.36,0.35,0.4,0.1399999999999999,0.35,17.29928709321277,17.06516915375435,2.620342091896445,14.86,3.43839541547278,0.35,3.0275840474916667,31.39477081852495,GM008,0.6535476492230341,1.5301103158872096,0.05,66.27605569306604,0.0053656256791396,0.5365625679139697,3.0,13.305873315776635,True,3141,608,21.774593591690063,5.97
S031,5,3.2,16.0,3,3,4.0,5.0,12.0,15.0,180.0,0.6,0.36,0.35,0.4,0.1399999999999999,0.35,9.9961672381982,2.159835002951208,0.78163944801236,6.1,7.451564828614009,0.35,6.267985100144817,13.402087780712826,GM009,0.6535476492230341,1.5301103158872096,0.05,7.831373757386767,0.0007705158304256,0.077051583042565,4.0,5.48986010946277,True,1342,609,9.425885677337646,5.0
S031,5,3.2,16.0,3,3,4.0,5.0,12.0,15.0,180.0,0.6,0.36,0.35,0.4,0.1399999999999999,0.35,9.117930487349971,4.839859343819583,1.524764882114188,7.81,6.44361833952912,0.35,6.556380630993073,16.124252698347956,GM010,0.6535476492230341,1.5301103158872096,0.05,5.276031635277324,0.0010431610561165,0.1043161056116547,5.0,6.009399792625015,True,1614,610,11.2622332572937,5.29
S031,5,3.2,16.0,3,3,4.0,5.0,12.0,15.0,180.0,0.6,0.36,0.35,0.4,0.1399999999999999,0.5,103.78646459524916,102.46376148457,10.301907051473773,24.64,0.7695423248278656,0.5,0.8249428817678108,49.3671464622098,GM011,0.6535476492230341,1.5301103158872096,0.05,53.6660976695305,0.0044812365368382,0.448123653683823,2.0,3.4506007036739272,True,4938,611,33.57079792022705,7.17
S031,5,3.2,16.0,3,3,4.0,5.0,12.0,15.0,180.0,0.6,0.36,0.35,0.4,0.1399999999999999,0.5,43.81133529558346,12.508231190577826,6.522782124023682,15.68,2.1181384248210025,0.5,1.7530074828421631,33.50141695516064,GM012,0.6535476492230341,1.5301103158872096,0.05,190.6997373279104,0.0153670633876065,1.536706338760658,3.0,25.28579253014768,True,3352,612,22.66957426071167,6.36
S031,5,3.2,16.0,3,3,4.0,5.0,12.0,15.0,180.0,0.6,0.36,0.35,0.4,0.1399999999999999,0.5,34.03908206278366,3.1295061607583845,2.746068006539613,10.64,2.182347235693501,0.5,2.9160861723349143,20.60583722265584,GM013,0.6535476492230341,1.5301103158872096,0.05,119.82481925391382,0.009715903546856,0.971590354685601,3.0,19.584993748978214,True,2062,613,14.543598651885986,5.86
S031,5,3.2,16.0,3,3,4.0,5.0,12.0,15.0,180.0,0.6,0.36,0.35,0.4,0.1399999999999999,0.5,18.45533882580252,14.80201624834675,4.384404010019975,13.99,4.732510288065844,0.5,4.923044536737827,29.145557494343898,GM014,0.6535476492230341,1.5301103158872096,0.05,14.969151551348489,0.0017316547885372,0.1731654788537205,4.0,10.97083605754324,True,2916,614,20.1284761428833,5.95
S031,5,3.2,16.0,3,3,4.0,5.0,12.0,15.0,180.0,0.6,0.36,0.35,0.4,0.1399999999999999,0.5,19.24086715150233,12.420394041706963,2.841465779297746,12.25,9.361702127659576,0.5,7.245419023545791,23.4819579140368,GM015,0.6535476492230341,1.5301103158872096,0.05,6.042631376772034,0.0006282477732713,0.0628247773271366,5.0,3.8312891082875424,True,2350,615,16.13920307159424,5.81
S031,5,3.2,16.0,3,3,4.0,5.0,12.0,15.0,180.0,0.6,0.36,0.35,0.4,0.1399999999999999,0.7,123.7595083309582,112.69968149869808,17.509930352017964,22.65,1.0585918266863614,0.7,1.0754391522554805,40.60105369611207,GM016,0.6535476492230341,1.5301103158872096,0.05,111.17266040428068,0.0091924176236927,0.9192417623692736,2.0,6.593484395484127,True,4062,616,27.677500009536743,7.46
S031,5,3.2,16.0,3,3,4.0,5.0,12.0,15.0,180.0,0.6,0.36,0.35,0.4,0.1399999999999999,0.7,64.59644568791263,16.74792888475344,16.036406651915282,11.260000000000002,2.025630425795783,0.7,2.1262265800410804,24.174389942525263,GM017,0.6535476492230341,1.5301103158872096,0.05,361.1773687500725,0.0291364342458943,2.913643424589438,3.0,48.8232946528909,True,2419,617,16.82594895362854,6.67
S031,5,3.2,16.0,3,3,4.0,5.0,12.0,15.0,180.0,0.6,0.36,0.35,0.4,0.1399999999999999,0.7,30.67798559089125,26.045018761285505,14.611557120426408,16.19,3.604923798358734,0.7,3.247999378380634,34.10290486983198,GM018,0.6535476492230341,1.5301103158872096,0.05,27.266367607312866,0.0024013956925954,0.2401395692595453,4.0,13.5278877251467,True,3412,618,23.78337335586548,6.79
S031,5,3.2,16.0,3,3,4.0,5.0,12.0,15.0,180.0,0.6,0.36,0.35,0.4,0.1399999999999999,0.7,17.921335956137025,5.130317972579734,6.759252886649012,13.25,6.394664574342879,0.7,6.485260383358972,25.47662859177758,GM019,0.6535476492230341,1.5301103158872096,0.05,6.862269711421872,0.0015126507032249,0.1512650703224932,5.0,8.335914551472582,True,2549,619,17.686354637145996,6.09
S031,5,3.2,16.0,3,3,4.0,5.0,12.0,15.0,180.0,0.6,0.36,0.35,0.4,0.1399999999999999,0.7,14.51176429983206,6.940468227237262,4.130353652872347,6.4,6.382978723404255,0.7,8.493225110568062,13.613849257253516,GM020,0.6535476492230341,1.5301103158872096,0.05,5.925647188215862,0.0017844841847331,0.1784484184733178,5.0,10.005517706929837,True,1363,620,9.48984694480896,5.67
S032,9,3.8,34.2,3,3,5.0,6.0,15.0,18.0,270.0,0.45,0.2025,0.3,0.55,0.165,0.2,33.724749953208224,18.949065402570785,1.346504539859263,25.38,0.7790077900779008,0.2,1.0621780831931538,48.76785766024791,GM001,2.425087925746164,0.4123561827937907,0.05,190.1338118729328,0.0072864667623875,0.728646676238756,4.0,5.6441401104880455,True,4878,621,68.0563952922821,6.08
S032,9,3.8,34.2,3,3,5.0,6.0,15.0,18.0,270.0,0.45,0.2025,0.3,0.55,0.165,0.2,13.524132183148598,14.789498876160662,0.9208366620409144,21.98,2.8521391043282462,0.2,2.5142460490278933,39.95245644502771,GM002,2.425087925746164,0.4123561827937907,0.05,19.026125480344167,0.0015183411597182,0.1518341159718248,7.0,2.11407141191005,True,3997,622,55.64912676811218,5.68
S032,9,3.8,34.2,3,3,5.0,6.0,15.0,18.0,270.0,0.45,0.2025,0.3,0.55,0.165,0.2,11.513141680876746,7.560542073809191,0.7826640027451861,11.06,3.1932093775262733,0.2,3.0757117330933914,24.728847742837488,GM003,2.425087925746164,0.4123561827937907,0.05,6.473345257331489,0.0009946818352336,0.0994681835233681,3.0,1.673853619390372,True,2474,623,35.767926931381226,5.32
S032,9,3.8,34.2,3,3,5.0,6.0,15.0,18.0,270.0,0.45,0.2025,0.3,0.55,0.165,0.2,6.672365414950108,6.719688458974504,0.8438217290766784,13.55,5.817068503635668,0.2,5.755012308403533,26.119346099127668,GM004,2.425087925746164,0.4123561827937907,0.05,6.007823300332714,0.0003363986235502,0.0336398623550255,1.0,1.824487955078336,True,2613,624,37.875422954559326,5.34
S032,9,3.8,34.2,3,3,5.0,6.0,15.0,18.0,270.0,0.45,0.2025,0.3,0.55,0.165,0.2,5.664267143843513,12.625830739792717,0.7212259538622585,13.420000000000002,7.066557107641742,0.2,6.636696742896389,24.32647834248529,GM005,2.425087925746164,0.4123561827937907,0.05,5.883045987238731,0.0003049515107627,0.0304951510762797,1.0,1.8143228472418,True,2434,625,34.99278903007507,5.24
S032,9,3.8,34.2,3,3,5.0,6.0,15.0,18.0,270.0,0.45,0.2025,0.3,0.55,0.165,0.35,63.06773902376135,69.78490758023827,4.969633631354305,26.190000000000005,0.6795716639209225,0.35,0.8427860127280369,48.54687625368132,GM006,2.425087925746164,0.4123561827937907,0.05,1220.2102801576634,0.0493479095099736,4.934790950997367,3.0,21.70379440183068,True,4856,626,67.24689555168152,6.75
S032,9,3.8,34.2,3,3,5.0,6.0,15.0,18.0,270.0,0.45,0.2025,0.3,0.55,0.165,0.35,31.18213548288276,13.423292753085295,3.5964036829916104,17.450000000000003,2.1102362204724407,0.35,1.8966419472757068,31.732860248912687,GM007,2.425087925746164,0.4123561827937907,0.05,48.61191588228101,0.0040917194442685,0.4091719444268554,7.0,5.039352855002095,True,3175,627,45.28145718574524,6.25
S032,9,3.8,34.2,3,3,5.0,6.0,15.0,18.0,270.0,0.45,0.2025,0.3,0.55,0.165,0.35,17.29928709321277,17.06516915375435,2.620342091896445,14.86,3.43839541547278,0.35,3.0275840474916667,31.39477081852495,GM008,2.425087925746164,0.4123561827937907,0.05,19.683013651263035,0.0024336645953006,0.2433664595300646,2.0,4.885671738946766,True,3141,628,44.71765351295471,5.97
S032,9,3.8,34.2,3,3,5.0,6.0,15.0,18.0,270.0,0.45,0.2025,0.3,0.55,0.165,0.35,9.9961672381982,2.159835002951208,0.78163944801236,6.1,7.451564828614009,0.35,6.267985100144817,13.402087780712826,GM009,2.425087925746164,0.4123561827937907,0.05,29.11620522830828,0.0013749383452336,0.137493834523369,2.0,3.61564105724445,True,1342,629,20.45944046974182,5.0
S032,9,3.8,34.2,3,3,5.0,6.0,15.0,18.0,270.0,0.45,0.2025,0.3,0.55,0.165,0.35,9.117930487349971,4.839859343819583,1.524764882114188,7.81,6.44361833952912,0.35,6.556380630993073,16.124252698347956,GM010,2.425087925746164,0.4123561827937907,0.05,6.21879584957699,0.0005268969406511,0.0526896940651184,2.0,3.2741269120780414,True,1614,630,24.5581169128418,5.29
S032,9,3.8,34.2,3,3,5.0,6.0,15.0,18.0,270.0,0.45,0.2025,0.3,0.55,0.165,0.5,103.78646459524916,102.46376148457,10.301907051473773,24.64,0.7695423248278656,0.5,0.8249428817678108,49.3671464622098,GM011,2.425087925746164,0.4123561827937907,0.05,814.2848546970748,0.0327979798145551,3.2797979814555123,3.0,15.333394974995995,True,4938,631,68.5943193435669,7.17
S032,9,3.8,34.2,3,3,5.0,6.0,15.0,18.0,270.0,0.45,0.2025,0.3,0.55,0.165,0.5,43.81133529558346,12.508231190577826,6.522782124023682,15.68,2.1181384248210025,0.5,1.7530074828421631,33.50141695516064,GM012,2.425087925746164,0.4123561827937907,0.05,93.12828269762775,0.0063631057658661,0.6363105765866193,7.0,7.840826165763167,True,3352,632,47.38470792770386,6.36
S032,9,3.8,34.2,3,3,5.0,6.0,15.0,18.0,270.0,0.45,0.2025,0.3,0.55,0.165,0.5,34.03908206278366,3.1295061607583845,2.746068006539613,10.64,2.182347235693501,0.5,2.9160861723349143,20.60583722265584,GM013,2.425087925746164,0.4123561827937907,0.05,42.76808673903619,0.0048309030262174,0.4830903026217444,7.0,5.304800236711364,True,2062,633,30.441203594207764,5.86
S032,9,3.8,34.2,3,3,5.0,6.0,15.0,18.0,270.0,0.45,0.2025,0.3,0.55,0.165,0.5,18.45533882580252,14.80201624834675,4.384404010019975,13.99,4.732510288065844,0.5,4.923044536737827,29.145557494343898,GM014,2.425087925746164,0.4123561827937907,0.05,50.48026198696208,0.0027575257577861,0.2757525757786107,2.0,5.317531786280087,True,2916,634,41.61431765556336,5.95
S032,9,3.8,34.2,3,3,5.0,6.0,15.0,18.0,270.0,0.45,0.2025,0.3,0.55,0.165,0.5,19.24086715150233,12.420394041706963,2.841465779297746,12.25,9.361702127659576,0.5,7.245419023545791,23.4819579140368,GM015,2.425087925746164,0.4123561827937907,0.05,141.701541396983,0.005894353951937,0.5894353951937094,2.0,5.64993879804365,True,2350,635,34.55686616897583,5.81
S032,9,3.8,34.2,3,3,5.0,6.0,15.0,18.0,270.0,0.45,0.2025,0.3,0.55,0.165,0.7,123.7595083309582,112.69968149869808,17.509930352017964,22.65,1.0585918266863614,0.7,1.0754391522554805,40.60105369611207,GM016,2.425087925746164,0.4123561827937907,0.05,392.3999376569941,0.0151990270098606,1.5199027009860666,4.0,14.78658258797111,True,4062,636,57.230318546295166,7.46
S032,9,3.8,34.2,3,3,5.0,6.0,15.0,18.0,270.0,0.45,0.2025,0.3,0.55,0.165,0.7,64.59644568791263,16.74792888475344,16.036406651915282,11.260000000000002,2.025630425795783,0.7,2.1262265800410804,24.174389942525263,GM017,2.425087925746164,0.4123561827937907,0.05,133.8417496774915,0.0099250784238715,0.9925078423871564,7.0,15.137449551306831,True,2419,637,34.986366748809814,6.67
S032,9,3.8,34.2,3,3,5.0,6.0,15.0,18.0,270.0,0.45,0.2025,0.3,0.55,0.165,0.7,30.67798559089125,26.045018761285505,14.611557120426408,16.19,3.604923798358734,0.7,3.247999378380634,34.10290486983198,GM018,2.425087925746164,0.4123561827937907,0.05,22.98581817979285,0.0024711218397409,0.2471121839740951,2.0,7.7672081439102145,True,3412,638,48.76761078834534,6.79
S032,9,3.8,34.2,3,3,5.0,6.0,15.0,18.0,270.0,0.45,0.2025,0.3,0.55,0.165,0.7,17.921335956137025,5.130317972579734,6.759252886649012,13.25,6.394664574342879,0.7,6.485260383358972,25.47662859177758,GM019,2.425087925746164,0.4123561827937907,0.05,14.946308037306885,0.0009023414031815,0.0902341403181548,1.0,6.835193376953533,True,2549,639,37.540955781936646,6.09
S032,9,3.8,34.2,3,3,5.0,6.0,15.0,18.0,270.0,0.45,0.2025,0.3,0.55,0.165,0.7,14.51176429983206,6.940468227237262,4.130353652872347,6.4,6.382978723404255,0.7,8.493225110568062,13.613849257253516,GM020,2.425087925746164,0.4123561827937907,0.05,14.254131298371986,0.0007279534037979,0.0727953403797914,1.0,6.628343552719432,True,1363,640,21.131711721420288,5.67
S033,15,3.8,57.0,3,4,4.5,6.0,13.5,24.0,324.0,0.55,0.3025,0.3,0.4,0.12,0.2,33.724749953208224,18.949065402570785,1.346504539859263,25.38,0.7790077900779008,0.2,1.0621780831931538,48.76785766024791,GM001,3.723484474806341,0.2685656424153642,0.05,221.0910071641053,0.005996058343848,0.5996058343848092,10.0,3.96452686123663,True,4878,641,165.2046139240265,6.08
S033,15,3.8,57.0,3,4,4.5,6.0,13.5,24.0,324.0,0.55,0.3025,0.3,0.4,0.12,0.2,13.524132183148598,14.789498876160662,0.9208366620409144,21.98,2.8521391043282462,0.2,2.5142460490278933,39.95245644502771,GM002,3.723484474806341,0.2685656424153642,0.05,16.312148055498714,0.0010650464414485,0.106504644144855,2.0,2.0951324678136336,True,3997,642,142.327166557312,5.68
S033,15,3.8,57.0,3,4,4.5,6.0,13.5,24.0,324.0,0.55,0.3025,0.3,0.4,0.12,0.2,11.513141680876746,7.560542073809191,0.7826640027451861,11.06,3.1932093775262733,0.2,3.0757117330933914,24.728847742837488,GM003,3.723484474806341,0.2685656424153642,0.05,8.380113544737954,0.0007892434550917,0.0789243455091789,2.0,2.320294563384867,True,2474,643,101.19393682479858,5.32
S033,15,3.8,57.0,3,4,4.5,6.0,13.5,24.0,324.0,0.55,0.3025,0.3,0.4,0.12,0.2,6.672365414950108,6.719688458974504,0.8438217290766784,13.55,5.817068503635668,0.2,5.755012308403533,26.119346099127668,GM004,3.723484474806341,0.2685656424153642,0.05,21.99629647320035,0.0005504942635494,0.0550494263549495,4.0,2.025266199386225,True,2613,644,104.6258773803711,5.34
S033,15,3.8,57.0,3,4,4.5,6.0,13.5,24.0,324.0,0.55,0.3025,0.3,0.4,0.12,0.2,5.664267143843513,12.625830739792717,0.7212259538622585,13.420000000000002,7.066557107641742,0.2,6.636696742896389,24.32647834248529,GM005,3.723484474806341,0.2685656424153642,0.05,24.277446701738103,0.0006155607787148,0.0615560778714871,3.0,2.006931022102504,True,2434,645,99.87925028800964,5.24
S033,15,3.8,57.0,3,4,4.5,6.0,13.5,24.0,324.0,0.55,0.3025,0.3,0.4,0.12,0.35,63.06773902376135,69.78490758023827,4.969633631354305,26.190000000000005,0.6795716639209225,0.35,0.8427860127280369,48.54687625368132,GM006,3.723484474806341,0.2685656424153642,0.05,305.5252450581315,0.0092121801258819,0.9212180125881952,10.0,7.440544065190199,True,4856,646,164.85791277885437,6.75
S033,15,3.8,57.0,3,4,4.5,6.0,13.5,24.0,324.0,0.55,0.3025,0.3,0.4,0.12,0.35,31.18213548288276,13.423292753085295,3.5964036829916104,17.450000000000003,2.1102362204724407,0.35,1.8966419472757068,31.732860248912687,GM007,3.723484474806341,0.2685656424153642,0.05,34.62075681326013,0.0037120013865919,0.3712001386591946,3.0,3.610056319174338,True,3175,647,120.0357255935669,6.25
S033,15,3.8,57.0,3,4,4.5,6.0,13.5,24.0,324.0,0.55,0.3025,0.3,0.4,0.12,0.35,17.29928709321277,17.06516915375435,2.620342091896445,14.86,3.43839541547278,0.35,3.0275840474916667,31.39477081852495,GM008,3.723484474806341,0.2685656424153642,0.05,23.028244994274026,0.0014082393238908,0.1408239323890859,2.0,3.849570558551042,True,3141,648,118.93976855278017,5.97
S033,15,3.8,57.0,3,4,4.5,6.0,13.5,24.0,324.0,0.55,0.3025,0.3,0.4,0.12,0.35,9.9961672381982,2.159835002951208,0.78163944801236,6.1,7.451564828614009,0.35,6.267985100144817,13.402087780712826,GM009,3.723484474806341,0.2685656424153642,0.05,13.46368032689982,0.0005060480085856,0.0506048008585606,2.0,3.255402179611285,True,1342,649,70.53205704689026,5.0
S033,15,3.8,57.0,3,4,4.5,6.0,13.5,24.0,324.0,0.55,0.3025,0.3,0.4,0.12,0.35,9.117930487349971,4.839859343819583,1.524764882114188,7.81,6.44361833952912,0.35,6.556380630993073,16.124252698347956,GM010,3.723484474806341,0.2685656424153642,0.05,16.718491836341606,0.0004295728118309,0.0429572811830907,2.0,3.503084334777614,True,1614,650,79.47469425201416,5.29
S033,15,3.8,57.0,3,4,4.5,6.0,13.5,24.0,324.0,0.55,0.3025,0.3,0.4,0.12,0.5,103.78646459524916,102.46376148457,10.301907051473773,24.64,0.7695423248278656,0.5,0.8249428817678108,49.3671464622098,GM011,3.723484474806341,0.2685656424153642,0.05,569.1167635504119,0.0147033203850522,1.4703320385052236,9.0,10.3807718929556,True,4938,651,169.25663447380066,7.17
S033,15,3.8,57.0,3,4,4.5,6.0,13.5,24.0,324.0,0.55,0.3025,0.3,0.4,0.12,0.5,43.81133529558346,12.508231190577826,6.522782124023682,15.68,2.1181384248210025,0.5,1.7530074828421631,33.50141695516064,GM012,3.723484474806341,0.2685656424153642,0.05,86.10092832382568,0.0044271991868829,0.4427199186882935,3.0,4.474644564405636,True,3352,652,124.0416305065155,6.36
S033,15,3.8,57.0,3,4,4.5,6.0,13.5,24.0,324.0,0.55,0.3025,0.3,0.4,0.12,0.5,34.03908206278366,3.1295061607583845,2.746068006539613,10.64,2.182347235693501,0.5,2.9160861723349143,20.60583722265584,GM013,3.723484474806341,0.2685656424153642,0.05,29.153778815960152,0.0031967791407156,0.3196779140715641,2.0,4.938635703489316,True,2062,653,93.69477796554564,5.86
S033,15,3.8,57.0,3,4,4.5,6.0,13.5,24.0,324.0,0.55,0.3025,0.3,0.4,0.12,0.5,18.45533882580252,14.80201624834675,4.384404010019975,13.99,4.732510288065844,0.5,4.923044536737827,29.145557494343898,GM014,3.723484474806341,0.2685656424153642,0.05,22.13164588245474,0.0009680411473274,0.0968041147327422,2.0,4.88785556817295,True,2916,654,115.02209210395812,5.95
S033,15,3.8,57.0,3,4,4.5,6.0,13.5,24.0,324.0,0.55,0.3025,0.3,0.4,0.12,0.5,19.24086715150233,12.420394041706963,2.841465779297746,12.25,9.361702127659576,0.5,7.245419023545791,23.4819579140368,GM015,3.723484474806341,0.2685656424153642,0.05,44.35292958288472,0.0011345654952673,0.1134565495267387,7.0,4.838607662876156,True,2350,655,96.95784044265748,5.81
S033,15,3.8,57.0,3,4,4.5,6.0,13.5,24.0,324.0,0.55,0.3025,0.3,0.4,0.12,0.7,123.7595083309582,112.69968149869808,17.509930352017964,22.65,1.0585918266863614,0.7,1.0754391522554805,40.60105369611207,GM016,3.723484474806341,0.2685656424153642,0.05,655.1315608038615,0.0206879887146499,2.068798871464992,11.0,15.297593543469633,True,4062,656,145.46004462242126,7.46
S033,15,3.8,57.0,3,4,4.5,6.0,13.5,24.0,324.0,0.55,0.3025,0.3,0.4,0.12,0.7,64.59644568791263,16.74792888475344,16.036406651915282,11.260000000000002,2.025630425795783,0.7,2.1262265800410804,24.174389942525263,GM017,3.723484474806341,0.2685656424153642,0.05,55.41022253212936,0.0054982800225162,0.549828002251623,3.0,9.17265368177385,True,2419,657,99.45660257339478,6.67
S033,15,3.8,57.0,3,4,4.5,6.0,13.5,24.0,324.0,0.55,0.3025,0.3,0.4,0.12,0.7,30.67798559089125,26.045018761285505,14.611557120426408,16.19,3.604923798358734,0.7,3.247999378380634,34.10290486983198,GM018,3.723484474806341,0.2685656424153642,0.05,37.4431102875332,0.0019757390401247,0.1975739040124715,2.0,6.352836364433662,True,3412,658,126.22047066688538,6.79
S033,15,3.8,57.0,3,4,4.5,6.0,13.5,24.0,324.0,0.55,0.3025,0.3,0.4,0.12,0.7,17.921335956137025,5.130317972579734,6.759252886649012,13.25,6.394664574342879,0.7,6.485260383358972,25.47662859177758,GM019,3.723484474806341,0.2685656424153642,0.05,30.078674357945044,0.0007926999576449,0.0792699957644933,4.0,6.786854815030787,True,2549,659,102.83064603805542,6.09
S033,15,3.8,57.0,3,4,4.5,6.0,13.5,24.0,324.0,0.55,0.3025,0.3,0.4,0.12,0.7,14.51176429983206,6.940468227237262,4.130353652872347,6.4,6.382978723404255,0.7,8.493225110568062,13.613849257253516,GM020,3.723484474806341,0.2685656424153642,0.05,13.558379700371386,0.0005348927282735,0.0534892728273559,2.0,6.8980829449122485,True,1363,660,70.38489770889282,5.67
S034,6,3.2,19.200000000000003,4,3,4.5,4.5,18.0,13.5,243.0,0.45,0.2025,0.25,0.4,0.1,0.2,33.724749953208224,18.949065402570785,1.346504539859263,25.38,0.7790077900779008,0.2,1.0621780831931538,48.76785766024791,GM001,1.1637287103194662,0.85930680504177,0.05,138.11493639493074,0.010006184647666,1.000618464766602,2.0,8.043130619470508,True,4878,661,55.40524387359619,6.08
S034,6,3.2,19.200000000000003,4,3,4.5,4.5,18.0,13.5,243.0,0.45,0.2025,0.25,0.4,0.1,0.2,13.524132183148598,14.789498876160662,0.9208366620409144,21.98,2.8521391043282462,0.2,2.5142460490278933,39.95245644502771,GM002,1.1637287103194662,0.85930680504177,0.05,20.201820612668588,0.0014082324943441,0.1408232494344177,4.0,4.026094182995422,True,3997,662,45.95246696472168,5.68
S034,6,3.2,19.200000000000003,4,3,4.5,4.5,18.0,13.5,243.0,0.45,0.2025,0.25,0.4,0.1,0.2,11.513141680876746,7.560542073809191,0.7826640027451861,11.06,3.1932093775262733,0.2,3.0757117330933914,24.728847742837488,GM003,1.1637287103194662,0.85930680504177,0.05,21.790144492719243,0.001718453518148,0.1718453518148083,4.0,4.886877609876283,True,2474,663,28.575517654418945,5.32
S034,6,3.2,19.200000000000003,4,3,4.5,4.5,18.0,13.5,243.0,0.45,0.2025,0.25,0.4,0.1,0.2,6.672365414950108,6.719688458974504,0.8438217290766784,13.55,5.817068503635668,0.2,5.755012308403533,26.119346099127668,GM004,1.1637287103194662,0.85930680504177,0.05,3.23361944494505,0.0003792620469513,0.037926204695136,6.0,1.116003382180607,True,2613,664,30.598098039627075,5.34
S034,6,3.2,19.200000000000003,4,3,4.5,4.5,18.0,13.5,243.0,0.45,0.2025,0.25,0.4,0.1,0.2,5.664267143843513,12.625830739792717,0.7212259538622585,13.420000000000002,7.066557107641742,0.2,6.636696742896389,24.32647834248529,GM005,1.1637287103194662,0.85930680504177,0.05,2.4853353835294025,0.0003329716020138,0.0332971602013803,3.0,1.5246501311458858,True,2434,665,28.3301260471344,5.24
S034,6,3.2,19.200000000000003,4,3,4.5,4.5,18.0,13.5,243.0,0.45,0.2025,0.25,0.4,0.1,0.35,63.06773902376135,69.78490758023827,4.969633631354305,26.190000000000005,0.6795716639209225,0.35,0.8427860127280369,48.54687625368132,GM006,1.1637287103194662,0.85930680504177,0.05,151.95926588559166,0.0112520108956138,1.125201089561389,2.0,6.7510857034624046,True,4856,666,55.45309901237488,6.75
S034,6,3.2,19.200000000000003,4,3,4.5,4.5,18.0,13.5,243.0,0.45,0.2025,0.25,0.4,0.1,0.35,31.18213548288276,13.423292753085295,3.5964036829916104,17.450000000000003,2.1102362204724407,0.35,1.8966419472757068,31.732860248912687,GM007,1.1637287103194662,0.85930680504177,0.05,128.43337011092595,0.0090398739603409,0.9039873960340992,3.0,10.527856971057878,True,3175,667,36.69446349143982,6.25
S034,6,3.2,19.200000000000003,4,3,4.5,4.5,18.0,13.5,243.0,0.45,0.2025,0.25,0.4,0.1,0.35,17.29928709321277,17.06516915375435,2.620342091896445,14.86,3.43839541547278,0.35,3.0275840474916667,31.39477081852495,GM008,1.1637287103194662,0.85930680504177,0.05,22.443433905040955,0.0020903434145527,0.2090343414552726,5.0,7.33602638842782,True,3141,668,36.10844421386719,5.97
S034,6,3.2,19.200000000000003,4,3,4.5,4.5,18.0,13.5,243.0,0.45,0.2025,0.25,0.4,0.1,0.35,9.9961672381982,2.159835002951208,0.78163944801236,6.1,7.451564828614009,0.35,6.267985100144817,13.402087780712826,GM009,1.1637287103194662,0.85930680504177,0.05,7.431282114469913,0.0010799399922996,0.1079939992299677,2.0,2.650081946848358,True,1342,669,16.291926622390747,5.0
S034,6,3.2,19.200000000000003,4,3,4.5,4.5,18.0,13.5,243.0,0.45,0.2025,0.25,0.4,0.1,0.35,9.117930487349971,4.839859343819583,1.524764882114188,7.81,6.44361833952912,0.35,6.556380630993073,16.124252698347956,GM010,1.1637287103194662,0.85930680504177,0.05,3.854140722582138,0.0007918206258762,0.0791820625876227,5.0,3.204766445694556,True,1614,670,19.51363730430603,5.29
S034,6,3.2,19.200000000000003,4,3,4.5,4.5,18.0,13.5,243.0,0.45,0.2025,0.25,0.4,0.1,0.5,103.78646459524916,102.46376148457,10.301907051473773,24.64,0.7695423248278656,0.5,0.8249428817678108,49.3671464622098,GM011,1.1637287103194662,0.85930680504177,0.05,155.94353094562865,0.0116935429843018,1.169354298430189,2.0,5.341765554040546,True,4938,671,56.20057463645935,7.17
S034,6,3.2,19.200000000000003,4,3,4.5,4.5,18.0,13.5,243.0,0.45,0.2025,0.25,0.4,0.1,0.5,43.81133529558346,12.508231190577826,6.522782124023682,15.68,2.1181384248210025,0.5,1.7530074828421631,33.50141695516064,GM012,1.1637287103194662,0.85930680504177,0.05,179.35709417066514,0.0126191106563503,1.261911065635036,3.0,16.225041884084813,True,3352,672,38.809041261672974,6.36
S034,6,3.2,19.200000000000003,4,3,4.5,4.5,18.0,13.5,243.0,0.45,0.2025,0.25,0.4,0.1,0.5,34.03908206278366,3.1295061607583845,2.746068006539613,10.64,2.182347235693501,0.5,2.9160861723349143,20.60583722265584,GM013,1.1637287103194662,0.85930680504177,0.05,85.29355015682876,0.0059383914275473,0.5938391427547344,3.0,10.682495419398917,True,2062,673,25.248263835906982,5.86
S034,6,3.2,19.200000000000003,4,3,4.5,4.5,18.0,13.5,243.0,0.45,0.2025,0.25,0.4,0.1,0.5,18.45533882580252,14.80201624834675,4.384404010019975,13.99,4.732510288065844,0.5,4.923044536737827,29.145557494343898,GM014,1.1637287103194662,0.85930680504177,0.05,13.15081122662106,0.0019981862396612,0.1998186239661225,5.0,6.058027399969823,True,2916,674,34.263818979263306,5.95
S034,6,3.2,19.200000000000003,4,3,4.5,4.5,18.0,13.5,243.0,0.45,0.2025,0.25,0.4,0.1,0.5,19.24086715150233,12.420394041706963,2.841465779297746,12.25,9.361702127659576,0.5,7.245419023545791,23.4819579140368,GM015,1.1637287103194662,0.85930680504177,0.05,10.698569728858438,0.0009917787309529,0.0991778730952999,2.0,4.774492924667487,True,2350,675,27.30929207801819,5.81
S034,6,3.2,19.200000000000003,4,3,4.5,4.5,18.0,13.5,243.0,0.45,0.2025,0.25,0.4,0.1,0.7,123.7595083309582,112.69968149869808,17.509930352017964,22.65,1.0585918266863614,0.7,1.0754391522554805,40.60105369611207,GM016,1.1637287103194662,0.85930680504177,0.05,551.4143814465218,0.0398505801282133,3.985058012821331,2.0,28.69864743808916,True,4062,676,46.43535280227661,7.46
S034,6,3.2,19.200000000000003,4,3,4.5,4.5,18.0,13.5,243.0,0.45,0.2025,0.25,0.4,0.1,0.7,64.59644568791263,16.74792888475344,16.036406651915282,11.260000000000002,2.025630425795783,0.7,2.1262265800410804,24.174389942525263,GM017,1.1637287103194662,0.85930680504177,0.05,258.60248423619373,0.0180879579596907,1.808795795969071,3.0,24.18345142809205,True,2419,677,28.08277678489685,6.67
S034,6,3.2,19.200000000000003,4,3,4.5,4.5,18.0,13.5,243.0,0.45,0.2025,0.25,0.4,0.1,0.7,30.67798559089125,26.045018761285505,14.611557120426408,16.19,3.604923798358734,0.7,3.247999378380634,34.10290486983198,GM018,1.1637287103194662,0.85930680504177,0.05,31.296667039094228,0.0048281168442208,0.4828116844220829,5.0,15.467451058378009,True,3412,678,39.08550000190735,6.79
S034,6,3.2,19.200000000000003,4,3,4.5,4.5,18.0,13.5,243.0,0.45,0.2025,0.25,0.4,0.1,0.7,17.921335956137025,5.130317972579734,6.759252886649012,13.25,6.394664574342879,0.7,6.485260383358972,25.47662859177758,GM019,1.1637287103194662,0.85930680504177,0.05,7.0154696704625366,0.0012827754515841,0.1282775451584116,5.0,7.845626649497081,True,2549,679,29.571096658706665,6.09
S034,6,3.2,19.200000000000003,4,3,4.5,4.5,18.0,13.5,243.0,0.45,0.2025,0.25,0.4,0.1,0.7,14.51176429983206,6.940468227237262,4.130353652872347,6.4,6.382978723404255,0.7,8.493225110568062,13.613849257253516,GM020,1.1637287103194662,0.85930680504177,0.05,5.691476291010599,0.0008121782778704,0.0812178277870493,3.0,5.715098378402367,True,1363,680,16.787468194961548,5.67
S035,6,3.8,22.8,3,4,6.0,4.5,18.0,18.0,324.0,0.65,0.4225,0.4,0.55,0.22,0.2,33.724749953208224,18.949065402570785,1.346504539859263,25.38,0.7790077900779008,0.2,1.0621780831931538,48.76785766024791,GM001,0.7598203730555633,1.3161005356813105,0.05,83.60045115081137,0.0050065740549026,0.5006574054902599,2.0,5.075232111515822,True,4878,681,54.592613697052,6.08
S035,6,3.8,22.8,3,4,6.0,4.5,18.0,18.0,324.0,0.65,0.4225,0.4,0.55,0.22,0.2,13.524132183148598,14.789498876160662,0.9208366620409144,21.98,2.8521391043282462,0.2,2.5142460490278933,39.95245644502771,GM002,0.7598203730555633,1.3161005356813105,0.05,24.95843742981728,0.0014750385269644,0.1475038526964492,3.0,4.708366412063446,True,3997,682,44.42263770103455,5.68
S035,6,3.8,22.8,3,4,6.0,4.5,18.0,18.0,324.0,0.65,0.4225,0.4,0.55,0.22,0.2,11.513141680876746,7.560542073809191,0.7826640027451861,11.06,3.1932093775262733,0.2,3.0757117330933914,24.728847742837488,GM003,0.7598203730555633,1.3161005356813105,0.05,17.728973307277755,0.0010498967535717,0.1049896753571748,4.0,4.265157358256014,True,2474,683,27.916694164276123,5.32
S035,6,3.8,22.8,3,4,6.0,4.5,18.0,18.0,324.0,0.65,0.4225,0.4,0.55,0.22,0.2,6.672365414950108,6.719688458974504,0.8438217290766784,13.55,5.817068503635668,0.2,5.755012308403533,26.119346099127668,GM004,0.7598203730555633,1.3161005356813105,0.05,2.311732929143891,0.0004175018363036,0.0417501836303625,5.0,1.372243052485329,True,2613,684,29.59551048278809,5.34
S035,6,3.8,22.8,3,4,6.0,4.5,18.0,18.0,324.0,0.65,0.4225,0.4,0.55,0.22,0.2,5.664267143843513,12.625830739792717,0.7212259538622585,13.420000000000002,7.066557107641742,0.2,6.636696742896389,24.32647834248529,GM005,0.7598203730555633,1.3161005356813105,0.05,2.461941071350236,0.0003221691127954,0.0322169112795467,2.0,1.2480095616503994,True,2434,685,27.55663776397705,5.24
S035,6,3.8,22.8,3,4,6.0,4.5,18.0,18.0,324.0,0.65,0.4225,0.4,0.55,0.22,0.35,63.06773902376135,69.78490758023827,4.969633631354305,26.190000000000005,0.6795716639209225,0.35,0.8427860127280369,48.54687625368132,GM006,0.7598203730555633,1.3161005356813105,0.05,70.98370353464436,0.0044518369677504,0.4451836967750421,2.0,3.045398797823034,True,4856,686,54.37633109092712,6.75
S035,6,3.8,22.8,3,4,6.0,4.5,18.0,18.0,324.0,0.65,0.4225,0.4,0.55,0.22,0.35,31.18213548288276,13.423292753085295,3.5964036829916104,17.450000000000003,2.1102362204724407,0.35,1.8966419472757068,31.732860248912687,GM007,0.7598203730555633,1.3161005356813105,0.05,149.4032691108788,0.0088616825359588,0.886168253595884,3.0,15.425737122324035,True,3175,687,35.593979835510254,6.25
S035,6,3.8,22.8,3,4,6.0,4.5,18.0,18.0,324.0,0.65,0.4225,0.4,0.55,0.22,0.35,17.29928709321277,17.06516915375435,2.620342091896445,14.86,3.43839541547278,0.35,3.0275840474916667,31.39477081852495,GM008,0.7598203730555633,1.3161005356813105,0.05,27.36255981770145,0.001707052815345,0.1707052815345001,4.0,7.390930126104818,True,3141,688,35.34948253631592,5.97
S035,6,3.8,22.8,3,4,6.0,4.5,18.0,18.0,324.0,0.65,0.4225,0.4,0.55,0.22,0.35,9.9961672381982,2.159835002951208,0.78163944801236,6.1,7.451564828614009,0.35,6.267985100144817,13.402087780712826,GM009,0.7598203730555633,1.3161005356813105,0.05,8.78975251223963,0.0011433948283056,0.1143394828305649,5.0,5.134765865983314,True,1342,689,16.232057094573975,5.0
S035,6,3.8,22.8,3,4,6.0,4.5,18.0,18.0,324.0,0.65,0.4225,0.4,0.55,0.22,0.35,9.117930487349971,4.839859343819583,1.524764882114188,7.81,6.44361833952912,0.35,6.556380630993073,16.124252698347956,GM010,0.7598203730555633,1.3161005356813105,0.05,5.373063496505976,0.0007789549731181,0.0778954973118132,5.0,4.343303681514676,True,1614,690,19.02843928337097,5.29
S035,6,3.8,22.8,3,4,6.0,4.5,18.0,18.0,324.0,0.65,0.4225,0.4,0.55,0.22,0.5,103.78646459524916,102.46376148457,10.301907051473773,24.64,0.7695423248278656,0.5,0.8249428817678108,49.3671464622098,GM011,0.7598203730555633,1.3161005356813105,0.05,86.38625359038247,0.005498110689407,0.5498110689407052,2.0,3.382298004085348,True,4938,691,55.13693380355835,7.17
S035,6,3.8,22.8,3,4,6.0,4.5,18.0,18.0,324.0,0.65,0.4225,0.4,0.55,0.22,0.5,43.81133529558346,12.508231190577826,6.522782124023682,15.68,2.1181384248210025,0.5,1.7530074828421631,33.50141695516064,GM012,0.7598203730555633,1.3161005356813105,0.05,198.9781870733658,0.0117880213221922,1.1788021322192217,3.0,22.212063040600903,True,3352,692,37.41106128692627,6.36
S035,6,3.8,22.8,3,4,6.0,4.5,18.0,18.0,324.0,0.65,0.4225,0.4,0.55,0.22,0.5,34.03908206278366,3.1295061607583845,2.746068006539613,10.64,2.182347235693501,0.5,2.9160861723349143,20.60583722265584,GM013,0.7598203730555633,1.3161005356813105,0.05,58.23137124395178,0.0034642544611709,0.3464254461170941,3.0,11.070876670058196,True,2062,693,23.85641193389893,5.86
S035,6,3.8,22.8,3,4,6.0,4.5,18.0,18.0,324.0,0.65,0.4225,0.4,0.55,0.22,0.5,18.45533882580252,14.80201624834675,4.384404010019975,13.99,4.732510288065844,0.5,4.923044536737827,29.145557494343898,GM014,0.7598203730555633,1.3161005356813105,0.05,16.7707005787051,0.0018722181300063,0.1872218130006304,5.0,8.766512731215967,True,2916,694,33.04304528236389,5.95
S035,6,3.8,22.8,3,4,6.0,4.5,18.0,18.0,324.0,0.65,0.4225,0.4,0.55,0.22,0.5,19.24086715150233,12.420394041706963,2.841465779297746,12.25,9.361702127659576,0.5,7.245419023545791,23.4819579140368,GM015,0.7598203730555633,1.3161005356813105,0.05,7.596562003724466,0.0006968321932425,0.0696832193242561,2.0,5.375763778045777,True,2350,695,26.78925514221192,5.81
S035,6,3.8,22.8,3,4,6.0,4.5,18.0,18.0,324.0,0.65,0.4225,0.4,0.55,0.22,0.7,123.7595083309582,112.69968149869808,17.509930352017964,22.65,1.0585918266863614,0.7,1.0754391522554805,40.60105369611207,GM016,0.7598203730555633,1.3161005356813105,0.05,274.07563188068326,0.0165259571115771,1.652595711157714,2.0,15.449865569008963,True,4062,696,45.252421855926514,7.46
S035,6,3.8,22.8,3,4,6.0,4.5,18.0,18.0,324.0,0.65,0.4225,0.4,0.55,0.22,0.7,64.59644568791263,16.74792888475344,16.036406651915282,11.260000000000002,2.025630425795783,0.7,2.1262265800410804,24.174389942525263,GM017,0.7598203730555633,1.3161005356813105,0.05,235.8912127765905,0.0140292401238936,1.4029240123893605,3.0,28.276644490414142,True,2419,697,28.312267541885376,6.67
S035,6,3.8,22.8,3,4,6.0,4.5,18.0,18.0,324.0,0.65,0.4225,0.4,0.55,0.22,0.7,30.67798559089125,26.045018761285505,14.611557120426408,16.19,3.604923798358734,0.7,3.247999378380634,34.10290486983198,GM018,0.7598203730555633,1.3161005356813105,0.05,28.27726458837739,0.0023193431906514,0.2319343190651418,5.0,14.35801214738342,True,3412,698,38.21953058242798,6.79
S035,6,3.8,22.8,3,4,6.0,4.5,18.0,18.0,324.0,0.65,0.4225,0.4,0.55,0.22,0.7,17.921335956137025,5.130317972579734,6.759252886649012,13.25,6.394664574342879,0.7,6.485260383358972,25.47662859177758,GM019,0.7598203730555633,1.3161005356813105,0.05,5.376092539216693,0.0007779436740334,0.0777943674033423,6.0,5.776019601046568,True,2549,699,29.323710441589355,6.09
S035,6,3.8,22.8,3,4,6.0,4.5,18.0,18.0,324.0,0.65,0.4225,0.4,0.55,0.22,0.7,14.51176429983206,6.940468227237262,4.130353652872347,6.4,6.382978723404255,0.7,8.493225110568062,13.613849257253516,GM020,0.7598203730555633,1.3161005356813105,0.05,5.66531921928553,0.0006878427164457,0.068784271644573,2.0,3.867837385275299,True,1363,700,16.184539079666138,5.67
S036,7,3.0,21.0,2,3,4.5,4.5,9.0,13.5,121.5,0.65,0.4225,0.4,0.4,0.16,0.2,33.724749953208224,18.949065402570785,1.346504539859263,25.38,0.7790077900779008,0.2,1.0621780831931538,48.76785766024791,GM001,0.6834025321573957,1.4632664541689,0.05,84.02597725213879,0.0054328071553671,0.5432807155367149,3.0,5.265278534499876,True,4878,701,26.37786364555359,6.08
S036,7,3.0,21.0,2,3,4.5,4.5,9.0,13.5,121.5,0.65,0.4225,0.4,0.4,0.16,0.2,13.524132183148598,14.789498876160662,0.9208366620409144,21.98,2.8521391043282462,0.2,2.5142460490278933,39.95245644502771,GM002,0.6834025321573957,1.4632664541689,0.05,25.851186651990023,0.001647002434513,0.1647002434513088,4.0,4.872102083971496,True,3997,702,21.309706926345825,5.68
S036,7,3.0,21.0,2,3,4.5,4.5,9.0,13.5,121.5,0.65,0.4225,0.4,0.4,0.16,0.2,11.513141680876746,7.560542073809191,0.7826640027451861,11.06,3.1932093775262733,0.2,3.0757117330933914,24.728847742837488,GM003,0.6834025321573957,1.4632664541689,0.05,17.95237111054893,0.0011546208802603,0.115462088026036,4.0,4.27449138292076,True,2474,703,13.499611139297484,5.32
S036,7,3.0,21.0,2,3,4.5,4.5,9.0,13.5,121.5,0.65,0.4225,0.4,0.4,0.16,0.2,6.672365414950108,6.719688458974504,0.8438217290766784,13.55,5.817068503635668,0.2,5.755012308403533,26.119346099127668,GM004,0.6834025321573957,1.4632664541689,0.05,2.916868414534328,0.0006005238806417,0.060052388064174,6.0,2.3576481861313847,True,2613,704,14.361428260803224,5.34
S036,7,3.0,21.0,2,3,4.5,4.5,9.0,13.5,121.5,0.65,0.4225,0.4,0.4,0.16,0.2,5.664267143843513,12.625830739792717,0.7212259538622585,13.420000000000002,7.066557107641742,0.2,6.636696742896389,24.32647834248529,GM005,0.6834025321573957,1.4632664541689,0.05,2.521313558401503,0.0003973965395751,0.0397396539575132,7.0,1.6171797662356109,True,2434,705,13.288164615631104,5.24
S036,7,3.0,21.0,2,3,4.5,4.5,9.0,13.5,121.5,0.65,0.4225,0.4,0.4,0.16,0.35,63.06773902376135,69.78490758023827,4.969633631354305,26.190000000000005,0.6795716639209225,0.35,0.8427860127280369,48.54687625368132,GM006,0.6834025321573957,1.4632664541689,0.05,71.23657557706284,0.0047246000276336,0.4724600027633673,3.0,2.88339128208223,True,4856,706,26.04143857955933,6.75
S036,7,3.0,21.0,2,3,4.5,4.5,9.0,13.5,121.5,0.65,0.4225,0.4,0.4,0.16,0.35,31.18213548288276,13.423292753085295,3.5964036829916104,17.450000000000003,2.1102362204724407,0.35,1.8966419472757068,31.732860248912687,GM007,0.6834025321573957,1.4632664541689,0.05,155.1606241855322,0.0098451517255539,0.9845151725553968,3.0,15.932383136924258,True,3175,707,17.413397550582886,6.25
S036,7,3.0,21.0,2,3,4.5,4.5,9.0,13.5,121.5,0.65,0.4225,0.4,0.4,0.16,0.35,17.29928709321277,17.06516915375435,2.620342091896445,14.86,3.43839541547278,0.35,3.0275840474916667,31.39477081852495,GM008,0.6834025321573957,1.4632664541689,0.05,28.17390294470517,0.0019005885757106,0.1900588575710645,5.0,7.763958798102365,True,3141,708,16.85138988494873,5.97
S036,7,3.0,21.0,2,3,4.5,4.5,9.0,13.5,121.5,0.65,0.4225,0.4,0.4,0.16,0.35,9.9961672381982,2.159835002951208,0.78163944801236,6.1,7.451564828614009,0.35,6.267985100144817,13.402087780712826,GM009,0.6834025321573957,1.4632664541689,0.05,10.527390744119874,0.0013350099309547,0.1335009930954786,6.0,6.709163313005615,True,1342,709,7.365356206893921,5.0
S036,7,3.0,21.0,2,3,4.5,4.5,9.0,13.5,121.5,0.65,0.4225,0.4,0.4,0.16,0.35,9.117930487349971,4.839859343819583,1.524764882114188,7.81,6.44361833952912,0.35,6.556380630993073,16.124252698347956,GM010,0.6834025321573957,1.4632664541689,0.05,6.39927134880076,0.0009737954250759,0.0973795425075954,6.0,5.282215733705079,True,1614,710,9.080785512924194,5.29
S036,7,3.0,21.0,2,3,4.5,4.5,9.0,13.5,121.5,0.65,0.4225,0.4,0.4,0.16,0.5,103.78646459524916,102.46376148457,10.301907051473773,24.64,0.7695423248278656,0.5,0.8249428817678108,49.3671464622098,GM011,0.6834025321573957,1.4632664541689,0.05,86.69979464125191,0.0058405749102078,0.5840574910207886,3.0,3.542889974745993,True,4938,711,26.297112941741943,7.17
S036,7,3.0,21.0,2,3,4.5,4.5,9.0,13.5,121.5,0.65,0.4225,0.4,0.4,0.16,0.5,43.81133529558346,12.508231190577826,6.522782124023682,15.68,2.1181384248210025,0.5,1.7530074828421631,33.50141695516064,GM012,0.6834025321573957,1.4632664541689,0.05,207.58852047653667,0.0130961670363097,1.3096167036309745,3.0,23.165769756559296,True,3352,712,18.17645502090454,6.36
S036,7,3.0,21.0,2,3,4.5,4.5,9.0,13.5,121.5,0.65,0.4225,0.4,0.4,0.16,0.5,34.03908206278366,3.1295061607583845,2.746068006539613,10.64,2.182347235693501,0.5,2.9160861723349143,20.60583722265584,GM013,0.6834025321573957,1.4632664541689,0.05,59.86982525742339,0.0037893131300905,0.3789313130090501,4.0,11.616537890873708,True,2062,713,11.24331021308899,5.86
S036,7,3.0,21.0,2,3,4.5,4.5,9.0,13.5,121.5,0.65,0.4225,0.4,0.4,0.16,0.5,18.45533882580252,14.80201624834675,4.384404010019975,13.99,4.732510288065844,0.5,4.923044536737827,29.145557494343898,GM014,0.6834025321573957,1.4632664541689,0.05,17.167367672260223,0.0020746120107952,0.2074612010795218,6.0,11.078423605315129,True,2916,714,15.73060703277588,5.95
S036,7,3.0,21.0,2,3,4.5,4.5,9.0,13.5,121.5,0.65,0.4225,0.4,0.4,0.16,0.5,19.24086715150233,12.420394041706963,2.841465779297746,12.25,9.361702127659576,0.5,7.245419023545791,23.4819579140368,GM015,0.6834025321573957,1.4632664541689,0.05,8.586193616462886,0.000899102374286,0.0899102374286075,6.0,5.838981270124689,True,2350,715,12.930941343307495,5.81
S036,7,3.0,21.0,2,3,4.5,4.5,9.0,13.5,121.5,0.65,0.4225,0.4,0.4,0.16,0.7,123.7595083309582,112.69968149869808,17.509930352017964,22.65,1.0585918266863614,0.7,1.0754391522554805,40.60105369611207,GM016,0.6834025321573957,1.4632664541689,0.05,274.2666395598571,0.0177974323233093,1.7797432323309368,3.0,15.720769410666584,True,4062,716,21.9880530834198,7.46
S036,7,3.0,21.0,2,3,4.5,4.5,9.0,13.5,121.5,0.65,0.4225,0.4,0.4,0.16,0.7,64.59644568791263,16.74792888475344,16.036406651915282,11.260000000000002,2.025630425795783,0.7,2.1262265800410804,24.174389942525263,GM017,0.6834025321573957,1.4632664541689,0.05,246.4762238356541,0.0154944494419756,1.549444944197568,3.0,30.10307125284731,True,2419,717,13.27259874343872,6.67
S036,7,3.0,21.0,2,3,4.5,4.5,9.0,13.5,121.5,0.65,0.4225,0.4,0.4,0.16,0.7,30.67798559089125,26.045018761285505,14.611557120426408,16.19,3.604923798358734,0.7,3.247999378380634,34.10290486983198,GM018,0.6834025321573957,1.4632664541689,0.05,27.83686384084355,0.0023335024537621,0.2333502453762131,5.0,14.048239533265168,True,3412,718,18.32939887046814,6.79
S036,7,3.0,21.0,2,3,4.5,4.5,9.0,13.5,121.5,0.65,0.4225,0.4,0.4,0.16,0.7,17.921335956137025,5.130317972579734,6.759252886649012,13.25,6.394664574342879,0.7,6.485260383358972,25.47662859177758,GM019,0.6834025321573957,1.4632664541689,0.05,4.589853710605116,0.0008945409164054,0.0894540916405445,7.0,4.154945046145177,True,2549,719,13.795740127563477,6.09
S036,7,3.0,21.0,2,3,4.5,4.5,9.0,13.5,121.5,0.65,0.4225,0.4,0.4,0.16,0.7,14.51176429983206,6.940468227237262,4.130353652872347,6.4,6.382978723404255,0.7,8.493225110568062,13.613849257253516,GM020,0.6834025321573957,1.4632664541689,0.05,6.052957548641623,0.0008563540479109,0.0856354047910923,7.0,3.928945561979398,True,1363,720,7.692377090454102,5.67
S037,6,3.8,22.8,2,3,6.0,6.0,12.0,18.0,216.0,0.6,0.36,0.35,0.55,0.1925,0.2,33.724749953208224,18.949065402570785,1.346504539859263,25.38,0.7790077900779008,0.2,1.0621780831931538,48.76785766024791,GM001,1.137733534895942,0.878940427902093,0.05,171.47234217156006,0.0101921366560047,1.0192136656004704,3.0,8.785668302804574,True,4878,721,21.742588996887207,6.08
S037,6,3.8,22.8,2,3,6.0,6.0,12.0,18.0,216.0,0.6,0.36,0.35,0.55,0.1925,0.2,13.524132183148598,14.789498876160662,0.9208366620409144,21.98,2.8521391043282462,0.2,2.5142460490278933,39.95245644502771,GM002,1.137733534895942,0.878940427902093,0.05,23.37424903725304,0.0014374609462642,0.14374609462642,4.0,4.257417687348191,True,3997,722,18.035064935684204,5.68
S037,6,3.8,22.8,2,3,6.0,6.0,12.0,18.0,216.0,0.6,0.36,0.35,0.55,0.1925,0.2,11.513141680876746,7.560542073809191,0.7826640027451861,11.06,3.1932093775262733,0.2,3.0757117330933914,24.728847742837488,GM003,1.137733534895942,0.878940427902093,0.05,18.27242622511925,0.0013909675548277,0.1390967554827762,5.0,4.52991321353815,True,2474,723,11.327102184295654,5.32
S037,6,3.8,22.8,2,3,6.0,6.0,12.0,18.0,216.0,0.6,0.36,0.35,0.55,0.1925,0.2,6.672365414950108,6.719688458974504,0.8438217290766784,13.55,5.817068503635668,0.2,5.755012308403533,26.119346099127668,GM004,1.137733534895942,0.878940427902093,0.05,2.980675930315775,0.0003391953369837,0.0339195336983713,6.0,1.159345012131196,True,2613,724,11.885676145553589,5.34
S037,6,3.8,22.8,2,3,6.0,6.0,12.0,18.0,216.0,0.6,0.36,0.35,0.55,0.1925,0.2,5.664267143843513,12.625830739792717,0.7212259538622585,13.420000000000002,7.066557107641742,0.2,6.636696742896389,24.32647834248529,GM005,1.137733534895942,0.878940427902093,0.05,3.6053724833089023,0.0003023728843411,0.030237288434118,3.0,1.6482264171624186,True,2434,725,10.767841100692747,5.24
S037,6,3.8,22.8,2,3,6.0,6.0,12.0,18.0,216.0,0.6,0.36,0.35,0.55,0.1925,0.35,63.06773902376135,69.78490758023827,4.969633631354305,26.190000000000005,0.6795716639209225,0.35,0.8427860127280369,48.54687625368132,GM006,1.137733534895942,0.878940427902093,0.05,244.8058161442233,0.0147861870379867,1.478618703798677,2.0,9.913952275712328,True,4856,726,22.0281195640564,6.75
S037,6,3.8,22.8,2,3,6.0,6.0,12.0,18.0,216.0,0.6,0.36,0.35,0.55,0.1925,0.35,31.18213548288276,13.423292753085295,3.5964036829916104,17.450000000000003,2.1102362204724407,0.35,1.8966419472757068,31.732860248912687,GM007,1.137733534895942,0.878940427902093,0.05,152.29269050086947,0.0089988618701029,0.8998861870102928,3.0,12.467550181999451,True,3175,727,14.395557165145874,6.25
S037,6,3.8,22.8,2,3,6.0,6.0,12.0,18.0,216.0,0.6,0.36,0.35,0.55,0.1925,0.35,17.29928709321277,17.06516915375435,2.620342091896445,14.86,3.43839541547278,0.35,3.0275840474916667,31.39477081852495,GM008,1.137733534895942,0.878940427902093,0.05,22.0482899301659,0.0021234669634239,0.2123466963423919,5.0,7.534098333097966,True,3141,728,14.1128671169281,5.97
S037,6,3.8,22.8,2,3,6.0,6.0,12.0,18.0,216.0,0.6,0.36,0.35,0.55,0.1925,0.35,9.9961672381982,2.159835002951208,0.78163944801236,6.1,7.451564828614009,0.35,6.267985100144817,13.402087780712826,GM009,1.137733534895942,0.878940427902093,0.05,8.114827693538437,0.001019919165148,0.1019919165148021,2.0,2.547170924334978,True,1342,729,6.327450037002564,5.0
S037,6,3.8,22.8,2,3,6.0,6.0,12.0,18.0,216.0,0.6,0.36,0.35,0.55,0.1925,0.35,9.117930487349971,4.839859343819583,1.524764882114188,7.81,6.44361833952912,0.35,6.556380630993073,16.124252698347956,GM010,1.137733534895942,0.878940427902093,0.05,4.1732773093547415,0.0006332348906623,0.0633234890662344,5.0,3.359385318323755,True,1614,730,7.207945823669434,5.29
S037,6,3.8,22.8,2,3,6.0,6.0,12.0,18.0,216.0,0.6,0.36,0.35,0.55,0.1925,0.5,103.78646459524916,102.46376148457,10.301907051473773,24.64,0.7695423248278656,0.5,0.8249428817678108,49.3671464622098,GM011,1.137733534895942,0.878940427902093,0.05,208.9527706543902,0.012837609754455,1.2837609754455048,2.0,7.011515803446921,True,4938,731,22.578198671340942,7.17
S037,6,3.8,22.8,2,3,6.0,6.0,12.0,18.0,216.0,0.6,0.36,0.35,0.55,0.1925,0.5,43.81133529558346,12.508231190577826,6.522782124023682,15.68,2.1181384248210025,0.5,1.7530074828421631,33.50141695516064,GM012,1.137733534895942,0.878940427902093,0.05,141.2617290451541,0.0083774894659843,0.837748946598439,3.0,12.850842781657215,True,3352,732,15.68549633026123,6.36
S037,6,3.8,22.8,2,3,6.0,6.0,12.0,18.0,216.0,0.6,0.36,0.35,0.55,0.1925,0.5,34.03908206278366,3.1295061607583845,2.746068006539613,10.64,2.182347235693501,0.5,2.9160861723349143,20.60583722265584,GM013,1.137733534895942,0.878940427902093,0.05,90.38027675471,0.0052374362597321,0.5237436259732162,3.0,10.69735868353753,True,2062,733,9.491032123565674,5.86
S037,6,3.8,22.8,2,3,6.0,6.0,12.0,18.0,216.0,0.6,0.36,0.35,0.55,0.1925,0.5,18.45533882580252,14.80201624834675,4.384404010019975,13.99,4.732510288065844,0.5,4.923044536737827,29.145557494343898,GM014,1.137733534895942,0.878940427902093,0.05,13.553433650685408,0.0017553684796758,0.1755368479675876,5.0,5.671970859002019,True,2916,734,13.472538948059082,5.95
S037,6,3.8,22.8,2,3,6.0,6.0,12.0,18.0,216.0,0.6,0.36,0.35,0.55,0.1925,0.5,19.24086715150233,12.420394041706963,2.841465779297746,12.25,9.361702127659576,0.5,7.245419023545791,23.4819579140368,GM015,1.137733534895942,0.878940427902093,0.05,12.562993708657167,0.0009019890942704,0.0901989094270484,2.0,5.042097322897849,True,2350,735,10.898202180862429,5.81
S037,6,3.8,22.8,2,3,6.0,6.0,12.0,18.0,216.0,0.6,0.36,0.35,0.55,0.1925,0.7,123.7595083309582,112.69968149869808,17.509930352017964,22.65,1.0585918266863614,0.7,1.0754391522554805,40.60105369611207,GM016,1.137733534895942,0.878940427902093,0.05,626.5994243919224,0.0373136814289406,3.731368142894062,2.0,31.333682818991672,True,4062,736,18.63311052322388,7.46
S037,6,3.8,22.8,2,3,6.0,6.0,12.0,18.0,216.0,0.6,0.36,0.35,0.55,0.1925,0.7,64.59644568791263,16.74792888475344,16.036406651915282,11.260000000000002,2.025630425795783,0.7,2.1262265800410804,24.174389942525263,GM017,1.137733534895942,0.878940427902093,0.05,214.04834394311425,0.0127036886876743,1.2703688687674373,3.0,20.60846621322892,True,2419,737,11.345006942749023,6.67
S037,6,3.8,22.8,2,3,6.0,6.0,12.0,18.0,216.0,0.6,0.36,0.35,0.55,0.1925,0.7,30.67798559089125,26.045018761285505,14.611557120426408,16.19,3.604923798358734,0.7,3.247999378380634,34.10290486983198,GM018,1.137733534895942,0.878940427902093,0.05,31.20311730354871,0.0046604323329007,0.4660432332900791,5.0,15.071569174762033,True,3412,738,15.468925714492798,6.79
S037,6,3.8,22.8,2,3,6.0,6.0,12.0,18.0,216.0,0.6,0.36,0.35,0.55,0.1925,0.7,17.921335956137025,5.130317972579734,6.759252886649012,13.25,6.394664574342879,0.7,6.485260383358972,25.47662859177758,GM019,1.137733534895942,0.878940427902093,0.05,7.701143269407319,0.0012123525797266,0.1212352579726633,6.0,7.633377459374953,True,2549,739,11.331140995025637,6.09
S037,6,3.8,22.8,2,3,6.0,6.0,12.0,18.0,216.0,0.6,0.36,0.35,0.55,0.1925,0.7,14.51176429983206,6.940468227237262,4.130353652872347,6.4,6.382978723404255,0.7,8.493225110568062,13.613849257253516,GM020,1.137733534895942,0.878940427902093,0.05,5.6179844555806975,0.0007160972351109,0.0716097235110972,3.0,6.259549845559361,True,1363,740,6.486156702041626,5.67
S038,15,3.2,48.0,4,3,5.5,5.0,22.0,15.0,330.0,0.45,0.2025,0.35,0.6,0.21,0.2,33.724749953208224,18.949065402570785,1.346504539859263,25.38,0.7790077900779008,0.2,1.0621780831931538,48.76785766024791,GM001,2.433563645825622,0.4109200109540326,0.05,165.38642033800684,0.0045125507370379,0.4512550737037959,7.0,5.000657810643687,True,4878,741,168.70033168792725,6.08
S038,15,3.2,48.0,4,3,5.5,5.0,22.0,15.0,330.0,0.45,0.2025,0.35,0.6,0.21,0.2,13.524132183148598,14.789498876160662,0.9208366620409144,21.98,2.8521391043282462,0.2,2.5142460490278933,39.95245644502771,GM002,2.433563645825622,0.4109200109540326,0.05,14.572936640667685,0.0012864134888939,0.1286413488893913,2.0,1.8645513105867395,True,3997,742,144.1868770122528,5.68
S038,15,3.2,48.0,4,3,5.5,5.0,22.0,15.0,330.0,0.45,0.2025,0.35,0.6,0.21,0.2,11.513141680876746,7.560542073809191,0.7826640027451861,11.06,3.1932093775262733,0.2,3.0757117330933914,24.728847742837488,GM003,2.433563645825622,0.4109200109540326,0.05,7.133615603049682,0.0007596101085198,0.0759610108519827,2.0,1.917702883492525,True,2474,743,103.88810205459596,5.32
S038,15,3.2,48.0,4,3,5.5,5.0,22.0,15.0,330.0,0.45,0.2025,0.35,0.6,0.21,0.2,6.672365414950108,6.719688458974504,0.8438217290766784,13.55,5.817068503635668,0.2,5.755012308403533,26.119346099127668,GM004,2.433563645825622,0.4109200109540326,0.05,11.762513852900607,0.00035861241957,0.0358612419570089,3.0,1.8345854990355643,True,2613,744,170.60040760040283,5.34
S038,15,3.2,48.0,4,3,5.5,5.0,22.0,15.0,330.0,0.45,0.2025,0.35,0.6,0.21,0.2,5.664267143843513,12.625830739792717,0.7212259538622585,13.420000000000002,7.066557107641742,0.2,6.636696742896389,24.32647834248529,GM005,2.433563645825622,0.4109200109540326,0.05,6.582029375139836,0.000270710222984,0.027071022298409,2.0,1.8975012165211635,True,2434,745,153.38868165016174,5.24
S038,15,3.2,48.0,4,3,5.5,5.0,22.0,15.0,330.0,0.45,0.2025,0.35,0.6,0.21,0.35,63.06773902376135,69.78490758023827,4.969633631354305,26.190000000000005,0.6795716639209225,0.35,0.8427860127280369,48.54687625368132,GM006,2.433563645825622,0.4109200109540326,0.05,723.9797991763809,0.0199178955138998,1.9917895513899813,4.0,13.411623650322058,True,4856,746,267.92714643478394,6.75
S038,15,3.2,48.0,4,3,5.5,5.0,22.0,15.0,330.0,0.45,0.2025,0.35,0.6,0.21,0.35,31.18213548288276,13.423292753085295,3.5964036829916104,17.450000000000003,2.1102362204724407,0.35,1.8966419472757068,31.732860248912687,GM007,2.433563645825622,0.4109200109540326,0.05,59.35585918922865,0.003574439713086,0.3574439713086048,11.0,5.319656926510873,True,3175,747,199.8974392414093,6.25
S038,15,3.2,48.0,4,3,5.5,5.0,22.0,15.0,330.0,0.45,0.2025,0.35,0.6,0.21,0.35,17.29928709321277,17.06516915375435,2.620342091896445,14.86,3.43839541547278,0.35,3.0275840474916667,31.39477081852495,GM008,2.433563645825622,0.4109200109540326,0.05,15.552868364392056,0.0016826794421862,0.1682679442186236,2.0,3.852946464961986,True,3141,748,195.39701056480408,5.97
S038,15,3.2,48.0,4,3,5.5,5.0,22.0,15.0,330.0,0.45,0.2025,0.35,0.6,0.21,0.35,9.9961672381982,2.159835002951208,0.78163944801236,6.1,7.451564828614009,0.35,6.267985100144817,13.402087780712826,GM009,2.433563645825622,0.4109200109540326,0.05,21.635542575851435,0.0008338210117606,0.0833821011760609,2.0,3.264901049651717,True,1342,749,112.38370013237,5.0
S038,15,3.2,48.0,4,3,5.5,5.0,22.0,15.0,330.0,0.45,0.2025,0.35,0.6,0.21,0.35,9.117930487349971,4.839859343819583,1.524764882114188,7.81,6.44361833952912,0.35,6.556380630993073,16.124252698347956,GM010,2.433563645825622,0.4109200109540326,0.05,8.013334182509398,0.0005075934415043,0.0507593441504312,2.0,3.4088992560249225,True,1614,750,120.96293044090272,5.29
S038,15,3.2,48.0,4,3,5.5,5.0,22.0,15.0,330.0,0.45,0.2025,0.35,0.6,0.21,0.5,103.78646459524916,102.46376148457,10.301907051473773,24.64,0.7695423248278656,0.5,0.8249428817678108,49.3671464622098,GM011,2.433563645825622,0.4109200109540326,0.05,981.481356037106,0.028241635903676,2.824163590367609,3.0,14.041275053820453,True,4938,751,275.8631205558777,7.17
S038,15,3.2,48.0,4,3,5.5,5.0,22.0,15.0,330.0,0.45,0.2025,0.35,0.6,0.21,0.5,43.81133529558346,12.508231190577826,6.522782124023682,15.68,2.1181384248210025,0.5,1.7530074828421631,33.50141695516064,GM012,2.433563645825622,0.4109200109540326,0.05,148.91439733013317,0.0065750534687916,0.6575053468791667,2.0,7.482810802056631,True,3352,752,201.69629001617432,6.36
S038,15,3.2,48.0,4,3,5.5,5.0,22.0,15.0,330.0,0.45,0.2025,0.35,0.6,0.21,0.5,34.03908206278366,3.1295061607583845,2.746068006539613,10.64,2.182347235693501,0.5,2.9160861723349143,20.60583722265584,GM013,2.433563645825622,0.4109200109540326,0.05,24.132965452857665,0.00309740666759,0.3097406667590087,12.0,2.538205381317596,True,2062,753,135.05207991600037,5.86
S038,15,3.2,48.0,4,3,5.5,5.0,22.0,15.0,330.0,0.45,0.2025,0.35,0.6,0.21,0.5,18.45533882580252,14.80201624834675,4.384404010019975,13.99,4.732510288065844,0.5,4.923044536737827,29.145557494343898,GM014,2.433563645825622,0.4109200109540326,0.05,29.500791099675137,0.0015635396409184,0.1563539640918463,2.0,4.854497885821472,True,2916,754,169.62842345237732,5.95
S038,15,3.2,48.0,4,3,5.5,5.0,22.0,15.0,330.0,0.45,0.2025,0.35,0.6,0.21,0.5,19.24086715150233,12.420394041706963,2.841465779297746,12.25,9.361702127659576,0.5,7.245419023545791,23.4819579140368,GM015,2.433563645825622,0.4109200109540326,0.05,133.62343599659033,0.0039695151590187,0.3969515159018705,3.0,5.652217646441917,True,2350,755,154.61371517181396,5.81
S038,15,3.2,48.0,4,3,5.5,5.0,22.0,15.0,330.0,0.45,0.2025,0.35,0.6,0.21,0.7,123.7595083309582,112.69968149869808,17.509930352017964,22.65,1.0585918266863614,0.7,1.0754391522554805,40.60105369611207,GM016,2.433563645825622,0.4109200109540326,0.05,487.6716288811985,0.0133118272936358,1.3311827293635845,7.0,15.176022404672176,True,4062,756,210.6965370178223,7.46
S038,15,3.2,48.0,4,3,5.5,5.0,22.0,15.0,330.0,0.45,0.2025,0.35,0.6,0.21,0.7,64.59644568791263,16.74792888475344,16.036406651915282,11.260000000000002,2.025630425795783,0.7,2.1262265800410804,24.174389942525263,GM017,2.433563645825622,0.4109200109540326,0.05,125.3076312969278,0.0093630730991999,0.9363073099199938,11.0,13.46939739642535,True,2419,757,99.51425313949584,6.67
S038,15,3.2,48.0,4,3,5.5,5.0,22.0,15.0,330.0,0.45,0.2025,0.35,0.6,0.21,0.7,30.67798559089125,26.045018761285505,14.611557120426408,16.19,3.604923798358734,0.7,3.247999378380634,34.10290486983198,GM018,2.433563645825622,0.4109200109540326,0.05,25.31159456957498,0.0021944046324192,0.2194404632419277,2.0,8.930581255328697,True,3412,758,130.20208168029785,6.79
S038,15,3.2,48.0,4,3,5.5,5.0,22.0,15.0,330.0,0.45,0.2025,0.35,0.6,0.21,0.7,17.921335956137025,5.130317972579734,6.759252886649012,13.25,6.394664574342879,0.7,6.485260383358972,25.47662859177758,GM019,2.433563645825622,0.4109200109540326,0.05,15.433514059117902,0.0008048761881669,0.0804876188166992,2.0,7.1872915961478725,True,2549,759,108.16372776031494,6.09
S038,15,3.2,48.0,4,3,5.5,5.0,22.0,15.0,330.0,0.45,0.2025,0.35,0.6,0.21,0.7,14.51176429983206,6.940468227237262,4.130353652872347,6.4,6.382978723404255,0.7,8.493225110568062,13.613849257253516,GM020,2.433563645825622,0.4109200109540326,0.05,11.248890104846287,0.0006415371529447,0.0641537152944716,2.0,6.889584831559324,True,1363,760,71.75283002853394,5.67
S039,9,3.8,34.2,2,4,5.0,4.5,10.0,18.0,180.0,0.5,0.25,0.35,0.5,0.175,0.2,33.724749953208224,18.949065402570785,1.346504539859263,25.38,0.7790077900779008,0.2,1.0621780831931538,48.76785766024791,GM001,1.441101199292513,0.6939137934871855,0.05,401.4167215598878,0.0161664365906983,1.61664365906983,3.0,11.217188339041202,True,4878,761,48.084689140319824,6.08
S039,9,3.8,34.2,2,4,5.0,4.5,10.0,18.0,180.0,0.5,0.25,0.35,0.5,0.175,0.2,13.524132183148598,14.789498876160662,0.9208366620409144,21.98,2.8521391043282462,0.2,2.5142460490278933,39.95245644502771,GM002,1.441101199292513,0.6939137934871855,0.05,29.03376060147901,0.0014536948978046,0.1453694897804602,6.0,2.778926074697971,True,3997,762,39.59163808822632,5.68
S039,9,3.8,34.2,2,4,5.0,4.5,10.0,18.0,180.0,0.5,0.25,0.35,0.5,0.175,0.2,11.513141680876746,7.560542073809191,0.7826640027451861,11.06,3.1932093775262733,0.2,3.0757117330933914,24.728847742837488,GM003,1.441101199292513,0.6939137934871855,0.05,8.716723836150926,0.001018423322276,0.1018423322276068,2.0,1.8867656373508228,True,2474,763,25.91289639472961,5.32
S039,9,3.8,34.2,2,4,5.0,4.5,10.0,18.0,180.0,0.5,0.25,0.35,0.5,0.175,0.2,6.672365414950108,6.719688458974504,0.8438217290766784,13.55,5.817068503635668,0.2,5.755012308403533,26.119346099127668,GM004,1.441101199292513,0.6939137934871855,0.05,5.537797101052033,0.0003403313228244,0.0340331322824468,2.0,2.5398552890099264,True,2613,764,27.24802541732788,5.34
S039,9,3.8,34.2,2,4,5.0,4.5,10.0,18.0,180.0,0.5,0.25,0.35,0.5,0.175,0.2,5.664267143843513,12.625830739792717,0.7212259538622585,13.420000000000002,7.066557107641742,0.2,6.636696742896389,24.32647834248529,GM005,1.441101199292513,0.6939137934871855,0.05,4.981230932617945,0.0002511775237869,0.0251177523786984,2.0,2.3249780612139377,True,2434,765,25.095457077026367,5.24
S039,9,3.8,34.2,2,4,5.0,4.5,10.0,18.0,180.0,0.5,0.25,0.35,0.5,0.175,0.35,63.06773902376135,69.78490758023827,4.969633631354305,26.190000000000005,0.6795716639209225,0.35,0.8427860127280369,48.54687625368132,GM006,1.441101199292513,0.6939137934871855,0.05,577.9653238493933,0.0236793290084646,2.367932900846463,3.0,13.496987059978965,True,4856,766,48.02382516860962,6.75
S039,9,3.8,34.2,2,4,5.0,4.5,10.0,18.0,180.0,0.5,0.25,0.35,0.5,0.175,0.35,31.18213548288276,13.423292753085295,3.5964036829916104,17.450000000000003,2.1102362204724407,0.35,1.8966419472757068,31.732860248912687,GM007,1.441101199292513,0.6939137934871855,0.05,66.83245704684906,0.0035728804649342,0.3572880464934233,6.0,8.002963962933954,True,3175,767,32.377095460891724,6.25
S039,9,3.8,34.2,2,4,5.0,4.5,10.0,18.0,180.0,0.5,0.25,0.35,0.5,0.175,0.35,17.29928709321277,17.06516915375435,2.620342091896445,14.86,3.43839541547278,0.35,3.0275840474916667,31.39477081852495,GM008,1.441101199292513,0.6939137934871855,0.05,18.30726030273417,0.0016351599253285,0.1635159925328534,7.0,3.4426829811740154,True,3141,768,31.98362874984741,5.97
S039,9,3.8,34.2,2,4,5.0,4.5,10.0,18.0,180.0,0.5,0.25,0.35,0.5,0.175,0.35,9.9961672381982,2.159835002951208,0.78163944801236,6.1,7.451564828614009,0.35,6.267985100144817,13.402087780712826,GM009,1.441101199292513,0.6939137934871855,0.05,31.96154183996029,0.0014656654581655,0.1465665458165587,2.0,3.5441265342652324,True,1342,769,14.90415644645691,5.0
S039,9,3.8,34.2,2,4,5.0,4.5,10.0,18.0,180.0,0.5,0.25,0.35,0.5,0.175,0.35,9.117930487349971,4.839859343819583,1.524764882114188,7.81,6.44361833952912,0.35,6.556380630993073,16.124252698347956,GM010,1.441101199292513,0.6939137934871855,0.05,4.774596347077194,0.0004809283099531,0.0480928309953185,2.0,4.189222493397879,True,1614,770,17.584020137786865,5.29
S039,9,3.8,34.2,2,4,5.0,4.5,10.0,18.0,180.0,0.5,0.25,0.35,0.5,0.175,0.5,103.78646459524916,102.46376148457,10.301907051473773,24.64,0.7695423248278656,0.5,0.8249428817678108,49.3671464622098,GM011,1.441101199292513,0.6939137934871855,0.05,1161.1929099381416,0.0474607864178333,4.746078641783334,3.0,28.43658270837715,True,4938,771,48.46147274971008,7.17
S039,9,3.8,34.2,2,4,5.0,4.5,10.0,18.0,180.0,0.5,0.25,0.35,0.5,0.175,0.5,43.81133529558346,12.508231190577826,6.522782124023682,15.68,2.1181384248210025,0.5,1.7530074828421631,33.50141695516064,GM012,1.441101199292513,0.6939137934871855,0.05,82.77326328942786,0.0046005374840361,0.4600537484036155,6.0,10.637346454927924,True,3352,772,33.98229622840881,6.36
S039,9,3.8,34.2,2,4,5.0,4.5,10.0,18.0,180.0,0.5,0.25,0.35,0.5,0.175,0.5,34.03908206278366,3.1295061607583845,2.746068006539613,10.64,2.182347235693501,0.5,2.9160861723349143,20.60583722265584,GM013,1.441101199292513,0.6939137934871855,0.05,56.23282820961728,0.0036471201473124,0.364712014731248,7.0,8.338156291797091,True,2062,773,22.15557074546814,5.86
S039,9,3.8,34.2,2,4,5.0,4.5,10.0,18.0,180.0,0.5,0.25,0.35,0.5,0.175,0.5,18.45533882580252,14.80201624834675,4.384404010019975,13.99,4.732510288065844,0.5,4.923044536737827,29.145557494343898,GM014,1.441101199292513,0.6939137934871855,0.05,52.17139208377617,0.0027577173080242,0.2757717308024222,2.0,5.838598860294609,True,2916,774,30.001461505889893,5.95
S039,9,3.8,34.2,2,4,5.0,4.5,10.0,18.0,180.0,0.5,0.25,0.35,0.5,0.175,0.5,19.24086715150233,12.420394041706963,2.841465779297746,12.25,9.361702127659576,0.5,7.245419023545791,23.4819579140368,GM015,1.441101199292513,0.6939137934871855,0.05,53.5577889927684,0.0023211642456418,0.2321164245641815,2.0,5.070261920496674,True,2350,775,24.762274026870728,5.81
S039,9,3.8,34.2,2,4,5.0,4.5,10.0,18.0,180.0,0.5,0.25,0.35,0.5,0.175,0.7,123.7595083309582,112.69968149869808,17.509930352017964,22.65,1.0585918266863614,0.7,1.0754391522554805,40.60105369611207,GM016,1.441101199292513,0.6939137934871855,0.05,510.13161173756913,0.0200643457946187,2.006434579461871,3.0,20.985026089662703,True,4062,776,40.68687176704407,7.46
S039,9,3.8,34.2,2,4,5.0,4.5,10.0,18.0,180.0,0.5,0.25,0.35,0.5,0.175,0.7,64.59644568791263,16.74792888475344,16.036406651915282,11.260000000000002,2.025630425795783,0.7,2.1262265800410804,24.174389942525263,GM017,1.441101199292513,0.6939137934871855,0.05,114.87997553334264,0.0074653368728388,0.7465336872838808,7.0,15.309813297495534,True,2419,777,25.043954133987427,6.67
S039,9,3.8,34.2,2,4,5.0,4.5,10.0,18.0,180.0,0.5,0.25,0.35,0.5,0.175,0.7,30.67798559089125,26.045018761285505,14.611557120426408,16.19,3.604923798358734,0.7,3.247999378380634,34.10290486983198,GM018,1.441101199292513,0.6939137934871855,0.05,14.32218015420843,0.0021428838886772,0.2142883888677215,8.0,4.150407185540551,True,3412,778,34.37741279602051,6.79
S039,9,3.8,34.2,2,4,5.0,4.5,10.0,18.0,180.0,0.5,0.25,0.35,0.5,0.175,0.7,17.921335956137025,5.130317972579734,6.759252886649012,13.25,6.394664574342879,0.7,6.485260383358972,25.47662859177758,GM019,1.441101199292513,0.6939137934871855,0.05,8.871792759283794,0.0007383166947637,0.0738316694763719,2.0,6.377650725310594,True,2549,779,26.94782018661499,6.09
S039,9,3.8,34.2,2,4,5.0,4.5,10.0,18.0,180.0,0.5,0.25,0.35,0.5,0.175,0.7,14.51176429983206,6.940468227237262,4.130353652872347,6.4,6.382978723404255,0.7,8.493225110568062,13.613849257253516,GM020,1.441101199292513,0.6939137934871855,0.05,11.247733594019124,0.0006400643561309,0.0640064356130936,2.0,7.314312398510706,True,1363,780,15.525513172149658,5.67
S040,7,3.2,22.4,2,3,4.5,4.5,9.0,13.5,121.5,0.4,0.16,0.4,0.55,0.22,0.2,33.724749953208224,18.949065402570785,1.346504539859263,25.38,0.7790077900779008,0.2,1.0621780831931538,48.76785766024791,GM001,0.8080590205660828,1.2375333664358497,0.05,95.41383016472584,0.0059858468703019,0.5985846870301973,2.0,5.408384620297292,True,4878,781,26.86198878288269,6.08
S040,7,3.2,22.4,2,3,4.5,4.5,9.0,13.5,121.5,0.4,0.16,0.4,0.55,0.22,0.2,13.524132183148598,14.789498876160662,0.9208366620409144,21.98,2.8521391043282462,0.2,2.5142460490278933,39.95245644502771,GM002,0.8080590205660828,1.2375333664358497,0.05,21.757359664222623,0.0013229815924478,0.1322981592447874,4.0,4.443242245292658,True,3997,782,21.55907940864563,5.68
S040,7,3.2,22.4,2,3,4.5,4.5,9.0,13.5,121.5,0.4,0.16,0.4,0.55,0.22,0.2,11.513141680876746,7.560542073809191,0.7826640027451861,11.06,3.1932093775262733,0.2,3.0757117330933914,24.728847742837488,GM003,0.8080590205660828,1.2375333664358497,0.05,21.018770469842995,0.0012564882253821,0.1256488225382169,4.0,4.809816692812691,True,2474,783,13.94466495513916,5.32
S040,7,3.2,22.4,2,3,4.5,4.5,9.0,13.5,121.5,0.4,0.16,0.4,0.55,0.22,0.2,6.672365414950108,6.719688458974504,0.8438217290766784,13.55,5.817068503635668,0.2,5.755012308403533,26.119346099127668,GM004,0.8080590205660828,1.2375333664358497,0.05,2.400096824075094,0.0003613259377808,0.0361325937780831,6.0,0.987983025173744,True,2613,784,14.51904559135437,5.34
S040,7,3.2,22.4,2,3,4.5,4.5,9.0,13.5,121.5,0.4,0.16,0.4,0.55,0.22,0.2,5.664267143843513,12.625830739792717,0.7212259538622585,13.420000000000002,7.066557107641742,0.2,6.636696742896389,24.32647834248529,GM005,0.8080590205660828,1.2375333664358497,0.05,2.307894890311552,0.0003221025554014,0.0322102555401419,3.0,1.9200026305803075,True,2434,785,13.567115783691406,5.24
S040,7,3.2,22.4,2,3,4.5,4.5,9.0,13.5,121.5,0.4,0.16,0.4,0.55,0.22,0.35,63.06773902376135,69.78490758023827,4.969633631354305,26.190000000000005,0.6795716639209225,0.35,0.8427860127280369,48.54687625368132,GM006,0.8080590205660828,1.2375333664358497,0.05,90.2250248026727,0.0059219501542222,0.5921950154222285,2.0,3.991809527487617,True,4856,786,26.27789855003357,6.75
S040,7,3.2,22.4,2,3,4.5,4.5,9.0,13.5,121.5,0.4,0.16,0.4,0.55,0.22,0.35,31.18213548288276,13.423292753085295,3.5964036829916104,17.450000000000003,2.1102362204724407,0.35,1.8966419472757068,31.732860248912687,GM007,0.8080590205660828,1.2375333664358497,0.05,123.2741309158597,0.0073104823043685,0.73104823043685,2.0,11.56280300971639,True,3175,787,17.95345902442932,6.25
S040,7,3.2,22.4,2,3,4.5,4.5,9.0,13.5,121.5,0.4,0.16,0.4,0.55,0.22,0.35,17.29928709321277,17.06516915375435,2.620342091896445,14.86,3.43839541547278,0.35,3.0275840474916667,31.39477081852495,GM008,0.8080590205660828,1.2375333664358497,0.05,24.830380447937948,0.0017919551788505,0.1791955178850533,5.0,7.877073911089031,True,3141,788,17.497562408447266,5.97
S040,7,3.2,22.4,2,3,4.5,4.5,9.0,13.5,121.5,0.4,0.16,0.4,0.55,0.22,0.35,9.9961672381982,2.159835002951208,0.78163944801236,6.1,7.451564828614009,0.35,6.267985100144817,13.402087780712826,GM009,0.8080590205660828,1.2375333664358497,0.05,6.548653134313036,0.0008841977854888,0.0884197785488847,2.0,3.0472460084989046,True,1342,789,7.433320999145508,5.0
S040,7,3.2,22.4,2,3,4.5,4.5,9.0,13.5,121.5,0.4,0.16,0.4,0.55,0.22,0.35,9.117930487349971,4.839859343819583,1.524764882114188,7.81,6.44361833952912,0.35,6.556380630993073,16.124252698347956,GM010,0.8080590205660828,1.2375333664358497,0.05,3.919451289064463,0.0007701696438612,0.0770169643861224,6.0,3.3583006101180164,True,1614,790,9.221531867980955,5.29
S040,7,3.2,22.4,2,3,4.5,4.5,9.0,13.5,121.5,0.4,0.16,0.4,0.55,0.22,0.5,103.78646459524916,102.46376148457,10.301907051473773,24.64,0.7695423248278656,0.5,0.8249428817678108,49.3671464622098,GM011,0.8080590205660828,1.2375333664358497,0.05,106.22149455897735,0.0069868007763539,0.6986800776353992,2.0,3.869223938244914,True,4938,791,26.806116819381717,7.17
S040,7,3.2,22.4,2,3,4.5,4.5,9.0,13.5,121.5,0.4,0.16,0.4,0.55,0.22,0.5,43.81133529558346,12.508231190577826,6.522782124023682,15.68,2.1181384248210025,0.5,1.7530074828421631,33.50141695516064,GM012,0.8080590205660828,1.2375333664358497,0.05,168.6902231088929,0.010160754345292,1.0160754345292098,2.0,18.14464726686084,True,3352,792,18.450430631637573,6.36
S040,7,3.2,22.4,2,3,4.5,4.5,9.0,13.5,121.5,0.4,0.16,0.4,0.55,0.22,0.5,34.03908206278366,3.1295061607583845,2.746068006539613,10.64,2.182347235693501,0.5,2.9160861723349143,20.60583722265584,GM013,0.8080590205660828,1.2375333664358497,0.05,58.05714027592293,0.0033441456208847,0.3344145620884753,4.0,9.638035850281662,True,2062,793,11.549428939819336,5.86
S040,7,3.2,22.4,2,3,4.5,4.5,9.0,13.5,121.5,0.4,0.16,0.4,0.55,0.22,0.5,18.45533882580252,14.80201624834675,4.384404010019975,13.99,4.732510288065844,0.5,4.923044536737827,29.145557494343898,GM014,0.8080590205660828,1.2375333664358497,0.05,13.998889472284109,0.0017882758574112,0.1788275857411237,6.0,7.481629366679785,True,2916,794,16.17866277694702,5.95
S040,7,3.2,22.4,2,3,4.5,4.5,9.0,13.5,121.5,0.4,0.16,0.4,0.55,0.22,0.5,19.24086715150233,12.420394041706963,2.841465779297746,12.25,9.361702127659576,0.5,7.245419023545791,23.4819579140368,GM015,0.8080590205660828,1.2375333664358497,0.05,8.557010894033846,0.0007791210509724,0.0779121050972425,2.0,4.559671168920221,True,2350,795,13.306027889251707,5.81
S040,7,3.2,22.4,2,3,4.5,4.5,9.0,13.5,121.5,0.4,0.16,0.4,0.55,0.22,0.7,123.7595083309582,112.69968149869808,17.509930352017964,22.65,1.0585918266863614,0.7,1.0754391522554805,40.60105369611207,GM016,0.8080590205660828,1.2375333664358497,0.05,377.3931592378578,0.0239346608752594,2.393466087525941,2.0,21.1554878807518,True,4062,796,22.18915581703186,7.46
S040,7,3.2,22.4,2,3,4.5,4.5,9.0,13.5,121.5,0.4,0.16,0.4,0.55,0.22,0.7,64.59644568791263,16.74792888475344,16.036406651915282,11.260000000000002,2.025630425795783,0.7,2.1262265800410804,24.174389942525263,GM017,0.8080590205660828,1.2375333664358497,0.05,225.35085489027665,0.0130960678975227,1.309606789752271,3.0,25.080465875618955,True,2419,797,13.448888063430786,6.67
S040,7,3.2,22.4,2,3,4.5,4.5,9.0,13.5,121.5,0.4,0.16,0.4,0.55,0.22,0.7,30.67798559089125,26.045018761285505,14.611557120426408,16.19,3.604923798358734,0.7,3.247999378380634,34.10290486983198,GM018,0.8080590205660828,1.2375333664358497,0.05,32.80076645328741,0.0036608324635197,0.3660832463519724,5.0,16.490195918801156,True,3412,798,19.050267219543457,6.79
S040,7,3.2,22.4,2,3,4.5,4.5,9.0,13.5,121.5,0.4,0.16,0.4,0.55,0.22,0.7,17.921335956137025,5.130317972579734,6.759252886649012,13.25,6.394664574342879,0.7,6.485260383358972,25.47662859177758,GM019,0.8080590205660828,1.2375333664358497,0.05,6.93737229788268,0.0010194668914884,0.1019466891488485,6.0,8.240634360337618,True,2549,799,14.30338716506958,6.09
S040,7,3.2,22.4,2,3,4.5,4.5,9.0,13.5,121.5,0.4,0.16,0.4,0.55,0.22,0.7,14.51176429983206,6.940468227237262,4.130353652872347,6.4,6.382978723404255,0.7,8.493225110568062,13.613849257253516,GM020,0.8080590205660828,1.2375333664358497,0.05,5.759099643216759,0.0007777272418093,0.0777727241809308,3.0,6.263532438314635,True,1363,800,7.952245712280273,5.67
S041,12,3.0,36.0,2,3,5.5,6.0,11.0,18.0,198.0,0.65,0.4225,0.25,0.6,0.15,0.2,33.724749953208224,18.949065402570785,1.346504539859263,25.38,0.7790077900779008,0.2,1.0621780831931538,48.76785766024791,GM001,2.413627957881865,0.414314060596801,0.05,399.1021027521241,0.0155691429117483,1.5569142911748388,4.0,11.535958935898208,True,4878,801,49.7239842414856,6.08
S041,12,3.0,36.0,2,3,5.5,6.0,11.0,18.0,198.0,0.65,0.4225,0.25,0.6,0.15,0.2,13.524132183148598,14.789498876160662,0.9208366620409144,21.98,2.8521391043282462,0.2,2.5142460490278933,39.95245644502771,GM002,2.413627957881865,0.414314060596801,0.05,30.80342723295069,0.001347061031165,0.1347061031165091,8.0,2.7800040406775124,True,3997,802,41.12363004684448,5.68
S041,12,3.0,36.0,2,3,5.5,6.0,11.0,18.0,198.0,0.65,0.4225,0.25,0.6,0.15,0.2,11.513141680876746,7.560542073809191,0.7826640027451861,11.06,3.1932093775262733,0.2,3.0757117330933914,24.728847742837488,GM003,2.413627957881865,0.414314060596801,0.05,10.16524731270509,0.0010252565849987,0.1025256584998702,9.0,2.2308065370259373,True,2474,803,26.822895050048828,5.32
S041,12,3.0,36.0,2,3,5.5,6.0,11.0,18.0,198.0,0.65,0.4225,0.25,0.6,0.15,0.2,6.672365414950108,6.719688458974504,0.8438217290766784,13.55,5.817068503635668,0.2,5.755012308403533,26.119346099127668,GM004,2.413627957881865,0.414314060596801,0.05,5.188284632867531,0.000314191823425,0.0314191823425067,2.0,2.5613711504526373,True,2613,804,28.00779819488525,5.34
S041,12,3.0,36.0,2,3,5.5,6.0,11.0,18.0,198.0,0.65,0.4225,0.25,0.6,0.15,0.2,5.664267143843513,12.625830739792717,0.7212259538622585,13.420000000000002,7.066557107641742,0.2,6.636696742896389,24.32647834248529,GM005,2.413627957881865,0.414314060596801,0.05,4.78564416178376,0.0002249021653719,0.0224902165371933,2.0,2.4999030437537897,True,2434,805,26.470643758773804,5.24
S041,12,3.0,36.0,2,3,5.5,6.0,11.0,18.0,198.0,0.65,0.4225,0.25,0.6,0.15,0.35,63.06773902376135,69.78490758023827,4.969633631354305,26.190000000000005,0.6795716639209225,0.35,0.8427860127280369,48.54687625368132,GM006,2.413627957881865,0.414314060596801,0.05,531.7276876595554,0.0210390031299956,2.1039003129995617,4.0,13.092362084309585,True,4856,806,49.864203691482544,6.75
S041,12,3.0,36.0,2,3,5.5,6.0,11.0,18.0,198.0,0.65,0.4225,0.25,0.6,0.15,0.35,31.18213548288276,13.423292753085295,3.5964036829916104,17.450000000000003,2.1102362204724407,0.35,1.8966419472757068,31.732860248912687,GM007,2.413627957881865,0.414314060596801,0.05,67.61234965804393,0.0030093232723089,0.300932327230899,8.0,7.479763868983682,True,3175,807,33.24434208869934,6.25
S041,12,3.0,36.0,2,3,5.5,6.0,11.0,18.0,198.0,0.65,0.4225,0.25,0.6,0.15,0.35,17.29928709321277,17.06516915375435,2.620342091896445,14.86,3.43839541547278,0.35,3.0275840474916667,31.39477081852495,GM008,2.413627957881865,0.414314060596801,0.05,18.52905405989638,0.001398272432555,0.1398272432555028,9.0,3.5355341740056367,True,3141,808,33.2605836391449,5.97
S041,12,3.0,36.0,2,3,5.5,6.0,11.0,18.0,198.0,0.65,0.4225,0.25,0.6,0.15,0.35,9.9961672381982,2.159835002951208,0.78163944801236,6.1,7.451564828614009,0.35,6.267985100144817,13.402087780712826,GM009,2.413627957881865,0.414314060596801,0.05,30.33824283328795,0.0013123033976183,0.1312303397618308,3.0,3.202276371247441,True,1342,809,15.632277727127075,5.0
S041,12,3.0,36.0,2,3,5.5,6.0,11.0,18.0,198.0,0.65,0.4225,0.25,0.6,0.15,0.35,9.117930487349971,4.839859343819583,1.524764882114188,7.81,6.44361833952912,0.35,6.556380630993073,16.124252698347956,GM010,2.413627957881865,0.414314060596801,0.05,5.481627865548481,0.0004670515250685,0.0467051525068581,2.0,4.230403935764056,True,1614,810,18.33435821533203,5.29
S041,12,3.0,36.0,2,3,5.5,6.0,11.0,18.0,198.0,0.65,0.4225,0.25,0.6,0.15,0.5,103.78646459524916,102.46376148457,10.301907051473773,24.64,0.7695423248278656,0.5,0.8249428817678108,49.3671464622098,GM011,2.413627957881865,0.414314060596801,0.05,905.2213626761924,0.0358169150716593,3.581691507165932,4.0,22.12960824175312,True,4938,811,50.41920709609985,7.17
S041,12,3.0,36.0,2,3,5.5,6.0,11.0,18.0,198.0,0.65,0.4225,0.25,0.6,0.15,0.5,43.81133529558346,12.508231190577826,6.522782124023682,15.68,2.1181384248210025,0.5,1.7530074828421631,33.50141695516064,GM012,2.413627957881865,0.414314060596801,0.05,79.31442600344896,0.0039093574871525,0.3909357487152542,8.0,10.185230657340934,True,3352,812,35.12877106666565,6.36
S041,12,3.0,36.0,2,3,5.5,6.0,11.0,18.0,198.0,0.65,0.4225,0.25,0.6,0.15,0.5,34.03908206278366,3.1295061607583845,2.746068006539613,10.64,2.182347235693501,0.5,2.9160861723349143,20.60583722265584,GM013,2.413627957881865,0.414314060596801,0.05,58.184213822675325,0.0032798866397823,0.3279886639782334,9.0,8.864154503619796,True,2062,813,22.972742319107056,5.86
S041,12,3.0,36.0,2,3,5.5,6.0,11.0,18.0,198.0,0.65,0.4225,0.25,0.6,0.15,0.5,18.45533882580252,14.80201624834675,4.384404010019975,13.99,4.732510288065844,0.5,4.923044536737827,29.145557494343898,GM014,2.413627957881865,0.414314060596801,0.05,45.60676173506236,0.0023281479938066,0.2328147993806617,3.0,5.325638161828025,True,2916,814,31.04747462272644,5.95
S041,12,3.0,36.0,2,3,5.5,6.0,11.0,18.0,198.0,0.65,0.4225,0.25,0.6,0.15,0.5,19.24086715150233,12.420394041706963,2.841465779297746,12.25,9.361702127659576,0.5,7.245419023545791,23.4819579140368,GM015,2.413627957881865,0.414314060596801,0.05,45.315571095463966,0.0018665704559131,0.1866570455913124,3.0,5.130705387596576,True,2350,815,25.47756600379944,5.81
S041,12,3.0,36.0,2,3,5.5,6.0,11.0,18.0,198.0,0.65,0.4225,0.25,0.6,0.15,0.7,123.7595083309582,112.69968149869808,17.509930352017964,22.65,1.0585918266863614,0.7,1.0754391522554805,40.60105369611207,GM016,2.413627957881865,0.414314060596801,0.05,572.8503883726866,0.0218702471301175,2.1870247130117577,4.0,23.7102990736712,True,4062,816,42.18865323066712,7.46
S041,12,3.0,36.0,2,3,5.5,6.0,11.0,18.0,198.0,0.65,0.4225,0.25,0.6,0.15,0.7,64.59644568791263,16.74792888475344,16.036406651915282,11.260000000000002,2.025630425795783,0.7,2.1262265800410804,24.174389942525263,GM017,2.413627957881865,0.414314060596801,0.05,115.62718933769882,0.0065967558641056,0.6596755864105668,9.0,15.254442431655736,True,2419,817,26.64512944221497,6.67
S041,12,3.0,36.0,2,3,5.5,6.0,11.0,18.0,198.0,0.65,0.4225,0.25,0.6,0.15,0.7,30.67798559089125,26.045018761285505,14.611557120426408,16.19,3.604923798358734,0.7,3.247999378380634,34.10290486983198,GM018,2.413627957881865,0.414314060596801,0.05,14.82281426879316,0.0019647458453007,0.1964745845300719,10.0,4.069078671319614,True,3412,818,38.0660138130188,6.79
S041,12,3.0,36.0,2,3,5.5,6.0,11.0,18.0,198.0,0.65,0.4225,0.25,0.6,0.15,0.7,17.921335956137025,5.130317972579734,6.759252886649012,13.25,6.394664574342879,0.7,6.485260383358972,25.47662859177758,GM019,2.413627957881865,0.414314060596801,0.05,9.68213394157386,0.0006582271274045,0.0658227127404538,2.0,6.659640458235757,True,2549,819,27.891016483306885,6.09
S041,12,3.0,36.0,2,3,5.5,6.0,11.0,18.0,198.0,0.65,0.4225,0.25,0.6,0.15,0.7,14.51176429983206,6.940468227237262,4.130353652872347,6.4,6.382978723404255,0.7,8.493225110568062,13.613849257253516,GM020,2.413627957881865,0.414314060596801,0.05,10.506254290595916,0.0005948404749071,0.0594840474907113,2.0,7.831998805398299,True,1363,820,16.00345540046692,5.67
S042,5,3.5,17.5,3,3,5.5,6.0,16.5,18.0,297.0,0.65,0.4225,0.3,0.55,0.165,0.2,33.724749953208224,18.949065402570785,1.346504539859263,25.38,0.7790077900779008,0.2,1.0621780831931538,48.76785766024791,GM001,0.8454888847887505,1.1827476599528033,0.05,27.9339916334485,0.0021772691106397,0.2177269110639721,2.0,1.7472626388554866,True,4878,821,33.42135143280029,6.08
S042,5,3.5,17.5,3,3,5.5,6.0,16.5,18.0,297.0,0.65,0.4225,0.3,0.55,0.165,0.2,13.524132183148598,14.789498876160662,0.9208366620409144,21.98,2.8521391043282462,0.2,2.5142460490278933,39.95245644502771,GM002,0.8454888847887505,1.1827476599528033,0.05,43.66804859981018,0.0032326337758146,0.3232633775814603,3.0,7.439164848808684,True,3997,822,27.83802318572998,5.68
S042,5,3.5,17.5,3,3,5.5,6.0,16.5,18.0,297.0,0.65,0.4225,0.3,0.55,0.165,0.2,11.513141680876746,7.560542073809191,0.7826640027451861,11.06,3.1932093775262733,0.2,3.0757117330933914,24.728847742837488,GM003,0.8454888847887505,1.1827476599528033,0.05,18.392766802527937,0.0013853117932085,0.1385311793208508,3.0,5.057836430943911,True,2474,823,17.39523482322693,5.32
S042,5,3.5,17.5,3,3,5.5,6.0,16.5,18.0,297.0,0.65,0.4225,0.3,0.55,0.165,0.2,6.672365414950108,6.719688458974504,0.8438217290766784,13.55,5.817068503635668,0.2,5.755012308403533,26.119346099127668,GM004,0.8454888847887505,1.1827476599528033,0.05,4.238595247948643,0.0006052229384872,0.0605222938487258,4.0,4.622572007923137,True,2613,824,17.713740825653076,5.34
S042,5,3.5,17.5,3,3,5.5,6.0,16.5,18.0,297.0,0.65,0.4225,0.3,0.55,0.165,0.2,5.664267143843513,12.625830739792717,0.7212259538622585,13.420000000000002,7.066557107641742,0.2,6.636696742896389,24.32647834248529,GM005,0.8454888847887505,1.1827476599528033,0.05,3.567506091941956,0.0004957891514809,0.0495789151480938,5.0,3.527194180901943,True,2434,825,16.963074445724487,5.24
S042,5,3.5,17.5,3,3,5.5,6.0,16.5,18.0,297.0,0.65,0.4225,0.3,0.55,0.165,0.35,63.06773902376135,69.78490758023827,4.969633631354305,26.190000000000005,0.6795716639209225,0.35,0.8427860127280369,48.54687625368132,GM006,0.8454888847887505,1.1827476599528033,0.05,35.43245371532722,0.0028017171286253,0.2801717128625364,2.0,1.5597953052150269,True,4856,826,33.048070430755615,6.75
S042,5,3.5,17.5,3,3,5.5,6.0,16.5,18.0,297.0,0.65,0.4225,0.3,0.55,0.165,0.35,31.18213548288276,13.423292753085295,3.5964036829916104,17.450000000000003,2.1102362204724407,0.35,1.8966419472757068,31.732860248912687,GM007,0.8454888847887505,1.1827476599528033,0.05,112.13931372887411,0.0083251228158791,0.8325122815879151,2.0,15.739842631252529,True,3175,827,21.409074783325195,6.25
S042,5,3.5,17.5,3,3,5.5,6.0,16.5,18.0,297.0,0.65,0.4225,0.3,0.55,0.165,0.35,17.29928709321277,17.06516915375435,2.620342091896445,14.86,3.43839541547278,0.35,3.0275840474916667,31.39477081852495,GM008,0.8454888847887505,1.1827476599528033,0.05,73.3213777604374,0.0054507970534045,0.5450797053404581,3.0,14.98460561788028,True,3141,828,27.948710441589355,5.97
S042,5,3.5,17.5,3,3,5.5,6.0,16.5,18.0,297.0,0.65,0.4225,0.3,0.55,0.165,0.35,9.9961672381982,2.159835002951208,0.78163944801236,6.1,7.451564828614009,0.35,6.267985100144817,13.402087780712826,GM009,0.8454888847887505,1.1827476599528033,0.05,7.755254322645714,0.0006902551467923,0.0690255146792329,4.0,5.512921499784773,True,1342,829,10.751282453536987,5.0
S042,5,3.5,17.5,3,3,5.5,6.0,16.5,18.0,297.0,0.65,0.4225,0.3,0.55,0.165,0.35,9.117930487349971,4.839859343819583,1.524764882114188,7.81,6.44361833952912,0.35,6.556380630993073,16.124252698347956,GM010,0.8454888847887505,1.1827476599528033,0.05,5.121128488823167,0.0008585404225725,0.0858540422572511,5.0,5.847565873626357,True,1614,830,12.053378105163574,5.29
S042,5,3.5,17.5,3,3,5.5,6.0,16.5,18.0,297.0,0.65,0.4225,0.3,0.55,0.165,0.5,103.78646459524916,102.46376148457,10.301907051473773,24.64,0.7695423248278656,0.5,0.8249428817678108,49.3671464622098,GM011,0.8454888847887505,1.1827476599528033,0.05,53.58585948337461,0.0041827627878703,0.4182762787870354,2.0,3.696545938124817,True,4938,831,37.16039991378784,7.17
S042,5,3.5,17.5,3,3,5.5,6.0,16.5,18.0,297.0,0.65,0.4225,0.3,0.55,0.165,0.5,43.81133529558346,12.508231190577826,6.522782124023682,15.68,2.1181384248210025,0.5,1.7530074828421631,33.50141695516064,GM012,0.8454888847887505,1.1827476599528033,0.05,179.25561725278553,0.0132731764933588,1.3273176493358807,2.0,24.20376499320929,True,3352,832,24.71267151832581,6.36
S042,5,3.5,17.5,3,3,5.5,6.0,16.5,18.0,297.0,0.65,0.4225,0.3,0.55,0.165,0.5,34.03908206278366,3.1295061607583845,2.746068006539613,10.64,2.182347235693501,0.5,2.9160861723349143,20.60583722265584,GM013,0.8454888847887505,1.1827476599528033,0.05,125.5149562271749,0.0092988920968861,0.9298892096886194,3.0,20.5727194050728,True,2062,833,15.468602418899536,5.86
S042,5,3.5,17.5,3,3,5.5,6.0,16.5,18.0,297.0,0.65,0.4225,0.3,0.55,0.165,0.5,18.45533882580252,14.80201624834675,4.384404010019975,13.99,4.732510288065844,0.5,4.923044536737827,29.145557494343898,GM014,0.8454888847887505,1.1827476599528033,0.05,14.850752893749224,0.0015309086851597,0.1530908685159718,4.0,10.735661530659325,True,2916,834,22.03997230529785,5.95
S042,5,3.5,17.5,3,3,5.5,6.0,16.5,18.0,297.0,0.65,0.4225,0.3,0.55,0.165,0.5,19.24086715150233,12.420394041706963,2.841465779297746,12.25,9.361702127659576,0.5,7.245419023545791,23.4819579140368,GM015,0.8454888847887505,1.1827476599528033,0.05,5.860239572974814,0.0005604703610807,0.0560470361080734,2.0,3.858936137302982,True,2350,835,17.69907546043396,5.81
S042,5,3.5,17.5,3,3,5.5,6.0,16.5,18.0,297.0,0.65,0.4225,0.3,0.55,0.165,0.7,123.7595083309582,112.69968149869808,17.509930352017964,22.65,1.0585918266863614,0.7,1.0754391522554805,40.60105369611207,GM016,0.8454888847887505,1.1827476599528033,0.05,103.14386071326358,0.0080007708320554,0.8000770832055467,2.0,6.171597678642572,True,4062,836,29.875216245651245,7.46
S042,5,3.5,17.5,3,3,5.5,6.0,16.5,18.0,297.0,0.65,0.4225,0.3,0.55,0.165,0.7,64.59644568791263,16.74792888475344,16.036406651915282,11.260000000000002,2.025630425795783,0.7,2.1262265800410804,24.174389942525263,GM017,0.8454888847887505,1.1827476599528033,0.05,342.61300630916406,0.0254679057601402,2.5467905760140246,2.0,49.41074299653751,True,2419,837,18.14042282104492,6.67
S042,5,3.5,17.5,3,3,5.5,6.0,16.5,18.0,297.0,0.65,0.4225,0.3,0.55,0.165,0.7,30.67798559089125,26.045018761285505,14.611557120426408,16.19,3.604923798358734,0.7,3.247999378380634,34.10290486983198,GM018,0.8454888847887505,1.1827476599528033,0.05,27.43028481749952,0.0021575016786652,0.2157501678665233,4.0,13.559262700783664,True,3412,838,25.007692337036133,6.79
S042,5,3.5,17.5,3,3,5.5,6.0,16.5,18.0,297.0,0.65,0.4225,0.3,0.55,0.165,0.7,17.921335956137025,5.130317972579734,6.759252886649012,13.25,6.394664574342879,0.7,6.485260383358972,25.47662859177758,GM019,0.8454888847887505,1.1827476599528033,0.05,6.658673971705723,0.0012390009617219,0.1239000961721902,5.0,7.999724370908302,True,2549,839,19.04080080986023,6.09
S042,5,3.5,17.5,3,3,5.5,6.0,16.5,18.0,297.0,0.65,0.4225,0.3,0.55,0.165,0.7,14.51176429983206,6.940468227237262,4.130353652872347,6.4,6.382978723404255,0.7,8.493225110568062,13.613849257253516,GM020,0.8454888847887505,1.1827476599528033,0.05,5.551953625032493,0.0014325778702286,0.1432577870228602,5.0,9.525615958843304,True,1363,840,10.240787029266356,5.67
S043,12,3.8,45.6,2,3,5.0,5.5,10.0,16.5,165.0,0.65,0.4225,0.3,0.55,0.165,0.2,33.724749953208224,18.949065402570785,1.346504539859263,25.38,0.7790077900779008,0.2,1.0621780831931538,48.76785766024791,GM001,2.1231603196998785,0.4709959915515734,0.05,356.8475330137383,0.0107360626687391,1.0736062668739197,4.0,9.235272397500488,True,4878,841,54.10151982307434,6.08
S043,12,3.8,45.6,2,3,5.0,5.5,10.0,16.5,165.0,0.65,0.4225,0.3,0.55,0.165,0.2,13.524132183148598,14.789498876160662,0.9208366620409144,21.98,2.8521391043282462,0.2,2.5142460490278933,39.95245644502771,GM002,2.1231603196998785,0.4709959915515734,0.05,22.797480450618707,0.0011107621497599,0.1110762149759964,9.0,2.4725950791058877,True,3997,842,45.24265432357788,5.68
S043,12,3.8,45.6,2,3,5.0,5.5,10.0,16.5,165.0,0.65,0.4225,0.3,0.55,0.165,0.2,11.513141680876746,7.560542073809191,0.7826640027451861,11.06,3.1932093775262733,0.2,3.0757117330933914,24.728847742837488,GM003,2.1231603196998785,0.4709959915515734,0.05,7.668276619834072,0.0007381191738608,0.0738119173860882,3.0,1.5886234762799627,True,2474,843,30.520016193389893,5.32
S043,12,3.8,45.6,2,3,5.0,5.5,10.0,16.5,165.0,0.65,0.4225,0.3,0.55,0.165,0.2,6.672365414950108,6.719688458974504,0.8438217290766784,13.55,5.817068503635668,0.2,5.755012308403533,26.119346099127668,GM004,2.1231603196998785,0.4709959915515734,0.05,6.212959253954981,0.0002405102859742,0.0240510285974236,2.0,2.426403381596438,True,2613,844,31.41752505302429,5.34
S043,12,3.8,45.6,2,3,5.0,5.5,10.0,16.5,165.0,0.65,0.4225,0.3,0.55,0.165,0.2,5.664267143843513,12.625830739792717,0.7212259538622585,13.420000000000002,7.066557107641742,0.2,6.636696742896389,24.32647834248529,GM005,2.1231603196998785,0.4709959915515734,0.05,5.7953991299295815,0.0002024030099054,0.0202403009905488,3.0,2.259253618011662,True,2434,845,29.635380268096924,5.24
S043,12,3.8,45.6,2,3,5.0,5.5,10.0,16.5,165.0,0.65,0.4225,0.3,0.55,0.165,0.35,63.06773902376135,69.78490758023827,4.969633631354305,26.190000000000005,0.6795716639209225,0.35,0.8427860127280369,48.54687625368132,GM006,2.1231603196998785,0.4709959915515734,0.05,670.6995589291816,0.0204563055698265,2.0456305569826583,4.0,13.947388969303567,True,4856,846,54.77280783653259,6.75
S043,12,3.8,45.6,2,3,5.0,5.5,10.0,16.5,165.0,0.65,0.4225,0.3,0.55,0.165,0.35,31.18213548288276,13.423292753085295,3.5964036829916104,17.450000000000003,2.1102362204724407,0.35,1.8966419472757068,31.732860248912687,GM007,2.1231603196998785,0.4709959915515734,0.05,65.46662620584128,0.003049815558785,0.3049815558785084,9.0,7.802029921910042,True,3175,847,37.20055866241455,6.25
S043,12,3.8,45.6,2,3,5.0,5.5,10.0,16.5,165.0,0.65,0.4225,0.3,0.55,0.165,0.35,17.29928709321277,17.06516915375435,2.620342091896445,14.86,3.43839541547278,0.35,3.0275840474916667,31.39477081852495,GM008,2.1231603196998785,0.4709959915515734,0.05,18.158198104114867,0.0012928627737174,0.1292862773717421,10.0,3.448439350046669,True,3141,848,35.86052107810974,5.97
S043,12,3.8,45.6,2,3,5.0,5.5,10.0,16.5,165.0,0.65,0.4225,0.3,0.55,0.165,0.35,9.9961672381982,2.159835002951208,0.78163944801236,6.1,7.451564828614009,0.35,6.267985100144817,13.402087780712826,GM009,2.1231603196998785,0.4709959915515734,0.05,32.906259855289726,0.0010260844896626,0.1026084489662642,5.0,3.5115077636078427,True,1342,849,17.308197736740112,5.0
S043,12,3.8,45.6,2,3,5.0,5.5,10.0,16.5,165.0,0.65,0.4225,0.3,0.55,0.165,0.35,9.117930487349971,4.839859343819583,1.524764882114188,7.81,6.44361833952912,0.35,6.556380630993073,16.124252698347956,GM010,2.1231603196998785,0.4709959915515734,0.05,4.796151442551601,0.0003477473006715,0.034774730067153,2.0,4.028426164360621,True,1614,850,19.798673629760746,5.29
S043,12,3.8,45.6,2,3,5.0,5.5,10.0,16.5,165.0,0.65,0.4225,0.3,0.55,0.165,0.5,103.78646459524916,102.46376148457,10.301907051473773,24.64,0.7695423248278656,0.5,0.8249428817678108,49.3671464622098,GM011,2.1231603196998785,0.4709959915515734,0.05,1239.8579017445427,0.0374251036344062,3.742510363440625,4.0,28.43984430423093,True,4938,851,55.81952261924744,7.17
S043,12,3.8,45.6,2,3,5.0,5.5,10.0,16.5,165.0,0.65,0.4225,0.3,0.55,0.165,0.5,43.81133529558346,12.508231190577826,6.522782124023682,15.68,2.1181384248210025,0.5,1.7530074828421631,33.50141695516064,GM012,2.1231603196998785,0.4709959915515734,0.05,88.790628588922,0.0041521622385583,0.415216223855833,9.0,11.024599199165309,True,3352,852,39.027159214019775,6.36
S043,12,3.8,45.6,2,3,5.0,5.5,10.0,16.5,165.0,0.65,0.4225,0.3,0.55,0.165,0.5,34.03908206278366,3.1295061607583845,2.746068006539613,10.64,2.182347235693501,0.5,2.9160861723349143,20.60583722265584,GM013,2.1231603196998785,0.4709959915515734,0.05,58.77967618015505,0.003184936425441,0.3184936425441038,9.0,8.457495845804603,True,2062,853,24.96550130844116,5.86
S043,12,3.8,45.6,2,3,5.0,5.5,10.0,16.5,165.0,0.65,0.4225,0.3,0.55,0.165,0.5,18.45533882580252,14.80201624834675,4.384404010019975,13.99,4.732510288065844,0.5,4.923044536737827,29.145557494343898,GM014,2.1231603196998785,0.4709959915515734,0.05,66.40538051257478,0.0024377757336673,0.2437775733667319,3.0,6.098525669462372,True,2916,854,33.66339874267578,5.95
S043,12,3.8,45.6,2,3,5.0,5.5,10.0,16.5,165.0,0.65,0.4225,0.3,0.55,0.165,0.5,19.24086715150233,12.420394041706963,2.841465779297746,12.25,9.361702127659576,0.5,7.245419023545791,23.4819579140368,GM015,2.1231603196998785,0.4709959915515734,0.05,77.45553578262266,0.0023890592252739,0.2389059225273916,3.0,4.899714802129632,True,2350,855,28.52859115600586,5.81
S043,12,3.8,45.6,2,3,5.0,5.5,10.0,16.5,165.0,0.65,0.4225,0.3,0.55,0.165,0.7,123.7595083309582,112.69968149869808,17.509930352017964,22.65,1.0585918266863614,0.7,1.0754391522554805,40.60105369611207,GM016,2.1231603196998785,0.4709959915515734,0.05,435.7222438394948,0.0128640297573097,1.2864029757309734,5.0,17.494837628439914,True,4062,856,45.60499143600464,7.46
S043,12,3.8,45.6,2,3,5.0,5.5,10.0,16.5,165.0,0.65,0.4225,0.3,0.55,0.165,0.7,64.59644568791263,16.74792888475344,16.036406651915282,11.260000000000002,2.025630425795783,0.7,2.1262265800410804,24.174389942525263,GM017,2.1231603196998785,0.4709959915515734,0.05,118.81978184127534,0.0059399389266986,0.5939938926698686,9.0,15.253731983832656,True,2419,857,28.38035726547241,6.67
S043,12,3.8,45.6,2,3,5.0,5.5,10.0,16.5,165.0,0.65,0.4225,0.3,0.55,0.165,0.7,30.67798559089125,26.045018761285505,14.611557120426408,16.19,3.604923798358734,0.7,3.247999378380634,34.10290486983198,GM018,2.1231603196998785,0.4709959915515734,0.05,14.729314533662716,0.001567114903375,0.1567114903375042,5.0,4.249313495958687,True,3412,858,39.2540488243103,6.79
S043,12,3.8,45.6,2,3,5.0,5.5,10.0,16.5,165.0,0.65,0.4225,0.3,0.55,0.165,0.7,17.921335956137025,5.130317972579734,6.759252886649012,13.25,6.394664574342879,0.7,6.485260383358972,25.47662859177758,GM019,2.1231603196998785,0.4709959915515734,0.05,8.250547456595028,0.0005963072088756,0.0596307208875607,2.0,6.489329552337011,True,2549,859,29.54831862449646,6.09
S043,12,3.8,45.6,2,3,5.0,5.5,10.0,16.5,165.0,0.65,0.4225,0.3,0.55,0.165,0.7,14.51176429983206,6.940468227237262,4.130353652872347,6.4,6.382978723404255,0.7,8.493225110568062,13.613849257253516,GM020,2.1231603196998785,0.4709959915515734,0.05,15.860567615323871,0.0005016251789701,0.0501625178970176,4.0,7.279174135138544,True,1363,860,17.25289487838745,5.67
S044,12,3.0,36.0,2,4,5.5,4.5,11.0,18.0,198.0,0.55,0.3025,0.3,0.4,0.12,0.2,33.724749953208224,18.949065402570785,1.346504539859263,25.38,0.7790077900779008,0.2,1.0621780831931538,48.76785766024791,GM001,1.8222727813182775,0.548765261848764,0.05,166.36365961892457,0.006289374349674,0.6289374349674031,6.0,5.074351689749115,True,4878,861,73.14306306838989,6.08
S044,12,3.0,36.0,2,4,5.5,4.5,11.0,18.0,198.0,0.55,0.3025,0.3,0.4,0.12,0.2,13.524132183148598,14.789498876160662,0.9208366620409144,21.98,2.8521391043282462,0.2,2.5142460490278933,39.95245644502771,GM002,1.8222727813182775,0.548765261848764,0.05,17.529490374698533,0.0018173685993277,0.1817368599327788,10.0,1.9181188932576156,True,3997,862,61.32074975967407,5.68
S044,12,3.0,36.0,2,4,5.5,4.5,11.0,18.0,198.0,0.55,0.3025,0.3,0.4,0.12,0.2,11.513141680876746,7.560542073809191,0.7826640027451861,11.06,3.1932093775262733,0.2,3.0757117330933914,24.728847742837488,GM003,1.8222727813182775,0.548765261848764,0.05,6.221963429551806,0.0009914677691196,0.0991467769119667,11.0,1.5841824679756775,True,2474,863,40.30000710487366,5.32
S044,12,3.0,36.0,2,4,5.5,4.5,11.0,18.0,198.0,0.55,0.3025,0.3,0.4,0.12,0.2,6.672365414950108,6.719688458974504,0.8438217290766784,13.55,5.817068503635668,0.2,5.755012308403533,26.119346099127668,GM004,1.8222727813182775,0.548765261848764,0.05,10.555341971204276,0.0004463748849688,0.0446374884968895,4.0,2.040373259461465,True,2613,864,42.046602964401245,5.34
S044,12,3.0,36.0,2,4,5.5,4.5,11.0,18.0,198.0,0.55,0.3025,0.3,0.4,0.12,0.2,5.664267143843513,12.625830739792717,0.7212259538622585,13.420000000000002,7.066557107641742,0.2,6.636696742896389,24.32647834248529,GM005,1.8222727813182775,0.548765261848764,0.05,5.44234628763877,0.0002988096884001,0.0298809688400152,2.0,1.9233787381953495,True,2434,865,40.131935119628906,5.24
S044,12,3.0,36.0,2,4,5.5,4.5,11.0,18.0,198.0,0.55,0.3025,0.3,0.4,0.12,0.35,63.06773902376135,69.78490758023827,4.969633631354305,26.190000000000005,0.6795716639209225,0.35,0.8427860127280369,48.54687625368132,GM006,1.8222727813182775,0.548765261848764,0.05,940.7065370163346,0.0367496731404851,3.6749673140485104,4.0,16.908800123352663,True,4856,866,73.80287384986877,6.75
S044,12,3.0,36.0,2,4,5.5,4.5,11.0,18.0,198.0,0.55,0.3025,0.3,0.4,0.12,0.35,31.18213548288276,13.423292753085295,3.5964036829916104,17.450000000000003,2.1102362204724407,0.35,1.8966419472757068,31.732860248912687,GM007,1.8222727813182775,0.548765261848764,0.05,49.82485248924456,0.0044157076587773,0.4415707658777392,9.0,4.961849040906398,True,3175,867,50.18096470832825,6.25
S044,12,3.0,36.0,2,4,5.5,4.5,11.0,18.0,198.0,0.55,0.3025,0.3,0.4,0.12,0.35,17.29928709321277,17.06516915375435,2.620342091896445,14.86,3.43839541547278,0.35,3.0275840474916667,31.39477081852495,GM008,1.8222727813182775,0.548765261848764,0.05,21.21840590800077,0.0024772883344855,0.2477288334485502,10.0,4.956509249543673,True,3141,868,49.83954095840454,5.97
S044,12,3.0,36.0,2,4,5.5,4.5,11.0,18.0,198.0,0.55,0.3025,0.3,0.4,0.12,0.35,9.9961672381982,2.159835002951208,0.78163944801236,6.1,7.451564828614009,0.35,6.267985100144817,13.402087780712826,GM009,1.8222727813182775,0.548765261848764,0.05,23.581851791291378,0.0010922890552382,0.1092289055238212,4.0,3.922141300117874,True,1342,869,24.6880476474762,5.0
S044,12,3.0,36.0,2,4,5.5,4.5,11.0,18.0,198.0,0.55,0.3025,0.3,0.4,0.12,0.35,9.117930487349971,4.839859343819583,1.524764882114188,7.81,6.44361833952912,0.35,6.556380630993073,16.124252698347956,GM010,1.8222727813182775,0.548765261848764,0.05,7.4462689589756605,0.0005187987078694,0.0518798707869475,2.0,3.2554349625203107,True,1614,870,28.5316059589386,5.29
S044,12,3.0,36.0,2,4,5.5,4.5,11.0,18.0,198.0,0.55,0.3025,0.3,0.4,0.12,0.5,103.78646459524916,102.46376148457,10.301907051473773,24.64,0.7695423248278656,0.5,0.8249428817678108,49.3671464622098,GM011,1.8222727813182775,0.548765261848764,0.05,799.3764793287264,0.0317934281618105,3.179342816181058,4.0,14.090788378612222,True,4938,871,74.20786762237549,7.17
S044,12,3.0,36.0,2,4,5.5,4.5,11.0,18.0,198.0,0.55,0.3025,0.3,0.4,0.12,0.5,43.81133529558346,12.508231190577826,6.522782124023682,15.68,2.1181384248210025,0.5,1.7530074828421631,33.50141695516064,GM012,1.8222727813182775,0.548765261848764,0.05,127.50588265892549,0.0077920569471596,0.7792056947159655,9.0,8.152480948960145,True,3352,872,52.19513940811157,6.36
S044,12,3.0,36.0,2,4,5.5,4.5,11.0,18.0,198.0,0.55,0.3025,0.3,0.4,0.12,0.5,34.03908206278366,3.1295061607583845,2.746068006539613,10.64,2.182347235693501,0.5,2.9160861723349143,20.60583722265584,GM013,1.8222727813182775,0.548765261848764,0.05,39.14354457613367,0.0050142294543574,0.5014229454357471,10.0,4.641300542794528,True,2062,873,34.726069688797,5.86
S044,12,3.0,36.0,2,4,5.5,4.5,11.0,18.0,198.0,0.55,0.3025,0.3,0.4,0.12,0.5,18.45533882580252,14.80201624834675,4.384404010019975,13.99,4.732510288065844,0.5,4.923044536737827,29.145557494343898,GM014,1.8222727813182775,0.548765261848764,0.05,34.49530450080051,0.0019189170804389,0.1918917080438997,3.0,5.971466077855819,True,2916,874,44.71957874298096,5.95
S044,12,3.0,36.0,2,4,5.5,4.5,11.0,18.0,198.0,0.55,0.3025,0.3,0.4,0.12,0.5,19.24086715150233,12.420394041706963,2.841465779297746,12.25,9.361702127659576,0.5,7.245419023545791,23.4819579140368,GM015,1.8222727813182775,0.548765261848764,0.05,147.10534596814017,0.0059964640418274,0.5996464041827431,4.0,5.852330040749844,True,2350,875,36.11542057991028,5.81
S044,12,3.0,36.0,2,4,5.5,4.5,11.0,18.0,198.0,0.55,0.3025,0.3,0.4,0.12,0.7,123.7595083309582,112.69968149869808,17.509930352017964,22.65,1.0585918266863614,0.7,1.0754391522554805,40.60105369611207,GM016,1.8222727813182775,0.548765261848764,0.05,437.5773016717972,0.016657576955205,1.6657576955205031,6.0,14.781762356815069,True,4062,876,58.32709097862244,7.46
S044,12,3.0,36.0,2,4,5.5,4.5,11.0,18.0,198.0,0.55,0.3025,0.3,0.4,0.12,0.7,64.59644568791263,16.74792888475344,16.036406651915282,11.260000000000002,2.025630425795783,0.7,2.1262265800410804,24.174389942525263,GM017,1.8222727813182775,0.548765261848764,0.05,145.5400944340616,0.0116690685325023,1.1669068532502374,9.0,15.99757223096968,True,2419,877,36.99230027198792,6.67
S044,12,3.0,36.0,2,4,5.5,4.5,11.0,18.0,198.0,0.55,0.3025,0.3,0.4,0.12,0.7,30.67798559089125,26.045018761285505,14.611557120426408,16.19,3.604923798358734,0.7,3.247999378380634,34.10290486983198,GM018,1.8222727813182775,0.548765261848764,0.05,22.426106982244452,0.0024259105990082,0.2425910599008277,6.0,8.5519232096905,True,3412,878,49.731067180633545,6.79
S044,12,3.0,36.0,2,4,5.5,4.5,11.0,18.0,198.0,0.55,0.3025,0.3,0.4,0.12,0.7,17.921335956137025,5.130317972579734,6.759252886649012,13.25,6.394664574342879,0.7,6.485260383358972,25.47662859177758,GM019,1.8222727813182775,0.548765261848764,0.05,12.7433266733678,0.0009167892785893,0.0916789278589306,2.0,6.938615558424482,True,2549,879,39.01450109481812,6.09
S044,12,3.0,36.0,2,4,5.5,4.5,11.0,18.0,198.0,0.55,0.3025,0.3,0.4,0.12,0.7,14.51176429983206,6.940468227237262,4.130353652872347,6.4,6.382978723404255,0.7,8.493225110568062,13.613849257253516,GM020,1.8222727813182775,0.548765261848764,0.05,12.4860503068813,0.0006767326179125,0.0676732617912582,2.0,6.365114524890861,True,1363,880,23.69941663742065,5.67
S045,10,3.2,32.0,3,3,5.0,5.5,15.0,16.5,247.5,0.5,0.25,0.4,0.5,0.2,0.2,33.724749953208224,18.949065402570785,1.346504539859263,25.38,0.7790077900779008,0.2,1.0621780831931538,48.76785766024791,GM001,1.2096761370863975,0.8266675429413534,0.05,181.18127153422276,0.0079831637364981,0.7983163736498112,3.0,7.83175312925054,True,4878,881,72.93952989578247,6.08
S045,10,3.2,32.0,3,3,5.0,5.5,15.0,16.5,247.5,0.5,0.25,0.4,0.5,0.2,0.2,13.524132183148598,14.789498876160662,0.9208366620409144,21.98,2.8521391043282462,0.2,2.5142460490278933,39.95245644502771,GM002,1.2096761370863975,0.8266675429413534,0.05,33.824761242785094,0.0017086376000609,0.1708637600060976,2.0,4.057540563028895,True,3997,882,60.38968205451965,5.68
S045,10,3.2,32.0,3,3,5.0,5.5,15.0,16.5,247.5,0.5,0.25,0.4,0.5,0.2,0.2,11.513141680876746,7.560542073809191,0.7826640027451861,11.06,3.1932093775262733,0.2,3.0757117330933914,24.728847742837488,GM003,1.2096761370863975,0.8266675429413534,0.05,15.426485625117616,0.0013670915840505,0.136709158405059,8.0,3.707584274443202,True,2474,883,39.77547645568848,5.32
S045,10,3.2,32.0,3,3,5.0,5.5,15.0,16.5,247.5,0.5,0.25,0.4,0.5,0.2,0.2,6.672365414950108,6.719688458974504,0.8438217290766784,13.55,5.817068503635668,0.2,5.755012308403533,26.119346099127668,GM004,1.2096761370863975,0.8266675429413534,0.05,5.561138597995486,0.0003947056806558,0.0394705680655876,2.0,2.6289265698990447,True,2613,884,41.27714419364929,5.34
S045,10,3.2,32.0,3,3,5.0,5.5,15.0,16.5,247.5,0.5,0.25,0.4,0.5,0.2,0.2,5.664267143843513,12.625830739792717,0.7212259538622585,13.420000000000002,7.066557107641742,0.2,6.636696742896389,24.32647834248529,GM005,1.2096761370863975,0.8266675429413534,0.05,4.807678366045932,0.0002810560063028,0.0281056006302894,2.0,2.624951779465684,True,2434,885,38.97611331939697,5.24
S045,10,3.2,32.0,3,3,5.0,5.5,15.0,16.5,247.5,0.5,0.25,0.4,0.5,0.2,0.35,63.06773902376135,69.78490758023827,4.969633631354305,26.190000000000005,0.6795716639209225,0.35,0.8427860127280369,48.54687625368132,GM006,1.2096761370863975,0.8266675429413534,0.05,269.46432582820506,0.0121955322628611,1.2195532262861182,3.0,8.330216106823345,True,4856,886,76.21507668495178,6.75
S045,10,3.2,32.0,3,3,5.0,5.5,15.0,16.5,247.5,0.5,0.25,0.4,0.5,0.2,0.35,31.18213548288276,13.423292753085295,3.5964036829916104,17.450000000000003,2.1102362204724407,0.35,1.8966419472757068,31.732860248912687,GM007,1.2096761370863975,0.8266675429413534,0.05,89.58642426395488,0.0037233106341728,0.3723310634172849,5.0,8.108955699131343,True,3175,887,53.0897798538208,6.25
S045,10,3.2,32.0,3,3,5.0,5.5,15.0,16.5,247.5,0.5,0.25,0.4,0.5,0.2,0.35,17.29928709321277,17.06516915375435,2.620342091896445,14.86,3.43839541547278,0.35,3.0275840474916667,31.39477081852495,GM008,1.2096761370863975,0.8266675429413534,0.05,19.36611320672099,0.0015620703831764,0.1562070383176441,7.0,4.908727128215544,True,3141,888,53.76107978820801,5.97
S045,10,3.2,32.0,3,3,5.0,5.5,15.0,16.5,247.5,0.5,0.25,0.4,0.5,0.2,0.35,9.9961672381982,2.159835002951208,0.78163944801236,6.1,7.451564828614009,0.35,6.267985100144817,13.402087780712826,GM009,1.2096761370863975,0.8266675429413534,0.05,13.30369642229441,0.0010073530183576,0.1007353018357696,3.0,2.419654674378223,True,1342,889,25.48341417312622,5.0
S045,10,3.2,32.0,3,3,5.0,5.5,15.0,16.5,247.5,0.5,0.25,0.4,0.5,0.2,0.35,9.117930487349971,4.839859343819583,1.524764882114188,7.81,6.44361833952912,0.35,6.556380630993073,16.124252698347956,GM010,1.2096761370863975,0.8266675429413534,0.05,5.639829989235323,0.0006208899709157,0.0620889970915784,2.0,4.324965763334583,True,1614,890,29.430386066436768,5.29
S045,10,3.2,32.0,3,3,5.0,5.5,15.0,16.5,247.5,0.5,0.25,0.4,0.5,0.2,0.5,103.78646459524916,102.46376148457,10.301907051473773,24.64,0.7695423248278656,0.5,0.8249428817678108,49.3671464622098,GM011,1.2096761370863975,0.8266675429413534,0.05,472.4439596544693,0.0214931132991153,2.149311329911537,3.0,15.84632690196901,True,4938,891,79.44599962234497,7.17
S045,10,3.2,32.0,3,3,5.0,5.5,15.0,16.5,247.5,0.5,0.25,0.4,0.5,0.2,0.5,43.81133529558346,12.508231190577826,6.522782124023682,15.68,2.1181384248210025,0.5,1.7530074828421631,33.50141695516064,GM012,1.2096761370863975,0.8266675429413534,0.05,104.06980743568684,0.0042648663817371,0.4264866381737182,5.0,10.529949469694465,True,3352,892,55.77332758903504,6.36
S045,10,3.2,32.0,3,3,5.0,5.5,15.0,16.5,247.5,0.5,0.25,0.4,0.5,0.2,0.5,34.03908206278366,3.1295061607583845,2.746068006539613,10.64,2.182347235693501,0.5,2.9160861723349143,20.60583722265584,GM013,1.2096761370863975,0.8266675429413534,0.05,73.03322259545004,0.0034951709847841,0.3495170984784137,6.0,10.520895102660257,True,2062,893,36.39773535728455,5.86
S045,10,3.2,32.0,3,3,5.0,5.5,15.0,16.5,247.5,0.5,0.25,0.4,0.5,0.2,0.5,18.45533882580252,14.80201624834675,4.384404010019975,13.99,4.732510288065844,0.5,4.923044536737827,29.145557494343898,GM014,1.2096761370863975,0.8266675429413534,0.05,17.405610056625278,0.0013289304129081,0.1328930412908146,2.0,4.293998752655799,True,2916,894,49.546263456344604,5.95
S045,10,3.2,32.0,3,3,5.0,5.5,15.0,16.5,247.5,0.5,0.25,0.4,0.5,0.2,0.5,19.24086715150233,12.420394041706963,2.841465779297746,12.25,9.361702127659576,0.5,7.245419023545791,23.4819579140368,GM015,1.2096761370863975,0.8266675429413534,0.05,18.84997869832943,0.0011165156723324,0.1116515672332466,2.0,5.163564379506561,True,2350,895,40.3542628288269,5.81
S045,10,3.2,32.0,3,3,5.0,5.5,15.0,16.5,247.5,0.5,0.25,0.4,0.5,0.2,0.7,123.7595083309582,112.69968149869808,17.509930352017964,22.65,1.0585918266863614,0.7,1.0754391522554805,40.60105369611207,GM016,1.2096761370863975,0.8266675429413534,0.05,1159.8725028148742,0.051133501587818,5.113350158781806,3.0,49.682164626040105,True,4062,896,66.25874924659729,7.46
S045,10,3.2,32.0,3,3,5.0,5.5,15.0,16.5,247.5,0.5,0.25,0.4,0.5,0.2,0.7,64.59644568791263,16.74792888475344,16.036406651915282,11.260000000000002,2.025630425795783,0.7,2.1262265800410804,24.174389942525263,GM017,1.2096761370863975,0.8266675429413534,0.05,132.77075068489754,0.0058321240800154,0.5832124080015407,4.0,16.43949732705077,True,2419,897,54.22133278846741,6.67
S045,10,3.2,32.0,3,3,5.0,5.5,15.0,16.5,247.5,0.5,0.25,0.4,0.5,0.2,0.7,30.67798559089125,26.045018761285505,14.611557120426408,16.19,3.604923798358734,0.7,3.247999378380634,34.10290486983198,GM018,1.2096761370863975,0.8266675429413534,0.05,18.01482157147645,0.0029590746962255,0.295907469622552,2.0,6.926486195952877,True,3412,898,88.87210845947266,6.79
S045,10,3.2,32.0,3,3,5.0,5.5,15.0,16.5,247.5,0.5,0.25,0.4,0.5,0.2,0.7,17.921335956137025,5.130317972579734,6.759252886649012,13.25,6.394664574342879,0.7,6.485260383358972,25.47662859177758,GM019,1.2096761370863975,0.8266675429413534,0.05,6.36824529801958,0.0008286866900773,0.0828686690077324,2.0,7.089075135602485,True,2549,899,67.07605528831482,6.09
S045,10,3.2,32.0,3,3,5.0,5.5,15.0,16.5,247.5,0.5,0.25,0.4,0.5,0.2,0.7,14.51176429983206,6.940468227237262,4.130353652872347,6.4,6.382978723404255,0.7,8.493225110568062,13.613849257253516,GM020,1.2096761370863975,0.8266675429413534,0.05,6.770463288229298,0.000719767051664,0.0719767051664036,2.0,8.739773311505953,True,1363,900,41.17417883872986,5.67
S046,5,3.0,15.0,3,2,4.0,4.0,12.0,8.0,96.0,0.4,0.16,0.3,0.45,0.135,0.2,33.724749953208224,18.949065402570785,1.346504539859263,25.38,0.7790077900779008,0.2,1.0621780831931538,48.76785766024791,GM001,0.5884382065040018,1.699413785418774,0.05,14.793458016759043,0.0014199442456118,0.1419944245611869,2.0,0.9680263453385288,True,4878,901,21.513839960098267,6.08
S046,5,3.0,15.0,3,2,4.0,4.0,12.0,8.0,96.0,0.4,0.16,0.3,0.45,0.135,0.2,13.524132183148598,14.789498876160662,0.9208366620409144,21.98,2.8521391043282462,0.2,2.5142460490278933,39.95245644502771,GM002,0.5884382065040018,1.699413785418774,0.05,45.22531271812495,0.0041256059795415,0.4125605979541588,2.0,9.379591609412545,True,3997,902,13.688475370407104,5.68
S046,5,3.0,15.0,3,2,4.0,4.0,12.0,8.0,96.0,0.4,0.16,0.3,0.45,0.135,0.2,11.513141680876746,7.560542073809191,0.7826640027451861,11.06,3.1932093775262733,0.2,3.0757117330933914,24.728847742837488,GM003,0.5884382065040018,1.699413785418774,0.05,23.17968025024296,0.0021020980192001,0.2102098019200195,2.0,6.361594999684576,True,2474,903,8.65107536315918,5.32
S046,5,3.0,15.0,3,2,4.0,4.0,12.0,8.0,96.0,0.4,0.16,0.3,0.45,0.135,0.2,6.672365414950108,6.719688458974504,0.8438217290766784,13.55,5.817068503635668,0.2,5.755012308403533,26.119346099127668,GM004,0.5884382065040018,1.699413785418774,0.05,4.320572186268,0.000512718824513,0.0512718824513022,4.0,4.199626583708374,True,2613,904,8.761170387268066,5.34
S046,5,3.0,15.0,3,2,4.0,4.0,12.0,8.0,96.0,0.4,0.16,0.3,0.45,0.135,0.2,5.664267143843513,12.625830739792717,0.7212259538622585,13.420000000000002,7.066557107641742,0.2,6.636696742896389,24.32647834248529,GM005,0.5884382065040018,1.699413785418774,0.05,5.061059648070509,0.0006306839308223,0.0630683930822314,4.0,4.306628589643003,True,2434,905,8.402138948440552,5.24
S046,5,3.0,15.0,3,2,4.0,4.0,12.0,8.0,96.0,0.4,0.16,0.3,0.45,0.135,0.35,63.06773902376135,69.78490758023827,4.969633631354305,26.190000000000005,0.6795716639209225,0.35,0.8427860127280369,48.54687625368132,GM006,0.5884382065040018,1.699413785418774,0.05,21.74865947888162,0.0021107982621756,0.2110798262175605,2.0,1.2931451929227915,True,4856,906,16.385578155517578,6.75
S046,5,3.0,15.0,3,2,4.0,4.0,12.0,8.0,96.0,0.4,0.16,0.3,0.45,0.135,0.35,31.18213548288276,13.423292753085295,3.5964036829916104,17.450000000000003,2.1102362204724407,0.35,1.8966419472757068,31.732860248912687,GM007,0.5884382065040018,1.699413785418774,0.05,101.31134512856532,0.0093396292330407,0.9339629233040744,2.0,17.435821788198606,True,3175,907,10.748202800750732,6.25
S046,5,3.0,15.0,3,2,4.0,4.0,12.0,8.0,96.0,0.4,0.16,0.3,0.45,0.135,0.35,17.29928709321277,17.06516915375435,2.620342091896445,14.86,3.43839541547278,0.35,3.0275840474916667,31.39477081852495,GM008,0.5884382065040018,1.699413785418774,0.05,42.6610132741356,0.0039008033096818,0.3900803309681892,2.0,10.744391461797443,True,3141,908,10.60473132133484,5.97
S046,5,3.0,15.0,3,2,4.0,4.0,12.0,8.0,96.0,0.4,0.16,0.3,0.45,0.135,0.35,9.9961672381982,2.159835002951208,0.78163944801236,6.1,7.451564828614009,0.35,6.267985100144817,13.402087780712826,GM009,0.5884382065040018,1.699413785418774,0.05,7.907109997277537,0.0007537878117398,0.0753787811739834,3.0,5.633967964725507,True,1342,909,4.683571577072144,5.0
S046,5,3.0,15.0,3,2,4.0,4.0,12.0,8.0,96.0,0.4,0.16,0.3,0.45,0.135,0.35,9.117930487349971,4.839859343819583,1.524764882114188,7.81,6.44361833952912,0.35,6.556380630993073,16.124252698347956,GM010,0.5884382065040018,1.699413785418774,0.05,5.662282987157904,0.000858995526598,0.0858995526598042,4.0,6.744241761715672,True,1614,910,5.677419900894165,5.29
S046,5,3.0,15.0,3,2,4.0,4.0,12.0,8.0,96.0,0.4,0.16,0.3,0.45,0.135,0.5,103.78646459524916,102.46376148457,10.301907051473773,24.64,0.7695423248278656,0.5,0.8249428817678108,49.3671464622098,GM011,0.5884382065040018,1.699413785418774,0.05,35.82376626549053,0.0034548699428324,0.3454869942832461,2.0,2.815034697472195,True,4938,911,16.492666959762573,7.17
S046,5,3.0,15.0,3,2,4.0,4.0,12.0,8.0,96.0,0.4,0.16,0.3,0.45,0.135,0.5,43.81133529558346,12.508231190577826,6.522782124023682,15.68,2.1181384248210025,0.5,1.7530074828421631,33.50141695516064,GM012,0.5884382065040018,1.699413785418774,0.05,145.24729300057646,0.0134628643815581,1.3462864381558155,2.0,24.874854926190487,True,3352,912,11.336543083190918,6.36
S046,5,3.0,15.0,3,2,4.0,4.0,12.0,8.0,96.0,0.4,0.16,0.3,0.45,0.135,0.5,34.03908206278366,3.1295061607583845,2.746068006539613,10.64,2.182347235693501,0.5,2.9160861723349143,20.60583722265584,GM013,0.5884382065040018,1.699413785418774,0.05,129.23721319492745,0.0118129456254934,1.1812945625493425,2.0,26.26614049934472,True,2062,913,7.026025056838989,5.86
S046,5,3.0,15.0,3,2,4.0,4.0,12.0,8.0,96.0,0.4,0.16,0.3,0.45,0.135,0.5,18.45533882580252,14.80201624834675,4.384404010019975,13.99,4.732510288065844,0.5,4.923044536737827,29.145557494343898,GM014,0.5884382065040018,1.699413785418774,0.05,15.919178456724495,0.0014831047075911,0.1483104707591168,3.0,10.93922861313534,True,2916,914,10.002920866012571,5.95
S046,5,3.0,15.0,3,2,4.0,4.0,12.0,8.0,96.0,0.4,0.16,0.3,0.45,0.135,0.5,19.24086715150233,12.420394041706963,2.841465779297746,12.25,9.361702127659576,0.5,7.245419023545791,23.4819579140368,GM015,0.5884382065040018,1.699413785418774,0.05,5.058610573999848,0.0006456082824467,0.0645608282446787,4.0,4.319936301845057,True,2350,915,7.954233646392822,5.81
S046,5,3.0,15.0,3,2,4.0,4.0,12.0,8.0,96.0,0.4,0.16,0.3,0.45,0.135,0.7,123.7595083309582,112.69968149869808,17.509930352017964,22.65,1.0585918266863614,0.7,1.0754391522554805,40.60105369611207,GM016,0.5884382065040018,1.699413785418774,0.05,59.02826060766935,0.005608702675267,0.5608702675267083,2.0,4.438671107652448,True,4062,916,13.726596355438232,7.46
S046,5,3.0,15.0,3,2,4.0,4.0,12.0,8.0,96.0,0.4,0.16,0.3,0.45,0.135,0.7,64.59644568791263,16.74792888475344,16.036406651915282,11.260000000000002,2.025630425795783,0.7,2.1262265800410804,24.174389942525263,GM017,0.5884382065040018,1.699413785418774,0.05,193.80163918840117,0.0178475735243129,1.784757352431294,2.0,35.027473920515185,True,2419,917,8.23640251159668,6.67
S046,5,3.0,15.0,3,2,4.0,4.0,12.0,8.0,96.0,0.4,0.16,0.3,0.45,0.135,0.7,30.67798559089125,26.045018761285505,14.611557120426408,16.19,3.604923798358734,0.7,3.247999378380634,34.10290486983198,GM018,0.5884382065040018,1.699413785418774,0.05,33.12545895416031,0.0028633071313461,0.2863307131346184,3.0,15.632105576584143,True,3412,918,11.46939492225647,6.79
S046,5,3.0,15.0,3,2,4.0,4.0,12.0,8.0,96.0,0.4,0.16,0.3,0.45,0.135,0.7,17.921335956137025,5.130317972579734,6.759252886649012,13.25,6.394664574342879,0.7,6.485260383358972,25.47662859177758,GM019,0.5884382065040018,1.699413785418774,0.05,7.884661426569522,0.0013984725025507,0.1398472502550731,4.0,9.792741856407597,True,2549,919,9.067894697189333,6.09
S046,5,3.0,15.0,3,2,4.0,4.0,12.0,8.0,96.0,0.4,0.16,0.3,0.45,0.135,0.7,14.51176429983206,6.940468227237262,4.130353652872347,6.4,6.382978723404255,0.7,8.493225110568062,13.613849257253516,GM020,0.5884382065040018,1.699413785418774,0.05,6.3347073798582665,0.0014540716931258,0.1454071693125863,4.0,12.139446446442829,True,1363,920,4.655986547470093,5.67
S047,8,3.2,25.6,3,4,4.0,6.0,12.0,24.0,288.0,0.45,0.2025,0.4,0.5,0.2,0.2,33.724749953208224,18.949065402570785,1.346504539859263,25.38,0.7790077900779008,0.2,1.0621780831931538,48.76785766024791,GM001,1.083229611311378,0.9231653100669778,0.05,173.71680593716684,0.009394750980258,0.9394750980258076,2.0,8.480715665572186,True,4878,921,90.29967784881592,6.08
S047,8,3.2,25.6,3,4,4.0,6.0,12.0,24.0,288.0,0.45,0.2025,0.4,0.5,0.2,0.2,13.524132183148598,14.789498876160662,0.9208366620409144,21.98,2.8521391043282462,0.2,2.5142460490278933,39.95245644502771,GM002,1.083229611311378,0.9231653100669778,0.05,26.404566263967045,0.0015400750874924,0.1540075087492452,5.0,4.588358628888135,True,3997,922,70.50910139083862,5.68
S047,8,3.2,25.6,3,4,4.0,6.0,12.0,24.0,288.0,0.45,0.2025,0.4,0.5,0.2,0.2,11.513141680876746,7.560542073809191,0.7826640027451861,11.06,3.1932093775262733,0.2,3.0757117330933914,24.728847742837488,GM003,1.083229611311378,0.9231653100669778,0.05,17.485529101184135,0.0014563551908397,0.1456355190839733,6.0,4.589881593447448,True,2474,923,45.8951723575592,5.32
S047,8,3.2,25.6,3,4,4.0,6.0,12.0,24.0,288.0,0.45,0.2025,0.4,0.5,0.2,0.2,6.672365414950108,6.719688458974504,0.8438217290766784,13.55,5.817068503635668,0.2,5.755012308403533,26.119346099127668,GM004,1.083229611311378,0.9231653100669778,0.05,3.3885030670569782,0.0003664838255416,0.0366483825541698,4.0,1.7319833581066408,True,2613,924,48.06863069534302,5.34
S047,8,3.2,25.6,3,4,4.0,6.0,12.0,24.0,288.0,0.45,0.2025,0.4,0.5,0.2,0.2,5.664267143843513,12.625830739792717,0.7212259538622585,13.420000000000002,7.066557107641742,0.2,6.636696742896389,24.32647834248529,GM005,1.083229611311378,0.9231653100669778,0.05,3.9371855827886906,0.0002972349492674,0.0297234949267498,4.0,2.252439212480935,True,2434,925,44.91875171661377,5.24
S047,8,3.2,25.6,3,4,4.0,6.0,12.0,24.0,288.0,0.45,0.2025,0.4,0.5,0.2,0.35,63.06773902376135,69.78490758023827,4.969633631354305,26.190000000000005,0.6795716639209225,0.35,0.8427860127280369,48.54687625368132,GM006,1.083229611311378,0.9231653100669778,0.05,282.1894490850792,0.0156844894536882,1.5684489453688295,2.0,10.99701112250928,True,4856,926,85.18963980674744,6.75
S047,8,3.2,25.6,3,4,4.0,6.0,12.0,24.0,288.0,0.45,0.2025,0.4,0.5,0.2,0.35,31.18213548288276,13.423292753085295,3.5964036829916104,17.450000000000003,2.1102362204724407,0.35,1.8966419472757068,31.732860248912687,GM007,1.083229611311378,0.9231653100669778,0.05,155.098699503823,0.0079624009985478,0.7962400998547812,3.0,12.582308579573684,True,3175,927,56.91932058334351,6.25
S047,8,3.2,25.6,3,4,4.0,6.0,12.0,24.0,288.0,0.45,0.2025,0.4,0.5,0.2,0.35,17.29928709321277,17.06516915375435,2.620342091896445,14.86,3.43839541547278,0.35,3.0275840474916667,31.39477081852495,GM008,1.083229611311378,0.9231653100669778,0.05,22.921931910881653,0.002292899437166,0.2292899437166025,6.0,7.138864605314203,True,3141,928,56.018296241760254,5.97
S047,8,3.2,25.6,3,4,4.0,6.0,12.0,24.0,288.0,0.45,0.2025,0.4,0.5,0.2,0.35,9.9961672381982,2.159835002951208,0.78163944801236,6.1,7.451564828614009,0.35,6.267985100144817,13.402087780712826,GM009,1.083229611311378,0.9231653100669778,0.05,7.652674799888627,0.0010182623796801,0.1018262379680124,2.0,2.2796093922822727,True,1342,929,33.58704948425293,5.0
S047,8,3.2,25.6,3,4,4.0,6.0,12.0,24.0,288.0,0.45,0.2025,0.4,0.5,0.2,0.35,9.117930487349971,4.839859343819583,1.524764882114188,7.81,6.44361833952912,0.35,6.556380630993073,16.124252698347956,GM010,1.083229611311378,0.9231653100669778,0.05,4.341033812230831,0.0006111682606302,0.0611168260630237,2.0,3.918964309267732,True,1614,930,48.39859747886658,5.29
S047,8,3.2,25.6,3,4,4.0,6.0,12.0,24.0,288.0,0.45,0.2025,0.4,0.5,0.2,0.5,103.78646459524916,102.46376148457,10.301907051473773,24.64,0.7695423248278656,0.5,0.8249428817678108,49.3671464622098,GM011,1.083229611311378,0.9231653100669778,0.05,234.46065515643008,0.0132679346032124,1.3267934603212403,2.0,7.842578641273636,True,4938,931,124.76099109649658,7.17
S047,8,3.2,25.6,3,4,4.0,6.0,12.0,24.0,288.0,0.45,0.2025,0.4,0.5,0.2,0.5,43.81133529558346,12.508231190577826,6.522782124023682,15.68,2.1181384248210025,0.5,1.7530074828421631,33.50141695516064,GM012,1.083229611311378,0.9231653100669778,0.05,134.12703386980863,0.0070044324889556,0.7004432488955693,3.0,11.519910326256737,True,3352,932,93.82701325416564,6.36
S047,8,3.2,25.6,3,4,4.0,6.0,12.0,24.0,288.0,0.45,0.2025,0.4,0.5,0.2,0.5,34.03908206278366,3.1295061607583845,2.746068006539613,10.64,2.182347235693501,0.5,2.9160861723349143,20.60583722265584,GM013,1.083229611311378,0.9231653100669778,0.05,85.94819033729303,0.0044432400567499,0.4443240056749974,4.0,10.449083043799757,True,2062,933,60.26952028274536,5.86
S047,8,3.2,25.6,3,4,4.0,6.0,12.0,24.0,288.0,0.45,0.2025,0.4,0.5,0.2,0.5,18.45533882580252,14.80201624834675,4.384404010019975,13.99,4.732510288065844,0.5,4.923044536737827,29.145557494343898,GM014,1.083229611311378,0.9231653100669778,0.05,14.6034333625968,0.0016062736883748,0.1606273688374894,7.0,5.300504521558822,True,2916,934,93.42832469940186,5.95
S047,8,3.2,25.6,3,4,4.0,6.0,12.0,24.0,288.0,0.45,0.2025,0.4,0.5,0.2,0.5,19.24086715150233,12.420394041706963,2.841465779297746,12.25,9.361702127659576,0.5,7.245419023545791,23.4819579140368,GM015,1.083229611311378,0.9231653100669778,0.05,13.598697263678536,0.0008608803330775,0.0860880333077558,2.0,5.13962043462322,True,2350,935,70.87920713424683,5.81
S047,8,3.2,25.6,3,4,4.0,6.0,12.0,24.0,288.0,0.45,0.2025,0.4,0.5,0.2,0.7,123.7595083309582,112.69968149869808,17.509930352017964,22.65,1.0585918266863614,0.7,1.0754391522554805,40.60105369611207,GM016,1.083229611311378,0.9231653100669778,0.05,652.4096703284947,0.0356702112831946,3.5670211283194684,2.0,31.4626822175988,True,4062,936,107.10993218421936,7.46
S047,8,3.2,25.6,3,4,4.0,6.0,12.0,24.0,288.0,0.45,0.2025,0.4,0.5,0.2,0.7,64.59644568791263,16.74792888475344,16.036406651915282,11.260000000000002,2.025630425795783,0.7,2.1262265800410804,24.174389942525263,GM017,1.083229611311378,0.9231653100669778,0.05,199.7207639997521,0.0103926168593526,1.0392616859352677,3.0,19.453808797518825,True,2419,937,70.0809473991394,6.67
S047,8,3.2,25.6,3,4,4.0,6.0,12.0,24.0,288.0,0.45,0.2025,0.4,0.5,0.2,0.7,30.67798559089125,26.045018761285505,14.611557120426408,16.19,3.604923798358734,0.7,3.247999378380634,34.10290486983198,GM018,1.083229611311378,0.9231653100669778,0.05,27.674733920103257,0.004485174662408,0.4485174662408024,6.0,12.670878622373396,True,3412,938,97.21658730506896,6.79
S047,8,3.2,25.6,3,4,4.0,6.0,12.0,24.0,288.0,0.45,0.2025,0.4,0.5,0.2,0.7,17.921335956137025,5.130317972579734,6.759252886649012,13.25,6.394664574342879,0.7,6.485260383358972,25.47662859177758,GM019,1.083229611311378,0.9231653100669778,0.05,6.849106085576997,0.0012029100778322,0.1202910077832207,2.0,7.655923249846722,True,2549,939,73.32071828842163,6.09
S047,8,3.2,25.6,3,4,4.0,6.0,12.0,24.0,288.0,0.45,0.2025,0.4,0.5,0.2,0.7,14.51176429983206,6.940468227237262,4.130353652872347,6.4,6.382978723404255,0.7,8.493225110568062,13.613849257253516,GM020,1.083229611311378,0.9231653100669778,0.05,5.99593290724398,0.0007630350140441,0.0763035014044188,2.0,8.710616434002434,True,1363,940,43.88149547576904,5.67
S048,6,3.2,19.200000000000003,2,4,5.0,6.0,10.0,24.0,240.0,0.4,0.16,0.25,0.5,0.125,0.2,33.724749953208224,18.949065402570785,1.346504539859263,25.38,0.7790077900779008,0.2,1.0621780831931538,48.76785766024791,GM001,1.6029348764972189,0.6238556629232686,0.05,198.49339287134967,0.0142803655267588,1.4280365526758865,2.0,8.240804956336687,True,4878,941,52.0608389377594,6.08
S048,6,3.2,19.200000000000003,2,4,5.0,6.0,10.0,24.0,240.0,0.4,0.16,0.25,0.5,0.125,0.2,13.524132183148598,14.789498876160662,0.9208366620409144,21.98,2.8521391043282462,0.2,2.5142460490278933,39.95245644502771,GM002,1.6029348764972189,0.6238556629232686,0.05,32.1408031756847,0.0027406762665213,0.2740676266521315,2.0,3.971841711880145,True,3997,942,41.615283489227295,5.68
S048,6,3.2,19.200000000000003,2,4,5.0,6.0,10.0,24.0,240.0,0.4,0.16,0.25,0.5,0.125,0.2,11.513141680876746,7.560542073809191,0.7826640027451861,11.06,3.1932093775262733,0.2,3.0757117330933914,24.728847742837488,GM003,1.6029348764972189,0.6238556629232686,0.05,14.25785436602493,0.0021041568392793,0.2104156839279367,5.0,3.438898243611191,True,2474,943,30.07926750183105,5.32
S048,6,3.2,19.200000000000003,2,4,5.0,6.0,10.0,24.0,240.0,0.4,0.16,0.25,0.5,0.125,0.2,6.672365414950108,6.719688458974504,0.8438217290766784,13.55,5.817068503635668,0.2,5.755012308403533,26.119346099127668,GM004,1.6029348764972189,0.6238556629232686,0.05,5.5558658077548,0.0004997995773207,0.0499799577320717,1.0,2.314376948138916,True,2613,944,31.513614654541016,5.34
S048,6,3.2,19.200000000000003,2,4,5.0,6.0,10.0,24.0,240.0,0.4,0.16,0.25,0.5,0.125,0.2,5.664267143843513,12.625830739792717,0.7212259538622585,13.420000000000002,7.066557107641742,0.2,6.636696742896389,24.32647834248529,GM005,1.6029348764972189,0.6238556629232686,0.05,4.656540126192743,0.000398432014086,0.0398432014086059,2.0,2.397605586082687,True,2434,945,29.08324193954468,5.24
S048,6,3.2,19.200000000000003,2,4,5.0,6.0,10.0,24.0,240.0,0.4,0.16,0.25,0.5,0.125,0.35,63.06773902376135,69.78490758023827,4.969633631354305,26.190000000000005,0.6795716639209225,0.35,0.8427860127280369,48.54687625368132,GM006,1.6029348764972189,0.6238556629232686,0.05,267.8649825522877,0.0198790646072973,1.9879064607297383,2.0,7.985525128075987,True,4856,946,56.50858235359192,6.75
S048,6,3.2,19.200000000000003,2,4,5.0,6.0,10.0,24.0,240.0,0.4,0.16,0.25,0.5,0.125,0.35,31.18213548288276,13.423292753085295,3.5964036829916104,17.450000000000003,2.1102362204724407,0.35,1.8966419472757068,31.732860248912687,GM007,1.6029348764972189,0.6238556629232686,0.05,84.3555716802654,0.00581571433259,0.5815714332590095,3.0,7.765200993301602,True,3175,947,36.59954500198364,6.25
S048,6,3.2,19.200000000000003,2,4,5.0,6.0,10.0,24.0,240.0,0.4,0.16,0.25,0.5,0.125,0.35,17.29928709321277,17.06516915375435,2.620342091896445,14.86,3.43839541547278,0.35,3.0275840474916667,31.39477081852495,GM008,1.6029348764972189,0.6238556629232686,0.05,18.34347553510981,0.0024081829876512,0.240818298765124,5.0,4.672503441661147,True,3141,948,36.907625675201416,5.97
S048,6,3.2,19.200000000000003,2,4,5.0,6.0,10.0,24.0,240.0,0.4,0.16,0.25,0.5,0.125,0.35,9.9961672381982,2.159835002951208,0.78163944801236,6.1,7.451564828614009,0.35,6.267985100144817,13.402087780712826,GM009,1.6029348764972189,0.6238556629232686,0.05,14.285963004508888,0.0015881842438501,0.1588184243850169,2.0,2.582982730748168,True,1342,949,18.20778512954712,5.0
S048,6,3.2,19.200000000000003,2,4,5.0,6.0,10.0,24.0,240.0,0.4,0.16,0.25,0.5,0.125,0.35,9.117930487349971,4.839859343819583,1.524764882114188,7.81,6.44361833952912,0.35,6.556380630993073,16.124252698347956,GM010,1.6029348764972189,0.6238556629232686,0.05,6.08829162652972,0.0007528437427228,0.0752843742722876,1.0,3.999168406775462,True,1614,950,21.90660834312439,5.29
S048,6,3.2,19.200000000000003,2,4,5.0,6.0,10.0,24.0,240.0,0.4,0.16,0.25,0.5,0.125,0.5,103.78646459524916,102.46376148457,10.301907051473773,24.64,0.7695423248278656,0.5,0.8249428817678108,49.3671464622098,GM011,1.6029348764972189,0.6238556629232686,0.05,471.8052813888634,0.0346515582277637,3.465155822776379,2.0,16.459236303791393,True,4938,951,62.17235016822815,7.17
S048,6,3.2,19.200000000000003,2,4,5.0,6.0,10.0,24.0,240.0,0.4,0.16,0.25,0.5,0.125,0.5,43.81133529558346,12.508231190577826,6.522782124023682,15.68,2.1181384248210025,0.5,1.7530074828421631,33.50141695516064,GM012,1.6029348764972189,0.6238556629232686,0.05,96.39084804648007,0.0065734830297977,0.6573483029797792,3.0,10.159274815269136,True,3352,952,40.35416221618652,6.36
S048,6,3.2,19.200000000000003,2,4,5.0,6.0,10.0,24.0,240.0,0.4,0.16,0.25,0.5,0.125,0.5,34.03908206278366,3.1295061607583845,2.746068006539613,10.64,2.182347235693501,0.5,2.9160861723349143,20.60583722265584,GM013,1.6029348764972189,0.6238556629232686,0.05,69.20064772174416,0.0055027861703154,0.5502786170315465,4.0,10.127598020856018,True,2062,953,25.200714588165283,5.86
S048,6,3.2,19.200000000000003,2,4,5.0,6.0,10.0,24.0,240.0,0.4,0.16,0.25,0.5,0.125,0.5,18.45533882580252,14.80201624834675,4.384404010019975,13.99,4.732510288065844,0.5,4.923044536737827,29.145557494343898,GM014,1.6029348764972189,0.6238556629232686,0.05,17.59560276435582,0.0021291077676311,0.2129107767631187,2.0,4.296142610243429,True,2916,954,36.20469403266907,5.95
S048,6,3.2,19.200000000000003,2,4,5.0,6.0,10.0,24.0,240.0,0.4,0.16,0.25,0.5,0.125,0.5,19.24086715150233,12.420394041706963,2.841465779297746,12.25,9.361702127659576,0.5,7.245419023545791,23.4819579140368,GM015,1.6029348764972189,0.6238556629232686,0.05,19.61026879193455,0.0017144022287895,0.1714402228789556,2.0,5.204641540595469,True,2350,955,27.98102211952209,5.81
S048,6,3.2,19.200000000000003,2,4,5.0,6.0,10.0,24.0,240.0,0.4,0.16,0.25,0.5,0.125,0.7,123.7595083309582,112.69968149869808,17.509930352017964,22.65,1.0585918266863614,0.7,1.0754391522554805,40.60105369611207,GM016,1.6029348764972189,0.6238556629232686,0.05,1149.5716905084655,0.0828473404919298,8.28473404919298,2.0,47.26442939559311,True,4062,956,51.45469546318054,7.46
S048,6,3.2,19.200000000000003,2,4,5.0,6.0,10.0,24.0,240.0,0.4,0.16,0.25,0.5,0.125,0.7,64.59644568791263,16.74792888475344,16.036406651915282,11.260000000000002,2.025630425795783,0.7,2.1262265800410804,24.174389942525263,GM017,1.6029348764972189,0.6238556629232686,0.05,127.09999881980148,0.0092147771475477,0.9214777147547784,3.0,15.700113273397989,True,2419,957,32.59352731704712,6.67
S048,6,3.2,19.200000000000003,2,4,5.0,6.0,10.0,24.0,240.0,0.4,0.16,0.25,0.5,0.125,0.7,30.67798559089125,26.045018761285505,14.611557120426408,16.19,3.604923798358734,0.7,3.247999378380634,34.10290486983198,GM018,1.6029348764972189,0.6238556629232686,0.05,16.752290131703628,0.0042230043772989,0.4223004377298915,2.0,6.6380968824096565,True,3412,958,38.819785356521606,6.79
S048,6,3.2,19.200000000000003,2,4,5.0,6.0,10.0,24.0,240.0,0.4,0.16,0.25,0.5,0.125,0.7,17.921335956137025,5.130317972579734,6.759252886649012,13.25,6.394664574342879,0.7,6.485260383358972,25.47662859177758,GM019,1.6029348764972189,0.6238556629232686,0.05,6.313144136185319,0.0011485696713402,0.1148569671340252,2.0,7.079072378855879,True,2549,959,30.3254451751709,6.09
S048,6,3.2,19.200000000000003,2,4,5.0,6.0,10.0,24.0,240.0,0.4,0.16,0.25,0.5,0.125,0.7,14.51176429983206,6.940468227237262,4.130353652872347,6.4,6.382978723404255,0.7,8.493225110568062,13.613849257253516,GM020,1.6029348764972189,0.6238556629232686,0.05,6.802998891414147,0.0009224505105027,0.0922450510502775,1.0,8.201223783082261,True,1363,960,16.69175672531128,5.67
S049,10,3.0,30.0,4,4,5.0,4.0,20.0,16.0,320.0,0.55,0.3025,0.4,0.4,0.16,0.2,33.724749953208224,18.949065402570785,1.346504539859263,25.38,0.7790077900779008,0.2,1.0621780831931538,48.76785766024791,GM001,1.135748215238929,0.880476840361689,0.05,328.0798983594713,0.0155904270378162,1.5590427037816268,3.0,11.141564070827348,True,4878,961,209.94003319740293,6.08
S049,10,3.0,30.0,4,4,5.0,4.0,20.0,16.0,320.0,0.55,0.3025,0.4,0.4,0.16,0.2,13.524132183148598,14.789498876160662,0.9208366620409144,21.98,2.8521391043282462,0.2,2.5142460490278933,39.95245644502771,GM002,1.135748215238929,0.880476840361689,0.05,36.45598944306752,0.0018998214562393,0.1899821456239315,3.0,3.38190906586894,True,3997,962,200.11762499809265,5.68
S049,10,3.0,30.0,4,4,5.0,4.0,20.0,16.0,320.0,0.55,0.3025,0.4,0.4,0.16,0.2,11.513141680876746,7.560542073809191,0.7826640027451861,11.06,3.1932093775262733,0.2,3.0757117330933914,24.728847742837488,GM003,1.135748215238929,0.880476840361689,0.05,14.694021059277132,0.0017034691030199,0.1703469103019972,8.0,3.383036945754593,True,2474,963,140.04186463356018,5.32
S049,10,3.0,30.0,4,4,5.0,4.0,20.0,16.0,320.0,0.55,0.3025,0.4,0.4,0.16,0.2,6.672365414950108,6.719688458974504,0.8438217290766784,13.55,5.817068503635668,0.2,5.755012308403533,26.119346099127668,GM004,1.135748215238929,0.880476840361689,0.05,4.840181703467381,0.0004532137114251,0.0453213711425157,2.0,2.9541257284742373,True,2613,964,142.57652711868286,5.34
S049,10,3.0,30.0,4,4,5.0,4.0,20.0,16.0,320.0,0.55,0.3025,0.4,0.4,0.16,0.2,5.664267143843513,12.625830739792717,0.7212259538622585,13.420000000000002,7.066557107641742,0.2,6.636696742896389,24.32647834248529,GM005,1.135748215238929,0.880476840361689,0.05,5.04877095102746,0.0002924118807439,0.029241188074394,2.0,2.8492620051163,True,2434,965,135.33460450172424,5.24
S049,10,3.0,30.0,4,4,5.0,4.0,20.0,16.0,320.0,0.55,0.3025,0.4,0.4,0.16,0.35,63.06773902376135,69.78490758023827,4.969633631354305,26.190000000000005,0.6795716639209225,0.35,0.8427860127280369,48.54687625368132,GM006,1.135748215238929,0.880476840361689,0.05,464.921648412196,0.0226803458425313,2.26803458425314,3.0,12.144665760043578,True,4856,966,253.14582014083865,6.75
S049,10,3.0,30.0,4,4,5.0,4.0,20.0,16.0,320.0,0.55,0.3025,0.4,0.4,0.16,0.35,31.18213548288276,13.423292753085295,3.5964036829916104,17.450000000000003,2.1102362204724407,0.35,1.8966419472757068,31.732860248912687,GM007,1.135748215238929,0.880476840361689,0.05,72.7934206567951,0.0035182479494358,0.3518247949435893,6.0,7.533416705705446,True,3175,967,167.5756847858429,6.25
S049,10,3.0,30.0,4,4,5.0,4.0,20.0,16.0,320.0,0.55,0.3025,0.4,0.4,0.16,0.35,17.29928709321277,17.06516915375435,2.620342091896445,14.86,3.43839541547278,0.35,3.0275840474916667,31.39477081852495,GM008,1.135748215238929,0.880476840361689,0.05,18.988210068940425,0.0017662893129636,0.1766289312963694,8.0,3.481489111793973,True,3141,968,166.86448192596436,5.97
S049,10,3.0,30.0,4,4,5.0,4.0,20.0,16.0,320.0,0.55,0.3025,0.4,0.4,0.16,0.35,9.9961672381982,2.159835002951208,0.78163944801236,6.1,7.451564828614009,0.35,6.267985100144817,13.402087780712826,GM009,1.135748215238929,0.880476840361689,0.05,19.424158051422094,0.0012141183959762,0.1214118395976261,2.0,3.0047544768541528,True,1342,969,84.1390974521637,5.0
S049,10,3.0,30.0,4,4,5.0,4.0,20.0,16.0,320.0,0.55,0.3025,0.4,0.4,0.16,0.35,9.117930487349971,4.839859343819583,1.524764882114188,7.81,6.44361833952912,0.35,6.556380630993073,16.124252698347956,GM010,1.135748215238929,0.880476840361689,0.05,7.68042467411404,0.0006701470459276,0.067014704592767,2.0,4.801596801839514,True,1614,970,94.17791557312012,5.29
S049,10,3.0,30.0,4,4,5.0,4.0,20.0,16.0,320.0,0.55,0.3025,0.4,0.4,0.16,0.5,103.78646459524916,102.46376148457,10.301907051473773,24.64,0.7695423248278656,0.5,0.8249428817678108,49.3671464622098,GM011,1.135748215238929,0.880476840361689,0.05,522.8000936076395,0.0256898772759747,2.568987727597476,3.0,14.647484398636156,True,4938,971,232.5382978916168,7.17
S049,10,3.0,30.0,4,4,5.0,4.0,20.0,16.0,320.0,0.55,0.3025,0.4,0.4,0.16,0.5,43.81133529558346,12.508231190577826,6.522782124023682,15.68,2.1181384248210025,0.5,1.7530074828421631,33.50141695516064,GM012,1.135748215238929,0.880476840361689,0.05,77.58097381367396,0.004018044749737,0.4018044749737003,6.0,9.923912421658647,True,3352,972,167.13615703582764,6.36
S049,10,3.0,30.0,4,4,5.0,4.0,20.0,16.0,320.0,0.55,0.3025,0.4,0.4,0.16,0.5,34.03908206278366,3.1295061607583845,2.746068006539613,10.64,2.182347235693501,0.5,2.9160861723349143,20.60583722265584,GM013,1.135748215238929,0.880476840361689,0.05,66.37661675367853,0.0042450108976652,0.4245010897665285,7.0,10.318807563918211,True,2062,973,113.0124807357788,5.86
S049,10,3.0,30.0,4,4,5.0,4.0,20.0,16.0,320.0,0.55,0.3025,0.4,0.4,0.16,0.5,18.45533882580252,14.80201624834675,4.384404010019975,13.99,4.732510288065844,0.5,4.923044536737827,29.145557494343898,GM014,1.135748215238929,0.880476840361689,0.05,24.379752592916528,0.0021419193115277,0.2141919311527726,3.0,4.676997696458054,True,2916,974,149.0934886932373,5.95
S049,10,3.0,30.0,4,4,5.0,4.0,20.0,16.0,320.0,0.55,0.3025,0.4,0.4,0.16,0.5,19.24086715150233,12.420394041706963,2.841465779297746,12.25,9.361702127659576,0.5,7.245419023545791,23.4819579140368,GM015,1.135748215238929,0.880476840361689,0.05,28.02924907092092,0.001660476435485,0.1660476435485046,3.0,5.160062650806939,True,2350,975,126.91188907623292,5.81
S049,10,3.0,30.0,4,4,5.0,4.0,20.0,16.0,320.0,0.55,0.3025,0.4,0.4,0.16,0.7,123.7595083309582,112.69968149869808,17.509930352017964,22.65,1.0585918266863614,0.7,1.0754391522554805,40.60105369611207,GM016,1.135748215238929,0.880476840361689,0.05,963.7487348633414,0.0454691329898516,4.546913298985164,3.0,36.90709122818927,True,4062,976,199.17826557159424,7.46
S049,10,3.0,30.0,4,4,5.0,4.0,20.0,16.0,320.0,0.55,0.3025,0.4,0.4,0.16,0.7,64.59644568791263,16.74792888475344,16.036406651915282,11.260000000000002,2.025630425795783,0.7,2.1262265800410804,24.174389942525263,GM017,1.135748215238929,0.880476840361689,0.05,123.0174508875209,0.0079273473349249,0.7927347334924948,7.0,18.02363148055441,True,2419,977,510.6841342449188,6.67
S049,10,3.0,30.0,4,4,5.0,4.0,20.0,16.0,320.0,0.55,0.3025,0.4,0.4,0.16,0.7,30.67798559089125,26.045018761285505,14.611557120426408,16.19,3.604923798358734,0.7,3.247999378380634,34.10290486983198,GM018,1.135748215238929,0.880476840361689,0.05,16.821709235768,0.0029742481109852,0.2974248110985217,8.0,5.594016694823496,True,3412,978,188.36153435707087,6.79
S049,10,3.0,30.0,4,4,5.0,4.0,20.0,16.0,320.0,0.55,0.3025,0.4,0.4,0.16,0.7,17.921335956137025,5.130317972579734,6.759252886649012,13.25,6.394664574342879,0.7,6.485260383358972,25.47662859177758,GM019,1.135748215238929,0.880476840361689,0.05,7.512699011500552,0.0007902275435108,0.0790227543510824,3.0,7.11312817269534,True,2549,979,135.47027230262756,6.09
S049,10,3.0,30.0,4,4,5.0,4.0,20.0,16.0,320.0,0.55,0.3025,0.4,0.4,0.16,0.7,14.51176429983206,6.940468227237262,4.130353652872347,6.4,6.382978723404255,0.7,8.493225110568062,13.613849257253516,GM020,1.135748215238929,0.880476840361689,0.05,8.196538152365468,0.0007306592176967,0.0730659217696723,2.0,8.726435125647214,True,1363,980,82.1067943572998,5.67
S050,15,3.2,48.0,3,2,6.0,5.0,18.0,10.0,180.0,0.6,0.36,0.4,0.55,0.22,0.2,33.724749953208224,18.949065402570785,1.346504539859263,25.38,0.7790077900779008,0.2,1.0621780831931538,48.76785766024791,GM001,1.9216557065203943,0.5203845811749146,0.05,214.6881558955164,0.0060699981235485,0.6069998123548522,5.0,6.130288919973919,True,4878,981,114.54791283607484,6.08
S050,15,3.2,48.0,3,2,6.0,5.0,18.0,10.0,180.0,0.6,0.36,0.4,0.55,0.22,0.2,13.524132183148598,14.789498876160662,0.9208366620409144,21.98,2.8521391043282462,0.2,2.5142460490278933,39.95245644502771,GM002,1.9216557065203943,0.5203845811749146,0.05,19.54786401640724,0.0010385949130665,0.1038594913066505,12.0,1.8686834339839655,True,3997,982,92.590749502182,5.68
S050,15,3.2,48.0,3,2,6.0,5.0,18.0,10.0,180.0,0.6,0.36,0.4,0.55,0.22,0.2,11.513141680876746,7.560542073809191,0.7826640027451861,11.06,3.1932093775262733,0.2,3.0757117330933914,24.728847742837488,GM003,1.9216557065203943,0.5203845811749146,0.05,6.866335259104106,0.0007615869696567,0.0761586969656791,4.0,1.7568954281388611,True,2474,983,60.87864708900452,5.32
S050,15,3.2,48.0,3,2,6.0,5.0,18.0,10.0,180.0,0.6,0.36,0.4,0.55,0.22,0.2,6.672365414950108,6.719688458974504,0.8438217290766784,13.55,5.817068503635668,0.2,5.755012308403533,26.119346099127668,GM004,1.9216557065203943,0.5203845811749146,0.05,4.998380756750588,0.0002701184323003,0.027011843230038,2.0,1.919935823102611,True,2613,984,63.56655144691467,5.34
S050,15,3.2,48.0,3,2,6.0,5.0,18.0,10.0,180.0,0.6,0.36,0.4,0.55,0.22,0.2,5.664267143843513,12.625830739792717,0.7212259538622585,13.420000000000002,7.066557107641742,0.2,6.636696742896389,24.32647834248529,GM005,1.9216557065203943,0.5203845811749146,0.05,6.536192805911848,0.0002578138953125,0.0257813895312567,2.0,1.8757670000414672,True,2434,985,621.9886817932129,5.24
S050,15,3.2,48.0,3,2,6.0,5.0,18.0,10.0,180.0,0.6,0.36,0.4,0.55,0.22,0.35,63.06773902376135,69.78490758023827,4.969633631354305,26.190000000000005,0.6795716639209225,0.35,0.8427860127280369,48.54687625368132,GM006,1.9216557065203943,0.5203845811749146,0.05,1178.4739471721184,0.0349071901422743,3.490719014227435,4.0,21.68139491563265,True,4856,986,67.60091662406921,6.75
S050,15,3.2,48.0,3,2,6.0,5.0,18.0,10.0,180.0,0.6,0.36,0.4,0.55,0.22,0.35,31.18213548288276,13.423292753085295,3.5964036829916104,17.450000000000003,2.1102362204724407,0.35,1.8966419472757068,31.732860248912687,GM007,1.9216557065203943,0.5203845811749146,0.05,54.87004889896324,0.0031544311396773,0.315443113967733,11.0,6.09649689074547,True,3175,987,47.3698673248291,6.25
S050,15,3.2,48.0,3,2,6.0,5.0,18.0,10.0,180.0,0.6,0.36,0.4,0.55,0.22,0.35,17.29928709321277,17.06516915375435,2.620342091896445,14.86,3.43839541547278,0.35,3.0275840474916667,31.39477081852495,GM008,1.9216557065203943,0.5203845811749146,0.05,21.245393625824843,0.0017598639966342,0.1759863996634244,12.0,5.038914145791749,True,3141,988,44.79980254173279,5.97
S050,15,3.2,48.0,3,2,6.0,5.0,18.0,10.0,180.0,0.6,0.36,0.4,0.55,0.22,0.35,9.9961672381982,2.159835002951208,0.78163944801236,6.1,7.451564828614009,0.35,6.267985100144817,13.402087780712826,GM009,1.9216557065203943,0.5203845811749146,0.05,30.93705989622324,0.0010540056342454,0.1054005634245448,3.0,3.805342009212737,True,1342,989,24.078392505645752,5.0
S050,15,3.2,48.0,3,2,6.0,5.0,18.0,10.0,180.0,0.6,0.36,0.4,0.55,0.22,0.35,9.117930487349971,4.839859343819583,1.524764882114188,7.81,6.44361833952912,0.35,6.556380630993073,16.124252698347956,GM010,1.9216557065203943,0.5203845811749146,0.05,5.185773558914381,0.0004212905404606,0.0421290540460684,2.0,3.2267394966618004,True,1614,990,27.57296895980835,5.29
S050,15,3.2,48.0,3,2,6.0,5.0,18.0,10.0,180.0,0.6,0.36,0.4,0.55,0.22,0.5,103.78646459524916,102.46376148457,10.301907051473773,24.64,0.7695423248278656,0.5,0.8249428817678108,49.3671464622098,GM011,1.9216557065203943,0.5203845811749146,0.05,899.4691113640552,0.0263092795260613,2.6309279526061364,4.0,18.23190394461949,True,4938,991,70.51509475708008,7.17
S050,15,3.2,48.0,3,2,6.0,5.0,18.0,10.0,180.0,0.6,0.36,0.4,0.55,0.22,0.5,43.81133529558346,12.508231190577826,6.522782124023682,15.68,2.1181384248210025,0.5,1.7530074828421631,33.50141695516064,GM012,1.9216557065203943,0.5203845811749146,0.05,91.96261235798076,0.004754086212561,0.4754086212561047,11.0,9.562648730402548,True,3352,992,49.61527156829834,6.36
S050,15,3.2,48.0,3,2,6.0,5.0,18.0,10.0,180.0,0.6,0.36,0.4,0.55,0.22,0.5,34.03908206278366,3.1295061607583845,2.746068006539613,10.64,2.182347235693501,0.5,2.9160861723349143,20.60583722265584,GM013,1.9216557065203943,0.5203845811749146,0.05,51.39409089223875,0.0038401146297306,0.3840114629730645,11.0,6.6787792795649,True,2062,993,31.986983060836792,5.86
S050,15,3.2,48.0,3,2,6.0,5.0,18.0,10.0,180.0,0.6,0.36,0.4,0.55,0.22,0.5,18.45533882580252,14.80201624834675,4.384404010019975,13.99,4.732510288065844,0.5,4.923044536737827,29.145557494343898,GM014,1.9216557065203943,0.5203845811749146,0.05,61.291805919270594,0.0023295636106752,0.2329563610675271,3.0,5.7077788409739485,True,2916,994,42.92865562438965,5.95
S050,15,3.2,48.0,3,2,6.0,5.0,18.0,10.0,180.0,0.6,0.36,0.4,0.55,0.22,0.5,19.24086715150233,12.420394041706963,2.841465779297746,12.25,9.361702127659576,0.5,7.245419023545791,23.4819579140368,GM015,1.9216557065203943,0.5203845811749146,0.05,123.2085602201494,0.0037709693445559,0.3770969344555945,4.0,5.679263090020953,True,2350,995,36.43950963020325,5.81
S050,15,3.2,48.0,3,2,6.0,5.0,18.0,10.0,180.0,0.6,0.36,0.4,0.55,0.22,0.7,123.7595083309582,112.69968149869808,17.509930352017964,22.65,1.0585918266863614,0.7,1.0754391522554805,40.60105369611207,GM016,1.9216557065203943,0.5203845811749146,0.05,394.2498694878224,0.0110466502268331,1.1046650226833112,6.0,15.395150560351816,True,4062,996,57.04309892654419,7.46
S050,15,3.2,48.0,3,2,6.0,5.0,18.0,10.0,180.0,0.6,0.36,0.4,0.55,0.22,0.7,64.59644568791263,16.74792888475344,16.036406651915282,11.260000000000002,2.025630425795783,0.7,2.1262265800410804,24.174389942525263,GM017,1.9216557065203943,0.5203845811749146,0.05,134.93463621259798,0.0071952755336615,0.7195275533661548,11.0,16.114944424210794,True,2419,997,41.57606244087219,6.67
S050,15,3.2,48.0,3,2,6.0,5.0,18.0,10.0,180.0,0.6,0.36,0.4,0.55,0.22,0.7,30.67798559089125,26.045018761285505,14.611557120426408,16.19,3.604923798358734,0.7,3.247999378380634,34.10290486983198,GM018,1.9216557065203943,0.5203845811749146,0.05,19.928729827811704,0.001823837234894,0.1823837234894089,2.0,7.707554794832486,True,3412,998,79.30584692955017,6.79
S050,15,3.2,48.0,3,2,6.0,5.0,18.0,10.0,180.0,0.6,0.36,0.4,0.55,0.22,0.7,17.921335956137025,5.130317972579734,6.759252886649012,13.25,6.394664574342879,0.7,6.485260383358972,25.47662859177758,GM019,1.9216557065203943,0.5203845811749146,0.05,13.978182555555398,0.0007780167660331,0.0778016766033143,2.0,6.870301941072591,True,2549,999,37.56302237510681,6.09
S050,15,3.2,48.0,3,2,6.0,5.0,18.0,10.0,180.0,0.6,0.36,0.4,0.55,0.22,0.7,14.51176429983206,6.940468227237262,4.130353652872347,6.4,6.382978723404255,0.7,8.493225110568062,13.613849257253516,GM020,1.9216557065203943,0.5203845811749146,0.05,15.692892358649493,0.0005886074803651,0.0588607480365164,2.0,6.415135699529944,True,1363,1000,23.21411943435669,5.67
